op name, kernel name, exec duration (ms), global size, local size, output size
attn_norm-0,kernel_rms_norm_mul,0.008960,2048x1x1,1024x1x1,4096x2x1x1
Qcur-0,kernel_transpose_32_16,0.006144,4096x2x0,16x1x0,4096x2x1x1
Qcur-0,kernel_mul_mat_Ab_Bi_8x4,0.299008,1x1024x32,1x4x32,4096x2x1x1
Qcur-0,kernel_rope_norm_f32,0.003072,2048x2x1,64x1x1,128x32x2x1
Vcur-0,kernel_transpose_32_16,0.006144,4096x2x0,16x1x0,1024x2x1x1
Vcur-0,kernel_mul_mat_Ab_Bi_8x4,0.073984,1x256x32,1x4x32,1024x2x1x1
Kcur-0,kernel_transpose_32_16,0.006144,4096x2x0,16x1x0,1024x2x1x1
Kcur-0,kernel_mul_mat_Ab_Bi_8x4,0.073984,1x256x32,1x4x32,1024x2x1x1
Kcur-0,kernel_rope_norm_f32,0.003072,512x2x1,64x1x1,128x8x2x1
cache_k_l0 (view),kernel_set_rows_f16_i64,0.003072,2048x1x1,1024x1x1,1024x4096x1x1
cache_v_l0 (reshaped) (view),kernel_set_rows_f16_i64,0.011008,32x64x1,1x64x1,1x4194304x1x1
kq-0,kernel_mul_mat_f16_f32_l4,0.121856,16384x1x32,64x1x1,256x2x32x1
kq_soft_max-0,kernel_soft_max_4,0.005120,128x32x1,64x1x1,256x2x32x1
kqv-0,kernel_mul_mat_f16_f32_l4,0.064000,8192x1x32,64x1x1,128x2x32x1
kqv_out-0,kernel_cpy_f32_f32,0.002816,2048x2x1,64x1x1,4096x2x1x1
attn_out-0,kernel_transpose_32_16,0.006144,4096x2x0,16x1x0,4096x2x1x1
attn_out-0,kernel_mul_mat_Ab_Bi_8x4,0.263936,1x1024x32,1x4x32,4096x2x1x1
ffn_inp-0,kernel_add,0.024064,128x1x1,64x1x1,4096x2x1x1
ffn_norm-0,kernel_rms_norm_mul,0.005888,2048x1x1,1024x1x1,4096x2x1x1
ffn_gate-0,kernel_transpose_32_16,0.006144,4096x2x0,16x1x0,14336x2x1x1
ffn_gate-0,kernel_mul_mat_Ab_Bi_8x4,0.815872,1x3584x32,1x4x32,14336x2x1x1
ffn_up-0,kernel_transpose_32_16,0.006144,4096x2x0,16x1x0,14336x2x1x1
ffn_up-0,kernel_mul_mat_Ab_Bi_8x4,0.816128,1x3584x32,1x4x32,14336x2x1x1
ffn_swiglu-0,kernel_swiglu,0.012032,1024x1x1,512x1x1,14336x2x1x1
ffn_out-0,kernel_transpose_32_16,0.017152,14336x2x0,16x1x0,4096x2x1x1
ffn_out-0,kernel_mul_mat_Ab_Bi_8x4,1.069824,1x1024x32,1x4x32,4096x2x1x1
l_out-0,kernel_add,0.025088,128x1x1,64x1x1,4096x2x1x1
attn_norm-1,kernel_rms_norm_mul,0.005888,2048x1x1,1024x1x1,4096x2x1x1
Qcur-1,kernel_transpose_32_16,0.006144,4096x2x0,16x1x0,4096x2x1x1
Qcur-1,kernel_mul_mat_Ab_Bi_8x4,0.252928,1x1024x32,1x4x32,4096x2x1x1
Qcur-1,kernel_rope_norm_f32,0.003072,2048x2x1,64x1x1,128x32x2x1
Vcur-1,kernel_transpose_32_16,0.005888,4096x2x0,16x1x0,1024x2x1x1
Vcur-1,kernel_mul_mat_Ab_Bi_8x4,0.075008,1x256x32,1x4x32,1024x2x1x1
Kcur-1,kernel_transpose_32_16,0.006144,4096x2x0,16x1x0,1024x2x1x1
Kcur-1,kernel_mul_mat_Ab_Bi_8x4,0.072960,1x256x32,1x4x32,1024x2x1x1
Kcur-1,kernel_rope_norm_f32,0.002048,512x2x1,64x1x1,128x8x2x1
cache_k_l1 (view),kernel_set_rows_f16_i64,0.002816,2048x1x1,1024x1x1,1024x4096x1x1
cache_v_l1 (reshaped) (view),kernel_set_rows_f16_i64,0.009984,32x64x1,1x64x1,1x4194304x1x1
kq-1,kernel_mul_mat_f16_f32_l4,0.122112,16384x1x32,64x1x1,256x2x32x1
kq_soft_max-1,kernel_soft_max_4,0.004864,128x32x1,64x1x1,256x2x32x1
kqv-1,kernel_mul_mat_f16_f32_l4,0.064000,8192x1x32,64x1x1,128x2x32x1
kqv_out-1,kernel_cpy_f32_f32,0.003072,2048x2x1,64x1x1,4096x2x1x1
attn_out-1,kernel_transpose_32_16,0.005888,4096x2x0,16x1x0,4096x2x1x1
attn_out-1,kernel_mul_mat_Ab_Bi_8x4,0.248064,1x1024x32,1x4x32,4096x2x1x1
ffn_inp-1,kernel_add,0.024832,128x1x1,64x1x1,4096x2x1x1
ffn_norm-1,kernel_rms_norm_mul,0.006144,2048x1x1,1024x1x1,4096x2x1x1
ffn_gate-1,kernel_transpose_32_16,0.005888,4096x2x0,16x1x0,14336x2x1x1
ffn_gate-1,kernel_mul_mat_Ab_Bi_8x4,0.809984,1x3584x32,1x4x32,14336x2x1x1
ffn_up-1,kernel_transpose_32_16,0.005888,4096x2x0,16x1x0,14336x2x1x1
ffn_up-1,kernel_mul_mat_Ab_Bi_8x4,0.909056,1x3584x32,1x4x32,14336x2x1x1
ffn_swiglu-1,kernel_swiglu,0.012800,1024x1x1,512x1x1,14336x2x1x1
ffn_out-1,kernel_transpose_32_16,0.017152,14336x2x0,16x1x0,4096x2x1x1
ffn_out-1,kernel_mul_mat_Ab_Bi_8x4,1.220864,1x1024x32,1x4x32,4096x2x1x1
l_out-1,kernel_add,0.025088,128x1x1,64x1x1,4096x2x1x1
attn_norm-2,kernel_rms_norm_mul,0.005888,2048x1x1,1024x1x1,4096x2x1x1
Qcur-2,kernel_transpose_32_16,0.006144,4096x2x0,16x1x0,4096x2x1x1
Qcur-2,kernel_mul_mat_Ab_Bi_8x4,0.264192,1x1024x32,1x4x32,4096x2x1x1
Qcur-2,kernel_rope_norm_f32,0.003072,2048x2x1,64x1x1,128x32x2x1
Vcur-2,kernel_transpose_32_16,0.005888,4096x2x0,16x1x0,1024x2x1x1
Vcur-2,kernel_mul_mat_Ab_Bi_8x4,0.075008,1x256x32,1x4x32,1024x2x1x1
Kcur-2,kernel_transpose_32_16,0.006144,4096x2x0,16x1x0,1024x2x1x1
Kcur-2,kernel_mul_mat_Ab_Bi_8x4,0.069888,1x256x32,1x4x32,1024x2x1x1
Kcur-2,kernel_rope_norm_f32,0.002048,512x2x1,64x1x1,128x8x2x1
cache_k_l2 (view),kernel_set_rows_f16_i64,0.003072,2048x1x1,1024x1x1,1024x4096x1x1
cache_v_l2 (reshaped) (view),kernel_set_rows_f16_i64,0.009984,32x64x1,1x64x1,1x4194304x1x1
kq-2,kernel_mul_mat_f16_f32_l4,0.122112,16384x1x32,64x1x1,256x2x32x1
kq_soft_max-2,kernel_soft_max_4,0.004864,128x32x1,64x1x1,256x2x32x1
kqv-2,kernel_mul_mat_f16_f32_l4,0.062976,8192x1x32,64x1x1,128x2x32x1
kqv_out-2,kernel_cpy_f32_f32,0.003072,2048x2x1,64x1x1,4096x2x1x1
attn_out-2,kernel_transpose_32_16,0.005888,4096x2x0,16x1x0,4096x2x1x1
attn_out-2,kernel_mul_mat_Ab_Bi_8x4,0.244992,1x1024x32,1x4x32,4096x2x1x1
ffn_inp-2,kernel_add,0.024064,128x1x1,64x1x1,4096x2x1x1
ffn_norm-2,kernel_rms_norm_mul,0.006144,2048x1x1,1024x1x1,4096x2x1x1
ffn_gate-2,kernel_transpose_32_16,0.005888,4096x2x0,16x1x0,14336x2x1x1
ffn_gate-2,kernel_mul_mat_Ab_Bi_8x4,0.786176,1x3584x32,1x4x32,14336x2x1x1
ffn_up-2,kernel_transpose_32_16,0.006144,4096x2x0,16x1x0,14336x2x1x1
ffn_up-2,kernel_mul_mat_Ab_Bi_8x4,0.780032,1x3584x32,1x4x32,14336x2x1x1
ffn_swiglu-2,kernel_swiglu,0.012800,1024x1x1,512x1x1,14336x2x1x1
ffn_out-2,kernel_transpose_32_16,0.017152,14336x2x0,16x1x0,4096x2x1x1
ffn_out-2,kernel_mul_mat_Ab_Bi_8x4,0.996864,1x1024x32,1x4x32,4096x2x1x1
l_out-2,kernel_add,0.025088,128x1x1,64x1x1,4096x2x1x1
attn_norm-3,kernel_rms_norm_mul,0.005888,2048x1x1,1024x1x1,4096x2x1x1
Qcur-3,kernel_transpose_32_16,0.005888,4096x2x0,16x1x0,4096x2x1x1
Qcur-3,kernel_mul_mat_Ab_Bi_8x4,0.241152,1x1024x32,1x4x32,4096x2x1x1
Qcur-3,kernel_rope_norm_f32,0.003840,2048x2x1,64x1x1,128x32x2x1
Vcur-3,kernel_transpose_32_16,0.006144,4096x2x0,16x1x0,1024x2x1x1
Vcur-3,kernel_mul_mat_Ab_Bi_8x4,0.072960,1x256x32,1x4x32,1024x2x1x1
Kcur-3,kernel_transpose_32_16,0.005888,4096x2x0,16x1x0,1024x2x1x1
Kcur-3,kernel_mul_mat_Ab_Bi_8x4,0.075008,1x256x32,1x4x32,1024x2x1x1
Kcur-3,kernel_rope_norm_f32,0.001792,512x2x1,64x1x1,128x8x2x1
cache_k_l3 (view),kernel_set_rows_f16_i64,0.003072,2048x1x1,1024x1x1,1024x4096x1x1
cache_v_l3 (reshaped) (view),kernel_set_rows_f16_i64,0.009984,32x64x1,1x64x1,1x4194304x1x1
kq-3,kernel_mul_mat_f16_f32_l4,0.122112,16384x1x32,64x1x1,256x2x32x1
kq_soft_max-3,kernel_soft_max_4,0.004864,128x32x1,64x1x1,256x2x32x1
kqv-3,kernel_mul_mat_f16_f32_l4,0.064000,8192x1x32,64x1x1,128x2x32x1
kqv_out-3,kernel_cpy_f32_f32,0.003072,2048x2x1,64x1x1,4096x2x1x1
attn_out-3,kernel_transpose_32_16,0.006144,4096x2x0,16x1x0,4096x2x1x1
attn_out-3,kernel_mul_mat_Ab_Bi_8x4,0.250112,1x1024x32,1x4x32,4096x2x1x1
ffn_inp-3,kernel_add,0.025088,128x1x1,64x1x1,4096x2x1x1
ffn_norm-3,kernel_rms_norm_mul,0.005888,2048x1x1,1024x1x1,4096x2x1x1
ffn_gate-3,kernel_transpose_32_16,0.005888,4096x2x0,16x1x0,14336x2x1x1
ffn_gate-3,kernel_mul_mat_Ab_Bi_8x4,0.977152,1x3584x32,1x4x32,14336x2x1x1
ffn_up-3,kernel_transpose_32_16,0.005888,4096x2x0,16x1x0,14336x2x1x1
ffn_up-3,kernel_mul_mat_Ab_Bi_8x4,0.849920,1x3584x32,1x4x32,14336x2x1x1
ffn_swiglu-3,kernel_swiglu,0.012032,1024x1x1,512x1x1,14336x2x1x1
ffn_out-3,kernel_transpose_32_16,0.016896,14336x2x0,16x1x0,4096x2x1x1
ffn_out-3,kernel_mul_mat_Ab_Bi_8x4,1.166080,1x1024x32,1x4x32,4096x2x1x1
l_out-3,kernel_add,0.024832,128x1x1,64x1x1,4096x2x1x1
attn_norm-4,kernel_rms_norm_mul,0.006144,2048x1x1,1024x1x1,4096x2x1x1
Qcur-4,kernel_transpose_32_16,0.005888,4096x2x0,16x1x0,4096x2x1x1
Qcur-4,kernel_mul_mat_Ab_Bi_8x4,0.248064,1x1024x32,1x4x32,4096x2x1x1
Qcur-4,kernel_rope_norm_f32,0.003072,2048x2x1,64x1x1,128x32x2x1
Vcur-4,kernel_transpose_32_16,0.006144,4096x2x0,16x1x0,1024x2x1x1
Vcur-4,kernel_mul_mat_Ab_Bi_8x4,0.077056,1x256x32,1x4x32,1024x2x1x1
Kcur-4,kernel_transpose_32_16,0.006144,4096x2x0,16x1x0,1024x2x1x1
Kcur-4,kernel_mul_mat_Ab_Bi_8x4,0.073984,1x256x32,1x4x32,1024x2x1x1
Kcur-4,kernel_rope_norm_f32,0.001792,512x2x1,64x1x1,128x8x2x1
cache_k_l4 (view),kernel_set_rows_f16_i64,0.003072,2048x1x1,1024x1x1,1024x4096x1x1
cache_v_l4 (reshaped) (view),kernel_set_rows_f16_i64,0.011008,32x64x1,1x64x1,1x4194304x1x1
kq-4,kernel_mul_mat_f16_f32_l4,0.122880,16384x1x32,64x1x1,256x2x32x1
kq_soft_max-4,kernel_soft_max_4,0.003840,128x32x1,64x1x1,256x2x32x1
kqv-4,kernel_mul_mat_f16_f32_l4,0.064000,8192x1x32,64x1x1,128x2x32x1
kqv_out-4,kernel_cpy_f32_f32,0.003072,2048x2x1,64x1x1,4096x2x1x1
attn_out-4,kernel_transpose_32_16,0.005888,4096x2x0,16x1x0,4096x2x1x1
attn_out-4,kernel_mul_mat_Ab_Bi_8x4,0.260096,1x1024x32,1x4x32,4096x2x1x1
ffn_inp-4,kernel_add,0.025088,128x1x1,64x1x1,4096x2x1x1
ffn_norm-4,kernel_rms_norm_mul,0.005888,2048x1x1,1024x1x1,4096x2x1x1
ffn_gate-4,kernel_transpose_32_16,0.005888,4096x2x0,16x1x0,14336x2x1x1
ffn_gate-4,kernel_mul_mat_Ab_Bi_8x4,0.802048,1x3584x32,1x4x32,14336x2x1x1
ffn_up-4,kernel_transpose_32_16,0.005888,4096x2x0,16x1x0,14336x2x1x1
ffn_up-4,kernel_mul_mat_Ab_Bi_8x4,0.811008,1x3584x32,1x4x32,14336x2x1x1
ffn_swiglu-4,kernel_swiglu,0.012032,1024x1x1,512x1x1,14336x2x1x1
ffn_out-4,kernel_transpose_32_16,0.016896,14336x2x0,16x1x0,4096x2x1x1
ffn_out-4,kernel_mul_mat_Ab_Bi_8x4,0.954112,1x1024x32,1x4x32,4096x2x1x1
l_out-4,kernel_add,0.024832,128x1x1,64x1x1,4096x2x1x1
attn_norm-5,kernel_rms_norm_mul,0.006144,2048x1x1,1024x1x1,4096x2x1x1
Qcur-5,kernel_transpose_32_16,0.006144,4096x2x0,16x1x0,4096x2x1x1
Qcur-5,kernel_mul_mat_Ab_Bi_8x4,0.252928,1x1024x32,1x4x32,4096x2x1x1
Qcur-5,kernel_rope_norm_f32,0.002816,2048x2x1,64x1x1,128x32x2x1
Vcur-5,kernel_transpose_32_16,0.006144,4096x2x0,16x1x0,1024x2x1x1
Vcur-5,kernel_mul_mat_Ab_Bi_8x4,0.075008,1x256x32,1x4x32,1024x2x1x1
Kcur-5,kernel_transpose_32_16,0.005888,4096x2x0,16x1x0,1024x2x1x1
Kcur-5,kernel_mul_mat_Ab_Bi_8x4,0.073984,1x256x32,1x4x32,1024x2x1x1
Kcur-5,kernel_rope_norm_f32,0.002048,512x2x1,64x1x1,128x8x2x1
cache_k_l5 (view),kernel_set_rows_f16_i64,0.003072,2048x1x1,1024x1x1,1024x4096x1x1
cache_v_l5 (reshaped) (view),kernel_set_rows_f16_i64,0.008960,32x64x1,1x64x1,1x4194304x1x1
kq-5,kernel_mul_mat_f16_f32_l4,0.122112,16384x1x32,64x1x1,256x2x32x1
kq_soft_max-5,kernel_soft_max_4,0.005120,128x32x1,64x1x1,256x2x32x1
kqv-5,kernel_mul_mat_f16_f32_l4,0.064000,8192x1x32,64x1x1,128x2x32x1
kqv_out-5,kernel_cpy_f32_f32,0.003072,2048x2x1,64x1x1,4096x2x1x1
attn_out-5,kernel_transpose_32_16,0.005888,4096x2x0,16x1x0,4096x2x1x1
attn_out-5,kernel_mul_mat_Ab_Bi_8x4,0.263936,1x1024x32,1x4x32,4096x2x1x1
ffn_inp-5,kernel_add,0.025088,128x1x1,64x1x1,4096x2x1x1
ffn_norm-5,kernel_rms_norm_mul,0.005888,2048x1x1,1024x1x1,4096x2x1x1
ffn_gate-5,kernel_transpose_32_16,0.005888,4096x2x0,16x1x0,14336x2x1x1
ffn_gate-5,kernel_mul_mat_Ab_Bi_8x4,0.795136,1x3584x32,1x4x32,14336x2x1x1
ffn_up-5,kernel_transpose_32_16,0.005888,4096x2x0,16x1x0,14336x2x1x1
ffn_up-5,kernel_mul_mat_Ab_Bi_8x4,0.854016,1x3584x32,1x4x32,14336x2x1x1
ffn_swiglu-5,kernel_swiglu,0.013056,1024x1x1,512x1x1,14336x2x1x1
ffn_out-5,kernel_transpose_32_16,0.016896,14336x2x0,16x1x0,4096x2x1x1
ffn_out-5,kernel_mul_mat_Ab_Bi_8x4,1.092096,1x1024x32,1x4x32,4096x2x1x1
l_out-5,kernel_add,0.025088,128x1x1,64x1x1,4096x2x1x1
attn_norm-6,kernel_rms_norm_mul,0.005888,2048x1x1,1024x1x1,4096x2x1x1
Qcur-6,kernel_transpose_32_16,0.005888,4096x2x0,16x1x0,4096x2x1x1
Qcur-6,kernel_mul_mat_Ab_Bi_8x4,0.249088,1x1024x32,1x4x32,4096x2x1x1
Qcur-6,kernel_rope_norm_f32,0.003072,2048x2x1,64x1x1,128x32x2x1
Vcur-6,kernel_transpose_32_16,0.005888,4096x2x0,16x1x0,1024x2x1x1
Vcur-6,kernel_mul_mat_Ab_Bi_8x4,0.071936,1x256x32,1x4x32,1024x2x1x1
Kcur-6,kernel_transpose_32_16,0.005888,4096x2x0,16x1x0,1024x2x1x1
Kcur-6,kernel_mul_mat_Ab_Bi_8x4,0.071936,1x256x32,1x4x32,1024x2x1x1
Kcur-6,kernel_rope_norm_f32,0.002048,512x2x1,64x1x1,128x8x2x1
cache_k_l6 (view),kernel_set_rows_f16_i64,0.003072,2048x1x1,1024x1x1,1024x4096x1x1
cache_v_l6 (reshaped) (view),kernel_set_rows_f16_i64,0.009984,32x64x1,1x64x1,1x4194304x1x1
kq-6,kernel_mul_mat_f16_f32_l4,0.121856,16384x1x32,64x1x1,256x2x32x1
kq_soft_max-6,kernel_soft_max_4,0.005120,128x32x1,64x1x1,256x2x32x1
kqv-6,kernel_mul_mat_f16_f32_l4,0.064000,8192x1x32,64x1x1,128x2x32x1
kqv_out-6,kernel_cpy_f32_f32,0.003072,2048x2x1,64x1x1,4096x2x1x1
attn_out-6,kernel_transpose_32_16,0.005888,4096x2x0,16x1x0,4096x2x1x1
attn_out-6,kernel_mul_mat_Ab_Bi_8x4,0.250112,1x1024x32,1x4x32,4096x2x1x1
ffn_inp-6,kernel_add,0.024832,128x1x1,64x1x1,4096x2x1x1
ffn_norm-6,kernel_rms_norm_mul,0.006144,2048x1x1,1024x1x1,4096x2x1x1
ffn_gate-6,kernel_transpose_32_16,0.005888,4096x2x0,16x1x0,14336x2x1x1
ffn_gate-6,kernel_mul_mat_Ab_Bi_8x4,0.781056,1x3584x32,1x4x32,14336x2x1x1
ffn_up-6,kernel_transpose_32_16,0.005888,4096x2x0,16x1x0,14336x2x1x1
ffn_up-6,kernel_mul_mat_Ab_Bi_8x4,0.784896,1x3584x32,1x4x32,14336x2x1x1
ffn_swiglu-6,kernel_swiglu,0.013056,1024x1x1,512x1x1,14336x2x1x1
ffn_out-6,kernel_transpose_32_16,0.016896,14336x2x0,16x1x0,4096x2x1x1
ffn_out-6,kernel_mul_mat_Ab_Bi_8x4,1.133056,1x1024x32,1x4x32,4096x2x1x1
l_out-6,kernel_add,0.025088,128x1x1,64x1x1,4096x2x1x1
attn_norm-7,kernel_rms_norm_mul,0.005888,2048x1x1,1024x1x1,4096x2x1x1
Qcur-7,kernel_transpose_32_16,0.006144,4096x2x0,16x1x0,4096x2x1x1
Qcur-7,kernel_mul_mat_Ab_Bi_8x4,0.260864,1x1024x32,1x4x32,4096x2x1x1
Qcur-7,kernel_rope_norm_f32,0.003840,2048x2x1,64x1x1,128x32x2x1
Vcur-7,kernel_transpose_32_16,0.006144,4096x2x0,16x1x0,1024x2x1x1
Vcur-7,kernel_mul_mat_Ab_Bi_8x4,0.073984,1x256x32,1x4x32,1024x2x1x1
Kcur-7,kernel_transpose_32_16,0.005888,4096x2x0,16x1x0,1024x2x1x1
Kcur-7,kernel_mul_mat_Ab_Bi_8x4,0.072960,1x256x32,1x4x32,1024x2x1x1
Kcur-7,kernel_rope_norm_f32,0.002048,512x2x1,64x1x1,128x8x2x1
cache_k_l7 (view),kernel_set_rows_f16_i64,0.003072,2048x1x1,1024x1x1,1024x4096x1x1
cache_v_l7 (reshaped) (view),kernel_set_rows_f16_i64,0.009984,32x64x1,1x64x1,1x4194304x1x1
kq-7,kernel_mul_mat_f16_f32_l4,0.122112,16384x1x32,64x1x1,256x2x32x1
kq_soft_max-7,kernel_soft_max_4,0.004864,128x32x1,64x1x1,256x2x32x1
kqv-7,kernel_mul_mat_f16_f32_l4,0.062976,8192x1x32,64x1x1,128x2x32x1
kqv_out-7,kernel_cpy_f32_f32,0.003072,2048x2x1,64x1x1,4096x2x1x1
attn_out-7,kernel_transpose_32_16,0.005888,4096x2x0,16x1x0,4096x2x1x1
attn_out-7,kernel_mul_mat_Ab_Bi_8x4,0.257024,1x1024x32,1x4x32,4096x2x1x1
ffn_inp-7,kernel_add,0.025088,128x1x1,64x1x1,4096x2x1x1
ffn_norm-7,kernel_rms_norm_mul,0.005888,2048x1x1,1024x1x1,4096x2x1x1
ffn_gate-7,kernel_transpose_32_16,0.005888,4096x2x0,16x1x0,14336x2x1x1
ffn_gate-7,kernel_mul_mat_Ab_Bi_8x4,0.776960,1x3584x32,1x4x32,14336x2x1x1
ffn_up-7,kernel_transpose_32_16,0.006144,4096x2x0,16x1x0,14336x2x1x1
ffn_up-7,kernel_mul_mat_Ab_Bi_8x4,0.795904,1x3584x32,1x4x32,14336x2x1x1
ffn_swiglu-7,kernel_swiglu,0.012032,1024x1x1,512x1x1,14336x2x1x1
ffn_out-7,kernel_transpose_32_16,0.016896,14336x2x0,16x1x0,4096x2x1x1
ffn_out-7,kernel_mul_mat_Ab_Bi_8x4,1.043968,1x1024x32,1x4x32,4096x2x1x1
l_out-7,kernel_add,0.025088,128x1x1,64x1x1,4096x2x1x1
attn_norm-8,kernel_rms_norm_mul,0.006144,2048x1x1,1024x1x1,4096x2x1x1
Qcur-8,kernel_transpose_32_16,0.005888,4096x2x0,16x1x0,4096x2x1x1
Qcur-8,kernel_mul_mat_Ab_Bi_8x4,0.273920,1x1024x32,1x4x32,4096x2x1x1
Qcur-8,kernel_rope_norm_f32,0.003072,2048x2x1,64x1x1,128x32x2x1
Vcur-8,kernel_transpose_32_16,0.005888,4096x2x0,16x1x0,1024x2x1x1
Vcur-8,kernel_mul_mat_Ab_Bi_8x4,0.073984,1x256x32,1x4x32,1024x2x1x1
Kcur-8,kernel_transpose_32_16,0.006144,4096x2x0,16x1x0,1024x2x1x1
Kcur-8,kernel_mul_mat_Ab_Bi_8x4,0.072960,1x256x32,1x4x32,1024x2x1x1
Kcur-8,kernel_rope_norm_f32,0.002816,512x2x1,64x1x1,128x8x2x1
cache_k_l8 (view),kernel_set_rows_f16_i64,0.003072,2048x1x1,1024x1x1,1024x4096x1x1
cache_v_l8 (reshaped) (view),kernel_set_rows_f16_i64,0.011008,32x64x1,1x64x1,1x4194304x1x1
kq-8,kernel_mul_mat_f16_f32_l4,0.121856,16384x1x32,64x1x1,256x2x32x1
kq_soft_max-8,kernel_soft_max_4,0.005120,128x32x1,64x1x1,256x2x32x1
kqv-8,kernel_mul_mat_f16_f32_l4,0.062976,8192x1x32,64x1x1,128x2x32x1
kqv_out-8,kernel_cpy_f32_f32,0.002816,2048x2x1,64x1x1,4096x2x1x1
attn_out-8,kernel_transpose_32_16,0.006144,4096x2x0,16x1x0,4096x2x1x1
attn_out-8,kernel_mul_mat_Ab_Bi_8x4,0.258048,1x1024x32,1x4x32,4096x2x1x1
ffn_inp-8,kernel_add,0.025088,128x1x1,64x1x1,4096x2x1x1
ffn_norm-8,kernel_rms_norm_mul,0.005888,2048x1x1,1024x1x1,4096x2x1x1
ffn_gate-8,kernel_transpose_32_16,0.005888,4096x2x0,16x1x0,14336x2x1x1
ffn_gate-8,kernel_mul_mat_Ab_Bi_8x4,0.801024,1x3584x32,1x4x32,14336x2x1x1
ffn_up-8,kernel_transpose_32_16,0.006144,4096x2x0,16x1x0,14336x2x1x1
ffn_up-8,kernel_mul_mat_Ab_Bi_8x4,0.794112,1x3584x32,1x4x32,14336x2x1x1
ffn_swiglu-8,kernel_swiglu,0.013056,1024x1x1,512x1x1,14336x2x1x1
ffn_out-8,kernel_transpose_32_16,0.017152,14336x2x0,16x1x0,4096x2x1x1
ffn_out-8,kernel_mul_mat_Ab_Bi_8x4,1.229824,1x1024x32,1x4x32,4096x2x1x1
l_out-8,kernel_add,0.025088,128x1x1,64x1x1,4096x2x1x1
attn_norm-9,kernel_rms_norm_mul,0.005888,2048x1x1,1024x1x1,4096x2x1x1
Qcur-9,kernel_transpose_32_16,0.006144,4096x2x0,16x1x0,4096x2x1x1
Qcur-9,kernel_mul_mat_Ab_Bi_8x4,0.252160,1x1024x32,1x4x32,4096x2x1x1
Qcur-9,kernel_rope_norm_f32,0.003072,2048x2x1,64x1x1,128x32x2x1
Vcur-9,kernel_transpose_32_16,0.006144,4096x2x0,16x1x0,1024x2x1x1
Vcur-9,kernel_mul_mat_Ab_Bi_8x4,0.074240,1x256x32,1x4x32,1024x2x1x1
Kcur-9,kernel_transpose_32_16,0.005888,4096x2x0,16x1x0,1024x2x1x1
Kcur-9,kernel_mul_mat_Ab_Bi_8x4,0.071936,1x256x32,1x4x32,1024x2x1x1
Kcur-9,kernel_rope_norm_f32,0.002048,512x2x1,64x1x1,128x8x2x1
cache_k_l9 (view),kernel_set_rows_f16_i64,0.002816,2048x1x1,1024x1x1,1024x4096x1x1
cache_v_l9 (reshaped) (view),kernel_set_rows_f16_i64,0.009984,32x64x1,1x64x1,1x4194304x1x1
kq-9,kernel_mul_mat_f16_f32_l4,0.123136,16384x1x32,64x1x1,256x2x32x1
kq_soft_max-9,kernel_soft_max_4,0.004864,128x32x1,64x1x1,256x2x32x1
kqv-9,kernel_mul_mat_f16_f32_l4,0.064000,8192x1x32,64x1x1,128x2x32x1
kqv_out-9,kernel_cpy_f32_f32,0.003072,2048x2x1,64x1x1,4096x2x1x1
attn_out-9,kernel_transpose_32_16,0.006144,4096x2x0,16x1x0,4096x2x1x1
attn_out-9,kernel_mul_mat_Ab_Bi_8x4,0.253952,1x1024x32,1x4x32,4096x2x1x1
ffn_inp-9,kernel_add,0.025088,128x1x1,64x1x1,4096x2x1x1
ffn_norm-9,kernel_rms_norm_mul,0.005888,2048x1x1,1024x1x1,4096x2x1x1
ffn_gate-9,kernel_transpose_32_16,0.005888,4096x2x0,16x1x0,14336x2x1x1
ffn_gate-9,kernel_mul_mat_Ab_Bi_8x4,0.781056,1x3584x32,1x4x32,14336x2x1x1
ffn_up-9,kernel_transpose_32_16,0.005888,4096x2x0,16x1x0,14336x2x1x1
ffn_up-9,kernel_mul_mat_Ab_Bi_8x4,0.804096,1x3584x32,1x4x32,14336x2x1x1
ffn_swiglu-9,kernel_swiglu,0.012032,1024x1x1,512x1x1,14336x2x1x1
ffn_out-9,kernel_transpose_32_16,0.017152,14336x2x0,16x1x0,4096x2x1x1
ffn_out-9,kernel_mul_mat_Ab_Bi_8x4,1.216000,1x1024x32,1x4x32,4096x2x1x1
l_out-9,kernel_add,0.024832,128x1x1,64x1x1,4096x2x1x1
attn_norm-10,kernel_rms_norm_mul,0.006144,2048x1x1,1024x1x1,4096x2x1x1
Qcur-10,kernel_transpose_32_16,0.005888,4096x2x0,16x1x0,4096x2x1x1
Qcur-10,kernel_mul_mat_Ab_Bi_8x4,0.249856,1x1024x32,1x4x32,4096x2x1x1
Qcur-10,kernel_rope_norm_f32,0.003072,2048x2x1,64x1x1,128x32x2x1
Vcur-10,kernel_transpose_32_16,0.005888,4096x2x0,16x1x0,1024x2x1x1
Vcur-10,kernel_mul_mat_Ab_Bi_8x4,0.072192,1x256x32,1x4x32,1024x2x1x1
Kcur-10,kernel_transpose_32_16,0.005888,4096x2x0,16x1x0,1024x2x1x1
Kcur-10,kernel_mul_mat_Ab_Bi_8x4,0.070912,1x256x32,1x4x32,1024x2x1x1
Kcur-10,kernel_rope_norm_f32,0.002048,512x2x1,64x1x1,128x8x2x1
cache_k_l10 (view),kernel_set_rows_f16_i64,0.003072,2048x1x1,1024x1x1,1024x4096x1x1
cache_v_l10 (reshaped) (view),kernel_set_rows_f16_i64,0.009984,32x64x1,1x64x1,1x4194304x1x1
kq-10,kernel_mul_mat_f16_f32_l4,0.123136,16384x1x32,64x1x1,256x2x32x1
kq_soft_max-10,kernel_soft_max_4,0.004864,128x32x1,64x1x1,256x2x32x1
kqv-10,kernel_mul_mat_f16_f32_l4,0.064000,8192x1x32,64x1x1,128x2x32x1
kqv_out-10,kernel_cpy_f32_f32,0.003072,2048x2x1,64x1x1,4096x2x1x1
attn_out-10,kernel_transpose_32_16,0.005888,4096x2x0,16x1x0,4096x2x1x1
attn_out-10,kernel_mul_mat_Ab_Bi_8x4,0.253952,1x1024x32,1x4x32,4096x2x1x1
ffn_inp-10,kernel_add,0.025088,128x1x1,64x1x1,4096x2x1x1
ffn_norm-10,kernel_rms_norm_mul,0.005888,2048x1x1,1024x1x1,4096x2x1x1
ffn_gate-10,kernel_transpose_32_16,0.005888,4096x2x0,16x1x0,14336x2x1x1
ffn_gate-10,kernel_mul_mat_Ab_Bi_8x4,0.779008,1x3584x32,1x4x32,14336x2x1x1
ffn_up-10,kernel_transpose_32_16,0.006144,4096x2x0,16x1x0,14336x2x1x1
ffn_up-10,kernel_mul_mat_Ab_Bi_8x4,0.872960,1x3584x32,1x4x32,14336x2x1x1
ffn_swiglu-10,kernel_swiglu,0.012032,1024x1x1,512x1x1,14336x2x1x1
ffn_out-10,kernel_transpose_32_16,0.016896,14336x2x0,16x1x0,4096x2x1x1
ffn_out-10,kernel_mul_mat_Ab_Bi_8x4,1.049088,1x1024x32,1x4x32,4096x2x1x1
l_out-10,kernel_add,0.025088,128x1x1,64x1x1,4096x2x1x1
attn_norm-11,kernel_rms_norm_mul,0.005888,2048x1x1,1024x1x1,4096x2x1x1
Qcur-11,kernel_transpose_32_16,0.006144,4096x2x0,16x1x0,4096x2x1x1
Qcur-11,kernel_mul_mat_Ab_Bi_8x4,0.256768,1x1024x32,1x4x32,4096x2x1x1
Qcur-11,kernel_rope_norm_f32,0.003072,2048x2x1,64x1x1,128x32x2x1
Vcur-11,kernel_transpose_32_16,0.005888,4096x2x0,16x1x0,1024x2x1x1
Vcur-11,kernel_mul_mat_Ab_Bi_8x4,0.072192,1x256x32,1x4x32,1024x2x1x1
Kcur-11,kernel_transpose_32_16,0.005888,4096x2x0,16x1x0,1024x2x1x1
Kcur-11,kernel_mul_mat_Ab_Bi_8x4,0.071936,1x256x32,1x4x32,1024x2x1x1
Kcur-11,kernel_rope_norm_f32,0.002048,512x2x1,64x1x1,128x8x2x1
cache_k_l11 (view),kernel_set_rows_f16_i64,0.002816,2048x1x1,1024x1x1,1024x4096x1x1
cache_v_l11 (reshaped) (view),kernel_set_rows_f16_i64,0.009984,32x64x1,1x64x1,1x4194304x1x1
kq-11,kernel_mul_mat_f16_f32_l4,0.122112,16384x1x32,64x1x1,256x2x32x1
kq_soft_max-11,kernel_soft_max_4,0.004864,128x32x1,64x1x1,256x2x32x1
kqv-11,kernel_mul_mat_f16_f32_l4,0.062976,8192x1x32,64x1x1,128x2x32x1
kqv_out-11,kernel_cpy_f32_f32,0.003072,2048x2x1,64x1x1,4096x2x1x1
attn_out-11,kernel_transpose_32_16,0.006144,4096x2x0,16x1x0,4096x2x1x1
attn_out-11,kernel_mul_mat_Ab_Bi_8x4,0.246784,1x1024x32,1x4x32,4096x2x1x1
ffn_inp-11,kernel_add,0.024064,128x1x1,64x1x1,4096x2x1x1
ffn_norm-11,kernel_rms_norm_mul,0.006144,2048x1x1,1024x1x1,4096x2x1x1
ffn_gate-11,kernel_transpose_32_16,0.005888,4096x2x0,16x1x0,14336x2x1x1
ffn_gate-11,kernel_mul_mat_Ab_Bi_8x4,0.780032,1x3584x32,1x4x32,14336x2x1x1
ffn_up-11,kernel_transpose_32_16,0.005888,4096x2x0,16x1x0,14336x2x1x1
ffn_up-11,kernel_mul_mat_Ab_Bi_8x4,0.823040,1x3584x32,1x4x32,14336x2x1x1
ffn_swiglu-11,kernel_swiglu,0.012800,1024x1x1,512x1x1,14336x2x1x1
ffn_out-11,kernel_transpose_32_16,0.017152,14336x2x0,16x1x0,4096x2x1x1
ffn_out-11,kernel_mul_mat_Ab_Bi_8x4,1.131008,1x1024x32,1x4x32,4096x2x1x1
l_out-11,kernel_add,0.023808,128x1x1,64x1x1,4096x2x1x1
attn_norm-12,kernel_rms_norm_mul,0.006144,2048x1x1,1024x1x1,4096x2x1x1
Qcur-12,kernel_transpose_32_16,0.005888,4096x2x0,16x1x0,4096x2x1x1
Qcur-12,kernel_mul_mat_Ab_Bi_8x4,0.253952,1x1024x32,1x4x32,4096x2x1x1
Qcur-12,kernel_rope_norm_f32,0.004096,2048x2x1,64x1x1,128x32x2x1
Vcur-12,kernel_transpose_32_16,0.006144,4096x2x0,16x1x0,1024x2x1x1
Vcur-12,kernel_mul_mat_Ab_Bi_8x4,0.071936,1x256x32,1x4x32,1024x2x1x1
Kcur-12,kernel_transpose_32_16,0.005888,4096x2x0,16x1x0,1024x2x1x1
Kcur-12,kernel_mul_mat_Ab_Bi_8x4,0.071168,1x256x32,1x4x32,1024x2x1x1
Kcur-12,kernel_rope_norm_f32,0.001792,512x2x1,64x1x1,128x8x2x1
cache_k_l12 (view),kernel_set_rows_f16_i64,0.003072,2048x1x1,1024x1x1,1024x4096x1x1
cache_v_l12 (reshaped) (view),kernel_set_rows_f16_i64,0.009984,32x64x1,1x64x1,1x4194304x1x1
kq-12,kernel_mul_mat_f16_f32_l4,0.121856,16384x1x32,64x1x1,256x2x32x1
kq_soft_max-12,kernel_soft_max_4,0.004096,128x32x1,64x1x1,256x2x32x1
kqv-12,kernel_mul_mat_f16_f32_l4,0.063232,8192x1x32,64x1x1,128x2x32x1
kqv_out-12,kernel_cpy_f32_f32,0.003072,2048x2x1,64x1x1,4096x2x1x1
attn_out-12,kernel_transpose_32_16,0.005888,4096x2x0,16x1x0,4096x2x1x1
attn_out-12,kernel_mul_mat_Ab_Bi_8x4,0.253184,1x1024x32,1x4x32,4096x2x1x1
ffn_inp-12,kernel_add,0.024832,128x1x1,64x1x1,4096x2x1x1
ffn_norm-12,kernel_rms_norm_mul,0.006144,2048x1x1,1024x1x1,4096x2x1x1
ffn_gate-12,kernel_transpose_32_16,0.005888,4096x2x0,16x1x0,14336x2x1x1
ffn_gate-12,kernel_mul_mat_Ab_Bi_8x4,0.923904,1x3584x32,1x4x32,14336x2x1x1
ffn_up-12,kernel_transpose_32_16,0.005888,4096x2x0,16x1x0,14336x2x1x1
ffn_up-12,kernel_mul_mat_Ab_Bi_8x4,0.896000,1x3584x32,1x4x32,14336x2x1x1
ffn_swiglu-12,kernel_swiglu,0.012032,1024x1x1,512x1x1,14336x2x1x1
ffn_out-12,kernel_transpose_32_16,0.016896,14336x2x0,16x1x0,4096x2x1x1
ffn_out-12,kernel_mul_mat_Ab_Bi_8x4,1.103104,1x1024x32,1x4x32,4096x2x1x1
l_out-12,kernel_add,0.024832,128x1x1,64x1x1,4096x2x1x1
attn_norm-13,kernel_rms_norm_mul,0.006144,2048x1x1,1024x1x1,4096x2x1x1
Qcur-13,kernel_transpose_32_16,0.006144,4096x2x0,16x1x0,4096x2x1x1
Qcur-13,kernel_mul_mat_Ab_Bi_8x4,0.254976,1x1024x32,1x4x32,4096x2x1x1
Qcur-13,kernel_rope_norm_f32,0.003072,2048x2x1,64x1x1,128x32x2x1
Vcur-13,kernel_transpose_32_16,0.005888,4096x2x0,16x1x0,1024x2x1x1
Vcur-13,kernel_mul_mat_Ab_Bi_8x4,0.072960,1x256x32,1x4x32,1024x2x1x1
Kcur-13,kernel_transpose_32_16,0.005888,4096x2x0,16x1x0,1024x2x1x1
Kcur-13,kernel_mul_mat_Ab_Bi_8x4,0.071168,1x256x32,1x4x32,1024x2x1x1
Kcur-13,kernel_rope_norm_f32,0.002048,512x2x1,64x1x1,128x8x2x1
cache_k_l13 (view),kernel_set_rows_f16_i64,0.003072,2048x1x1,1024x1x1,1024x4096x1x1
cache_v_l13 (reshaped) (view),kernel_set_rows_f16_i64,0.009984,32x64x1,1x64x1,1x4194304x1x1
kq-13,kernel_mul_mat_f16_f32_l4,0.121856,16384x1x32,64x1x1,256x2x32x1
kq_soft_max-13,kernel_soft_max_4,0.005120,128x32x1,64x1x1,256x2x32x1
kqv-13,kernel_mul_mat_f16_f32_l4,0.064000,8192x1x32,64x1x1,128x2x32x1
kqv_out-13,kernel_cpy_f32_f32,0.002816,2048x2x1,64x1x1,4096x2x1x1
attn_out-13,kernel_transpose_32_16,0.006144,4096x2x0,16x1x0,4096x2x1x1
attn_out-13,kernel_mul_mat_Ab_Bi_8x4,0.263936,1x1024x32,1x4x32,4096x2x1x1
ffn_inp-13,kernel_add,0.024832,128x1x1,64x1x1,4096x2x1x1
ffn_norm-13,kernel_rms_norm_mul,0.006144,2048x1x1,1024x1x1,4096x2x1x1
ffn_gate-13,kernel_transpose_32_16,0.005888,4096x2x0,16x1x0,14336x2x1x1
ffn_gate-13,kernel_mul_mat_Ab_Bi_8x4,0.784128,1x3584x32,1x4x32,14336x2x1x1
ffn_up-13,kernel_transpose_32_16,0.006144,4096x2x0,16x1x0,14336x2x1x1
ffn_up-13,kernel_mul_mat_Ab_Bi_8x4,0.802048,1x3584x32,1x4x32,14336x2x1x1
ffn_swiglu-13,kernel_swiglu,0.012032,1024x1x1,512x1x1,14336x2x1x1
ffn_out-13,kernel_transpose_32_16,0.017152,14336x2x0,16x1x0,4096x2x1x1
ffn_out-13,kernel_mul_mat_Ab_Bi_8x4,1.222912,1x1024x32,1x4x32,4096x2x1x1
l_out-13,kernel_add,0.025088,128x1x1,64x1x1,4096x2x1x1
attn_norm-14,kernel_rms_norm_mul,0.005888,2048x1x1,1024x1x1,4096x2x1x1
Qcur-14,kernel_transpose_32_16,0.006144,4096x2x0,16x1x0,4096x2x1x1
Qcur-14,kernel_mul_mat_Ab_Bi_8x4,0.244992,1x1024x32,1x4x32,4096x2x1x1
Qcur-14,kernel_rope_norm_f32,0.002816,2048x2x1,64x1x1,128x32x2x1
Vcur-14,kernel_transpose_32_16,0.006144,4096x2x0,16x1x0,1024x2x1x1
Vcur-14,kernel_mul_mat_Ab_Bi_8x4,0.071936,1x256x32,1x4x32,1024x2x1x1
Kcur-14,kernel_transpose_32_16,0.005888,4096x2x0,16x1x0,1024x2x1x1
Kcur-14,kernel_mul_mat_Ab_Bi_8x4,0.071936,1x256x32,1x4x32,1024x2x1x1
Kcur-14,kernel_rope_norm_f32,0.002048,512x2x1,64x1x1,128x8x2x1
cache_k_l14 (view),kernel_set_rows_f16_i64,0.003072,2048x1x1,1024x1x1,1024x4096x1x1
cache_v_l14 (reshaped) (view),kernel_set_rows_f16_i64,0.009984,32x64x1,1x64x1,1x4194304x1x1
kq-14,kernel_mul_mat_f16_f32_l4,0.121856,16384x1x32,64x1x1,256x2x32x1
kq_soft_max-14,kernel_soft_max_4,0.005120,128x32x1,64x1x1,256x2x32x1
kqv-14,kernel_mul_mat_f16_f32_l4,0.062976,8192x1x32,64x1x1,128x2x32x1
kqv_out-14,kernel_cpy_f32_f32,0.003072,2048x2x1,64x1x1,4096x2x1x1
attn_out-14,kernel_transpose_32_16,0.005888,4096x2x0,16x1x0,4096x2x1x1
attn_out-14,kernel_mul_mat_Ab_Bi_8x4,0.254976,1x1024x32,1x4x32,4096x2x1x1
ffn_inp-14,kernel_add,0.024064,128x1x1,64x1x1,4096x2x1x1
ffn_norm-14,kernel_rms_norm_mul,0.005888,2048x1x1,1024x1x1,4096x2x1x1
ffn_gate-14,kernel_transpose_32_16,0.006144,4096x2x0,16x1x0,14336x2x1x1
ffn_gate-14,kernel_mul_mat_Ab_Bi_8x4,0.899840,1x3584x32,1x4x32,14336x2x1x1
ffn_up-14,kernel_transpose_32_16,0.006144,4096x2x0,16x1x0,14336x2x1x1
ffn_up-14,kernel_mul_mat_Ab_Bi_8x4,0.801024,1x3584x32,1x4x32,14336x2x1x1
ffn_swiglu-14,kernel_swiglu,0.012032,1024x1x1,512x1x1,14336x2x1x1
ffn_out-14,kernel_transpose_32_16,0.016896,14336x2x0,16x1x0,4096x2x1x1
ffn_out-14,kernel_mul_mat_Ab_Bi_8x4,1.058048,1x1024x32,1x4x32,4096x2x1x1
l_out-14,kernel_add,0.024832,128x1x1,64x1x1,4096x2x1x1
attn_norm-15,kernel_rms_norm_mul,0.006144,2048x1x1,1024x1x1,4096x2x1x1
Qcur-15,kernel_transpose_32_16,0.005888,4096x2x0,16x1x0,4096x2x1x1
Qcur-15,kernel_mul_mat_Ab_Bi_8x4,0.233984,1x1024x32,1x4x32,4096x2x1x1
Qcur-15,kernel_rope_norm_f32,0.003840,2048x2x1,64x1x1,128x32x2x1
Vcur-15,kernel_transpose_32_16,0.006144,4096x2x0,16x1x0,1024x2x1x1
Vcur-15,kernel_mul_mat_Ab_Bi_8x4,0.070912,1x256x32,1x4x32,1024x2x1x1
Kcur-15,kernel_transpose_32_16,0.006144,4096x2x0,16x1x0,1024x2x1x1
Kcur-15,kernel_mul_mat_Ab_Bi_8x4,0.070912,1x256x32,1x4x32,1024x2x1x1
Kcur-15,kernel_rope_norm_f32,0.002048,512x2x1,64x1x1,128x8x2x1
cache_k_l15 (view),kernel_set_rows_f16_i64,0.002816,2048x1x1,1024x1x1,1024x4096x1x1
cache_v_l15 (reshaped) (view),kernel_set_rows_f16_i64,0.008960,32x64x1,1x64x1,1x4194304x1x1
kq-15,kernel_mul_mat_f16_f32_l4,0.121856,16384x1x32,64x1x1,256x2x32x1
kq_soft_max-15,kernel_soft_max_4,0.005120,128x32x1,64x1x1,256x2x32x1
kqv-15,kernel_mul_mat_f16_f32_l4,0.062976,8192x1x32,64x1x1,128x2x32x1
kqv_out-15,kernel_cpy_f32_f32,0.002816,2048x2x1,64x1x1,4096x2x1x1
attn_out-15,kernel_transpose_32_16,0.006144,4096x2x0,16x1x0,4096x2x1x1
attn_out-15,kernel_mul_mat_Ab_Bi_8x4,0.241920,1x1024x32,1x4x32,4096x2x1x1
ffn_inp-15,kernel_add,0.025088,128x1x1,64x1x1,4096x2x1x1
ffn_norm-15,kernel_rms_norm_mul,0.005888,2048x1x1,1024x1x1,4096x2x1x1
ffn_gate-15,kernel_transpose_32_16,0.005888,4096x2x0,16x1x0,14336x2x1x1
ffn_gate-15,kernel_mul_mat_Ab_Bi_8x4,0.797952,1x3584x32,1x4x32,14336x2x1x1
ffn_up-15,kernel_transpose_32_16,0.006144,4096x2x0,16x1x0,14336x2x1x1
ffn_up-15,kernel_mul_mat_Ab_Bi_8x4,0.790016,1x3584x32,1x4x32,14336x2x1x1
ffn_swiglu-15,kernel_swiglu,0.011776,1024x1x1,512x1x1,14336x2x1x1
ffn_out-15,kernel_transpose_32_16,0.017152,14336x2x0,16x1x0,4096x2x1x1
ffn_out-15,kernel_mul_mat_Ab_Bi_8x4,0.996864,1x1024x32,1x4x32,4096x2x1x1
l_out-15,kernel_add,0.025088,128x1x1,64x1x1,4096x2x1x1
attn_norm-16,kernel_rms_norm_mul,0.006144,2048x1x1,1024x1x1,4096x2x1x1
Qcur-16,kernel_transpose_32_16,0.005888,4096x2x0,16x1x0,4096x2x1x1
Qcur-16,kernel_mul_mat_Ab_Bi_8x4,0.240128,1x1024x32,1x4x32,4096x2x1x1
Qcur-16,kernel_rope_norm_f32,0.003072,2048x2x1,64x1x1,128x32x2x1
Vcur-16,kernel_transpose_32_16,0.006144,4096x2x0,16x1x0,1024x2x1x1
Vcur-16,kernel_mul_mat_Ab_Bi_8x4,0.076032,1x256x32,1x4x32,1024x2x1x1
Kcur-16,kernel_transpose_32_16,0.006144,4096x2x0,16x1x0,1024x2x1x1
Kcur-16,kernel_mul_mat_Ab_Bi_8x4,0.073984,1x256x32,1x4x32,1024x2x1x1
Kcur-16,kernel_rope_norm_f32,0.002816,512x2x1,64x1x1,128x8x2x1
cache_k_l16 (view),kernel_set_rows_f16_i64,0.003072,2048x1x1,1024x1x1,1024x4096x1x1
cache_v_l16 (reshaped) (view),kernel_set_rows_f16_i64,0.009984,32x64x1,1x64x1,1x4194304x1x1
kq-16,kernel_mul_mat_f16_f32_l4,0.121856,16384x1x32,64x1x1,256x2x32x1
kq_soft_max-16,kernel_soft_max_4,0.005120,128x32x1,64x1x1,256x2x32x1
kqv-16,kernel_mul_mat_f16_f32_l4,0.064000,8192x1x32,64x1x1,128x2x32x1
kqv_out-16,kernel_cpy_f32_f32,0.003072,2048x2x1,64x1x1,4096x2x1x1
attn_out-16,kernel_transpose_32_16,0.006144,4096x2x0,16x1x0,4096x2x1x1
attn_out-16,kernel_mul_mat_Ab_Bi_8x4,0.240128,1x1024x32,1x4x32,4096x2x1x1
ffn_inp-16,kernel_add,0.024832,128x1x1,64x1x1,4096x2x1x1
ffn_norm-16,kernel_rms_norm_mul,0.006144,2048x1x1,1024x1x1,4096x2x1x1
ffn_gate-16,kernel_transpose_32_16,0.005888,4096x2x0,16x1x0,14336x2x1x1
ffn_gate-16,kernel_mul_mat_Ab_Bi_8x4,0.787968,1x3584x32,1x4x32,14336x2x1x1
ffn_up-16,kernel_transpose_32_16,0.006144,4096x2x0,16x1x0,14336x2x1x1
ffn_up-16,kernel_mul_mat_Ab_Bi_8x4,0.776960,1x3584x32,1x4x32,14336x2x1x1
ffn_swiglu-16,kernel_swiglu,0.011776,1024x1x1,512x1x1,14336x2x1x1
ffn_out-16,kernel_transpose_32_16,0.016896,14336x2x0,16x1x0,4096x2x1x1
ffn_out-16,kernel_mul_mat_Ab_Bi_8x4,1.196032,1x1024x32,1x4x32,4096x2x1x1
l_out-16,kernel_add,0.025088,128x1x1,64x1x1,4096x2x1x1
attn_norm-17,kernel_rms_norm_mul,0.005888,2048x1x1,1024x1x1,4096x2x1x1
Qcur-17,kernel_transpose_32_16,0.005888,4096x2x0,16x1x0,4096x2x1x1
Qcur-17,kernel_mul_mat_Ab_Bi_8x4,0.253952,1x1024x32,1x4x32,4096x2x1x1
Qcur-17,kernel_rope_norm_f32,0.003072,2048x2x1,64x1x1,128x32x2x1
Vcur-17,kernel_transpose_32_16,0.005888,4096x2x0,16x1x0,1024x2x1x1
Vcur-17,kernel_mul_mat_Ab_Bi_8x4,0.071936,1x256x32,1x4x32,1024x2x1x1
Kcur-17,kernel_transpose_32_16,0.006144,4096x2x0,16x1x0,1024x2x1x1
Kcur-17,kernel_mul_mat_Ab_Bi_8x4,0.069888,1x256x32,1x4x32,1024x2x1x1
Kcur-17,kernel_rope_norm_f32,0.002048,512x2x1,64x1x1,128x8x2x1
cache_k_l17 (view),kernel_set_rows_f16_i64,0.002816,2048x1x1,1024x1x1,1024x4096x1x1
cache_v_l17 (reshaped) (view),kernel_set_rows_f16_i64,0.011008,32x64x1,1x64x1,1x4194304x1x1
kq-17,kernel_mul_mat_f16_f32_l4,0.122112,16384x1x32,64x1x1,256x2x32x1
kq_soft_max-17,kernel_soft_max_4,0.004864,128x32x1,64x1x1,256x2x32x1
kqv-17,kernel_mul_mat_f16_f32_l4,0.064000,8192x1x32,64x1x1,128x2x32x1
kqv_out-17,kernel_cpy_f32_f32,0.002816,2048x2x1,64x1x1,4096x2x1x1
attn_out-17,kernel_transpose_32_16,0.006144,4096x2x0,16x1x0,4096x2x1x1
attn_out-17,kernel_mul_mat_Ab_Bi_8x4,0.231936,1x1024x32,1x4x32,4096x2x1x1
ffn_inp-17,kernel_add,0.024832,128x1x1,64x1x1,4096x2x1x1
ffn_norm-17,kernel_rms_norm_mul,0.006144,2048x1x1,1024x1x1,4096x2x1x1
ffn_gate-17,kernel_transpose_32_16,0.005888,4096x2x0,16x1x0,14336x2x1x1
ffn_gate-17,kernel_mul_mat_Ab_Bi_8x4,1.116160,1x3584x32,1x4x32,14336x2x1x1
ffn_up-17,kernel_transpose_32_16,0.006144,4096x2x0,16x1x0,14336x2x1x1
ffn_up-17,kernel_mul_mat_Ab_Bi_8x4,0.811008,1x3584x32,1x4x32,14336x2x1x1
ffn_swiglu-17,kernel_swiglu,0.012032,1024x1x1,512x1x1,14336x2x1x1
ffn_out-17,kernel_transpose_32_16,0.017152,14336x2x0,16x1x0,4096x2x1x1
ffn_out-17,kernel_mul_mat_Ab_Bi_8x4,1.110784,1x1024x32,1x4x32,4096x2x1x1
l_out-17,kernel_add,0.025088,128x1x1,64x1x1,4096x2x1x1
attn_norm-18,kernel_rms_norm_mul,0.005888,2048x1x1,1024x1x1,4096x2x1x1
Qcur-18,kernel_transpose_32_16,0.006144,4096x2x0,16x1x0,4096x2x1x1
Qcur-18,kernel_mul_mat_Ab_Bi_8x4,0.247040,1x1024x32,1x4x32,4096x2x1x1
Qcur-18,kernel_rope_norm_f32,0.003072,2048x2x1,64x1x1,128x32x2x1
Vcur-18,kernel_transpose_32_16,0.005888,4096x2x0,16x1x0,1024x2x1x1
Vcur-18,kernel_mul_mat_Ab_Bi_8x4,1.166080,1x256x32,1x4x32,1024x2x1x1
Kcur-18,kernel_transpose_32_16,0.018944,4096x2x0,16x1x0,1024x2x1x1
Kcur-18,kernel_mul_mat_Ab_Bi_8x4,1.053952,1x256x32,1x4x32,1024x2x1x1
Kcur-18,kernel_rope_norm_f32,0.002048,512x2x1,64x1x1,128x8x2x1
cache_k_l18 (view),kernel_set_rows_f16_i64,0.002816,2048x1x1,1024x1x1,1024x4096x1x1
cache_v_l18 (reshaped) (view),kernel_set_rows_f16_i64,0.009984,32x64x1,1x64x1,1x4194304x1x1
kq-18,kernel_mul_mat_f16_f32_l4,0.122880,16384x1x32,64x1x1,256x2x32x1
kq_soft_max-18,kernel_soft_max_4,0.005120,128x32x1,64x1x1,256x2x32x1
kqv-18,kernel_mul_mat_f16_f32_l4,0.064000,8192x1x32,64x1x1,128x2x32x1
kqv_out-18,kernel_cpy_f32_f32,0.003072,2048x2x1,64x1x1,4096x2x1x1
attn_out-18,kernel_transpose_32_16,0.005888,4096x2x0,16x1x0,4096x2x1x1
attn_out-18,kernel_mul_mat_Ab_Bi_8x4,0.237056,1x1024x32,1x4x32,4096x2x1x1
ffn_inp-18,kernel_add,0.023808,128x1x1,64x1x1,4096x2x1x1
ffn_norm-18,kernel_rms_norm_mul,0.005888,2048x1x1,1024x1x1,4096x2x1x1
ffn_gate-18,kernel_transpose_32_16,0.006144,4096x2x0,16x1x0,14336x2x1x1
ffn_gate-18,kernel_mul_mat_Ab_Bi_8x4,0.774912,1x3584x32,1x4x32,14336x2x1x1
ffn_up-18,kernel_transpose_32_16,0.005888,4096x2x0,16x1x0,14336x2x1x1
ffn_up-18,kernel_mul_mat_Ab_Bi_8x4,0.785152,1x3584x32,1x4x32,14336x2x1x1
ffn_swiglu-18,kernel_swiglu,0.012032,1024x1x1,512x1x1,14336x2x1x1
ffn_out-18,kernel_transpose_32_16,0.016896,14336x2x0,16x1x0,4096x2x1x1
ffn_out-18,kernel_mul_mat_Ab_Bi_8x4,1.102080,1x1024x32,1x4x32,4096x2x1x1
l_out-18,kernel_add,0.026112,128x1x1,64x1x1,4096x2x1x1
attn_norm-19,kernel_rms_norm_mul,0.005888,2048x1x1,1024x1x1,4096x2x1x1
Qcur-19,kernel_transpose_32_16,0.006144,4096x2x0,16x1x0,4096x2x1x1
Qcur-19,kernel_mul_mat_Ab_Bi_8x4,0.254976,1x1024x32,1x4x32,4096x2x1x1
Qcur-19,kernel_rope_norm_f32,0.002816,2048x2x1,64x1x1,128x32x2x1
Vcur-19,kernel_transpose_32_16,0.006144,4096x2x0,16x1x0,1024x2x1x1
Vcur-19,kernel_mul_mat_Ab_Bi_8x4,0.072960,1x256x32,1x4x32,1024x2x1x1
Kcur-19,kernel_transpose_32_16,0.005888,4096x2x0,16x1x0,1024x2x1x1
Kcur-19,kernel_mul_mat_Ab_Bi_8x4,0.070912,1x256x32,1x4x32,1024x2x1x1
Kcur-19,kernel_rope_norm_f32,0.002048,512x2x1,64x1x1,128x8x2x1
cache_k_l19 (view),kernel_set_rows_f16_i64,0.003072,2048x1x1,1024x1x1,1024x4096x1x1
cache_v_l19 (reshaped) (view),kernel_set_rows_f16_i64,0.008960,32x64x1,1x64x1,1x4194304x1x1
kq-19,kernel_mul_mat_f16_f32_l4,0.121856,16384x1x32,64x1x1,256x2x32x1
kq_soft_max-19,kernel_soft_max_4,0.005120,128x32x1,64x1x1,256x2x32x1
kqv-19,kernel_mul_mat_f16_f32_l4,0.064000,8192x1x32,64x1x1,128x2x32x1
kqv_out-19,kernel_cpy_f32_f32,0.003072,2048x2x1,64x1x1,4096x2x1x1
attn_out-19,kernel_transpose_32_16,0.005888,4096x2x0,16x1x0,4096x2x1x1
attn_out-19,kernel_mul_mat_Ab_Bi_8x4,0.244992,1x1024x32,1x4x32,4096x2x1x1
ffn_inp-19,kernel_add,0.024832,128x1x1,64x1x1,4096x2x1x1
ffn_norm-19,kernel_rms_norm_mul,0.006144,2048x1x1,1024x1x1,4096x2x1x1
ffn_gate-19,kernel_transpose_32_16,0.005888,4096x2x0,16x1x0,14336x2x1x1
ffn_gate-19,kernel_mul_mat_Ab_Bi_8x4,0.769024,1x3584x32,1x4x32,14336x2x1x1
ffn_up-19,kernel_transpose_32_16,0.006144,4096x2x0,16x1x0,14336x2x1x1
ffn_up-19,kernel_mul_mat_Ab_Bi_8x4,0.779776,1x3584x32,1x4x32,14336x2x1x1
ffn_swiglu-19,kernel_swiglu,0.012032,1024x1x1,512x1x1,14336x2x1x1
ffn_out-19,kernel_transpose_32_16,0.016896,14336x2x0,16x1x0,4096x2x1x1
ffn_out-19,kernel_mul_mat_Ab_Bi_8x4,1.143040,1x1024x32,1x4x32,4096x2x1x1
l_out-19,kernel_add,0.025088,128x1x1,64x1x1,4096x2x1x1
attn_norm-20,kernel_rms_norm_mul,0.005888,2048x1x1,1024x1x1,4096x2x1x1
Qcur-20,kernel_transpose_32_16,0.005888,4096x2x0,16x1x0,4096x2x1x1
Qcur-20,kernel_mul_mat_Ab_Bi_8x4,0.253184,1x1024x32,1x4x32,4096x2x1x1
Qcur-20,kernel_rope_norm_f32,0.002816,2048x2x1,64x1x1,128x32x2x1
Vcur-20,kernel_transpose_32_16,0.005888,4096x2x0,16x1x0,1024x2x1x1
Vcur-20,kernel_mul_mat_Ab_Bi_8x4,0.072960,1x256x32,1x4x32,1024x2x1x1
Kcur-20,kernel_transpose_32_16,0.006144,4096x2x0,16x1x0,1024x2x1x1
Kcur-20,kernel_mul_mat_Ab_Bi_8x4,0.070912,1x256x32,1x4x32,1024x2x1x1
Kcur-20,kernel_rope_norm_f32,0.002048,512x2x1,64x1x1,128x8x2x1
cache_k_l20 (view),kernel_set_rows_f16_i64,0.002816,2048x1x1,1024x1x1,1024x4096x1x1
cache_v_l20 (reshaped) (view),kernel_set_rows_f16_i64,0.009984,32x64x1,1x64x1,1x4194304x1x1
kq-20,kernel_mul_mat_f16_f32_l4,0.122112,16384x1x32,64x1x1,256x2x32x1
kq_soft_max-20,kernel_soft_max_4,0.004096,128x32x1,64x1x1,256x2x32x1
kqv-20,kernel_mul_mat_f16_f32_l4,0.062976,8192x1x32,64x1x1,128x2x32x1
kqv_out-20,kernel_cpy_f32_f32,0.003072,2048x2x1,64x1x1,4096x2x1x1
attn_out-20,kernel_transpose_32_16,0.005888,4096x2x0,16x1x0,4096x2x1x1
attn_out-20,kernel_mul_mat_Ab_Bi_8x4,0.236032,1x1024x32,1x4x32,4096x2x1x1
ffn_inp-20,kernel_add,0.024064,128x1x1,64x1x1,4096x2x1x1
ffn_norm-20,kernel_rms_norm_mul,0.006144,2048x1x1,1024x1x1,4096x2x1x1
ffn_gate-20,kernel_transpose_32_16,0.005888,4096x2x0,16x1x0,14336x2x1x1
ffn_gate-20,kernel_mul_mat_Ab_Bi_8x4,0.771840,1x3584x32,1x4x32,14336x2x1x1
ffn_up-20,kernel_transpose_32_16,0.006144,4096x2x0,16x1x0,14336x2x1x1
ffn_up-20,kernel_mul_mat_Ab_Bi_8x4,0.775936,1x3584x32,1x4x32,14336x2x1x1
ffn_swiglu-20,kernel_swiglu,0.012032,1024x1x1,512x1x1,14336x2x1x1
ffn_out-20,kernel_transpose_32_16,0.016896,14336x2x0,16x1x0,4096x2x1x1
ffn_out-20,kernel_mul_mat_Ab_Bi_8x4,1.181952,1x1024x32,1x4x32,4096x2x1x1
l_out-20,kernel_add,0.025088,128x1x1,64x1x1,4096x2x1x1
attn_norm-21,kernel_rms_norm_mul,0.005888,2048x1x1,1024x1x1,4096x2x1x1
Qcur-21,kernel_transpose_32_16,0.005888,4096x2x0,16x1x0,4096x2x1x1
Qcur-21,kernel_mul_mat_Ab_Bi_8x4,0.236032,1x1024x32,1x4x32,4096x2x1x1
Qcur-21,kernel_rope_norm_f32,0.003072,2048x2x1,64x1x1,128x32x2x1
Vcur-21,kernel_transpose_32_16,0.005888,4096x2x0,16x1x0,1024x2x1x1
Vcur-21,kernel_mul_mat_Ab_Bi_8x4,0.073984,1x256x32,1x4x32,1024x2x1x1
Kcur-21,kernel_transpose_32_16,0.006144,4096x2x0,16x1x0,1024x2x1x1
Kcur-21,kernel_mul_mat_Ab_Bi_8x4,0.071936,1x256x32,1x4x32,1024x2x1x1
Kcur-21,kernel_rope_norm_f32,0.002048,512x2x1,64x1x1,128x8x2x1
cache_k_l21 (view),kernel_set_rows_f16_i64,0.003072,2048x1x1,1024x1x1,1024x4096x1x1
cache_v_l21 (reshaped) (view),kernel_set_rows_f16_i64,0.011008,32x64x1,1x64x1,1x4194304x1x1
kq-21,kernel_mul_mat_f16_f32_l4,0.121856,16384x1x32,64x1x1,256x2x32x1
kq_soft_max-21,kernel_soft_max_4,0.005120,128x32x1,64x1x1,256x2x32x1
kqv-21,kernel_mul_mat_f16_f32_l4,0.064000,8192x1x32,64x1x1,128x2x32x1
kqv_out-21,kernel_cpy_f32_f32,0.002816,2048x2x1,64x1x1,4096x2x1x1
attn_out-21,kernel_transpose_32_16,0.006144,4096x2x0,16x1x0,4096x2x1x1
attn_out-21,kernel_mul_mat_Ab_Bi_8x4,0.247808,1x1024x32,1x4x32,4096x2x1x1
ffn_inp-21,kernel_add,0.025088,128x1x1,64x1x1,4096x2x1x1
ffn_norm-21,kernel_rms_norm_mul,0.005888,2048x1x1,1024x1x1,4096x2x1x1
ffn_gate-21,kernel_transpose_32_16,0.006144,4096x2x0,16x1x0,14336x2x1x1
ffn_gate-21,kernel_mul_mat_Ab_Bi_8x4,1.068800,1x3584x32,1x4x32,14336x2x1x1
ffn_up-21,kernel_transpose_32_16,0.006144,4096x2x0,16x1x0,14336x2x1x1
ffn_up-21,kernel_mul_mat_Ab_Bi_8x4,1.239808,1x3584x32,1x4x32,14336x2x1x1
ffn_swiglu-21,kernel_swiglu,0.012032,1024x1x1,512x1x1,14336x2x1x1
ffn_out-21,kernel_transpose_32_16,0.017152,14336x2x0,16x1x0,4096x2x1x1
ffn_out-21,kernel_mul_mat_Ab_Bi_8x4,1.223936,1x1024x32,1x4x32,4096x2x1x1
l_out-21,kernel_add,0.025088,128x1x1,64x1x1,4096x2x1x1
attn_norm-22,kernel_rms_norm_mul,0.005888,2048x1x1,1024x1x1,4096x2x1x1
Qcur-22,kernel_transpose_32_16,0.006144,4096x2x0,16x1x0,4096x2x1x1
Qcur-22,kernel_mul_mat_Ab_Bi_8x4,0.239872,1x1024x32,1x4x32,4096x2x1x1
Qcur-22,kernel_rope_norm_f32,0.003072,2048x2x1,64x1x1,128x32x2x1
Vcur-22,kernel_transpose_32_16,0.005888,4096x2x0,16x1x0,1024x2x1x1
Vcur-22,kernel_mul_mat_Ab_Bi_8x4,0.075008,1x256x32,1x4x32,1024x2x1x1
Kcur-22,kernel_transpose_32_16,0.005888,4096x2x0,16x1x0,1024x2x1x1
Kcur-22,kernel_mul_mat_Ab_Bi_8x4,0.071936,1x256x32,1x4x32,1024x2x1x1
Kcur-22,kernel_rope_norm_f32,0.002048,512x2x1,64x1x1,128x8x2x1
cache_k_l22 (view),kernel_set_rows_f16_i64,0.003072,2048x1x1,1024x1x1,1024x4096x1x1
cache_v_l22 (reshaped) (view),kernel_set_rows_f16_i64,0.009984,32x64x1,1x64x1,1x4194304x1x1
kq-22,kernel_mul_mat_f16_f32_l4,0.121856,16384x1x32,64x1x1,256x2x32x1
kq_soft_max-22,kernel_soft_max_4,0.005120,128x32x1,64x1x1,256x2x32x1
kqv-22,kernel_mul_mat_f16_f32_l4,0.064000,8192x1x32,64x1x1,128x2x32x1
kqv_out-22,kernel_cpy_f32_f32,0.003072,2048x2x1,64x1x1,4096x2x1x1
attn_out-22,kernel_transpose_32_16,0.005888,4096x2x0,16x1x0,4096x2x1x1
attn_out-22,kernel_mul_mat_Ab_Bi_8x4,0.244992,1x1024x32,1x4x32,4096x2x1x1
ffn_inp-22,kernel_add,0.025088,128x1x1,64x1x1,4096x2x1x1
ffn_norm-22,kernel_rms_norm_mul,0.005888,2048x1x1,1024x1x1,4096x2x1x1
ffn_gate-22,kernel_transpose_32_16,0.006144,4096x2x0,16x1x0,14336x2x1x1
ffn_gate-22,kernel_mul_mat_Ab_Bi_8x4,0.802048,1x3584x32,1x4x32,14336x2x1x1
ffn_up-22,kernel_transpose_32_16,0.006144,4096x2x0,16x1x0,14336x2x1x1
ffn_up-22,kernel_mul_mat_Ab_Bi_8x4,0.807168,1x3584x32,1x4x32,14336x2x1x1
ffn_swiglu-22,kernel_swiglu,0.011776,1024x1x1,512x1x1,14336x2x1x1
ffn_out-22,kernel_transpose_32_16,0.017152,14336x2x0,16x1x0,4096x2x1x1
ffn_out-22,kernel_mul_mat_Ab_Bi_8x4,1.129984,1x1024x32,1x4x32,4096x2x1x1
l_out-22,kernel_add,0.024832,128x1x1,64x1x1,4096x2x1x1
attn_norm-23,kernel_rms_norm_mul,0.006144,2048x1x1,1024x1x1,4096x2x1x1
Qcur-23,kernel_transpose_32_16,0.005888,4096x2x0,16x1x0,4096x2x1x1
Qcur-23,kernel_mul_mat_Ab_Bi_8x4,0.232960,1x1024x32,1x4x32,4096x2x1x1
Qcur-23,kernel_rope_norm_f32,0.002816,2048x2x1,64x1x1,128x32x2x1
Vcur-23,kernel_transpose_32_16,0.006144,4096x2x0,16x1x0,1024x2x1x1
Vcur-23,kernel_mul_mat_Ab_Bi_8x4,0.071936,1x256x32,1x4x32,1024x2x1x1
Kcur-23,kernel_transpose_32_16,0.005888,4096x2x0,16x1x0,1024x2x1x1
Kcur-23,kernel_mul_mat_Ab_Bi_8x4,0.069120,1x256x32,1x4x32,1024x2x1x1
Kcur-23,kernel_rope_norm_f32,0.002048,512x2x1,64x1x1,128x8x2x1
cache_k_l23 (view),kernel_set_rows_f16_i64,0.002816,2048x1x1,1024x1x1,1024x4096x1x1
cache_v_l23 (reshaped) (view),kernel_set_rows_f16_i64,0.011008,32x64x1,1x64x1,1x4194304x1x1
kq-23,kernel_mul_mat_f16_f32_l4,0.121856,16384x1x32,64x1x1,256x2x32x1
kq_soft_max-23,kernel_soft_max_4,0.005120,128x32x1,64x1x1,256x2x32x1
kqv-23,kernel_mul_mat_f16_f32_l4,0.064000,8192x1x32,64x1x1,128x2x32x1
kqv_out-23,kernel_cpy_f32_f32,0.002816,2048x2x1,64x1x1,4096x2x1x1
attn_out-23,kernel_transpose_32_16,0.006144,4096x2x0,16x1x0,4096x2x1x1
attn_out-23,kernel_mul_mat_Ab_Bi_8x4,0.237056,1x1024x32,1x4x32,4096x2x1x1
ffn_inp-23,kernel_add,0.025088,128x1x1,64x1x1,4096x2x1x1
ffn_norm-23,kernel_rms_norm_mul,0.006144,2048x1x1,1024x1x1,4096x2x1x1
ffn_gate-23,kernel_transpose_32_16,0.006144,4096x2x0,16x1x0,14336x2x1x1
ffn_gate-23,kernel_mul_mat_Ab_Bi_8x4,0.765184,1x3584x32,1x4x32,14336x2x1x1
ffn_up-23,kernel_transpose_32_16,0.005888,4096x2x0,16x1x0,14336x2x1x1
ffn_up-23,kernel_mul_mat_Ab_Bi_8x4,0.848896,1x3584x32,1x4x32,14336x2x1x1
ffn_swiglu-23,kernel_swiglu,0.012032,1024x1x1,512x1x1,14336x2x1x1
ffn_out-23,kernel_transpose_32_16,0.017152,14336x2x0,16x1x0,4096x2x1x1
ffn_out-23,kernel_mul_mat_Ab_Bi_8x4,1.069056,1x1024x32,1x4x32,4096x2x1x1
l_out-23,kernel_add,0.025088,128x1x1,64x1x1,4096x2x1x1
attn_norm-24,kernel_rms_norm_mul,0.005888,2048x1x1,1024x1x1,4096x2x1x1
Qcur-24,kernel_transpose_32_16,0.005888,4096x2x0,16x1x0,4096x2x1x1
Qcur-24,kernel_mul_mat_Ab_Bi_8x4,0.265984,1x1024x32,1x4x32,4096x2x1x1
Qcur-24,kernel_rope_norm_f32,0.003072,2048x2x1,64x1x1,128x32x2x1
Vcur-24,kernel_transpose_32_16,0.005888,4096x2x0,16x1x0,1024x2x1x1
Vcur-24,kernel_mul_mat_Ab_Bi_8x4,0.072192,1x256x32,1x4x32,1024x2x1x1
Kcur-24,kernel_transpose_32_16,0.005888,4096x2x0,16x1x0,1024x2x1x1
Kcur-24,kernel_mul_mat_Ab_Bi_8x4,0.068096,1x256x32,1x4x32,1024x2x1x1
Kcur-24,kernel_rope_norm_f32,0.003072,512x2x1,64x1x1,128x8x2x1
cache_k_l24 (view),kernel_set_rows_f16_i64,0.003072,2048x1x1,1024x1x1,1024x4096x1x1
cache_v_l24 (reshaped) (view),kernel_set_rows_f16_i64,0.010240,32x64x1,1x64x1,1x4194304x1x1
kq-24,kernel_mul_mat_f16_f32_l4,0.121856,16384x1x32,64x1x1,256x2x32x1
kq_soft_max-24,kernel_soft_max_4,0.005120,128x32x1,64x1x1,256x2x32x1
kqv-24,kernel_mul_mat_f16_f32_l4,0.064000,8192x1x32,64x1x1,128x2x32x1
kqv_out-24,kernel_cpy_f32_f32,0.003072,2048x2x1,64x1x1,4096x2x1x1
attn_out-24,kernel_transpose_32_16,0.005888,4096x2x0,16x1x0,4096x2x1x1
attn_out-24,kernel_mul_mat_Ab_Bi_8x4,0.238080,1x1024x32,1x4x32,4096x2x1x1
ffn_inp-24,kernel_add,0.023808,128x1x1,64x1x1,4096x2x1x1
ffn_norm-24,kernel_rms_norm_mul,0.006144,2048x1x1,1024x1x1,4096x2x1x1
ffn_gate-24,kernel_transpose_32_16,0.005888,4096x2x0,16x1x0,14336x2x1x1
ffn_gate-24,kernel_mul_mat_Ab_Bi_8x4,0.784896,1x3584x32,1x4x32,14336x2x1x1
ffn_up-24,kernel_transpose_32_16,0.006144,4096x2x0,16x1x0,14336x2x1x1
ffn_up-24,kernel_mul_mat_Ab_Bi_8x4,0.854016,1x3584x32,1x4x32,14336x2x1x1
ffn_swiglu-24,kernel_swiglu,0.011776,1024x1x1,512x1x1,14336x2x1x1
ffn_out-24,kernel_transpose_32_16,0.016896,14336x2x0,16x1x0,4096x2x1x1
ffn_out-24,kernel_mul_mat_Ab_Bi_8x4,1.083904,1x1024x32,1x4x32,4096x2x1x1
l_out-24,kernel_add,0.025088,128x1x1,64x1x1,4096x2x1x1
attn_norm-25,kernel_rms_norm_mul,0.005888,2048x1x1,1024x1x1,4096x2x1x1
Qcur-25,kernel_transpose_32_16,0.006144,4096x2x0,16x1x0,4096x2x1x1
Qcur-25,kernel_mul_mat_Ab_Bi_8x4,0.248064,1x1024x32,1x4x32,4096x2x1x1
Qcur-25,kernel_rope_norm_f32,0.004096,2048x2x1,64x1x1,128x32x2x1
Vcur-25,kernel_transpose_32_16,0.005888,4096x2x0,16x1x0,1024x2x1x1
Vcur-25,kernel_mul_mat_Ab_Bi_8x4,0.071936,1x256x32,1x4x32,1024x2x1x1
Kcur-25,kernel_transpose_32_16,0.006144,4096x2x0,16x1x0,1024x2x1x1
Kcur-25,kernel_mul_mat_Ab_Bi_8x4,0.071168,1x256x32,1x4x32,1024x2x1x1
Kcur-25,kernel_rope_norm_f32,0.002048,512x2x1,64x1x1,128x8x2x1
cache_k_l25 (view),kernel_set_rows_f16_i64,0.002816,2048x1x1,1024x1x1,1024x4096x1x1
cache_v_l25 (reshaped) (view),kernel_set_rows_f16_i64,0.011008,32x64x1,1x64x1,1x4194304x1x1
kq-25,kernel_mul_mat_f16_f32_l4,0.122112,16384x1x32,64x1x1,256x2x32x1
kq_soft_max-25,kernel_soft_max_4,0.005120,128x32x1,64x1x1,256x2x32x1
kqv-25,kernel_mul_mat_f16_f32_l4,0.065024,8192x1x32,64x1x1,128x2x32x1
kqv_out-25,kernel_cpy_f32_f32,0.003072,2048x2x1,64x1x1,4096x2x1x1
attn_out-25,kernel_transpose_32_16,0.006144,4096x2x0,16x1x0,4096x2x1x1
attn_out-25,kernel_mul_mat_Ab_Bi_8x4,0.240896,1x1024x32,1x4x32,4096x2x1x1
ffn_inp-25,kernel_add,0.024832,128x1x1,64x1x1,4096x2x1x1
ffn_norm-25,kernel_rms_norm_mul,0.006144,2048x1x1,1024x1x1,4096x2x1x1
ffn_gate-25,kernel_transpose_32_16,0.005888,4096x2x0,16x1x0,14336x2x1x1
ffn_gate-25,kernel_mul_mat_Ab_Bi_8x4,0.783104,1x3584x32,1x4x32,14336x2x1x1
ffn_up-25,kernel_transpose_32_16,0.006144,4096x2x0,16x1x0,14336x2x1x1
ffn_up-25,kernel_mul_mat_Ab_Bi_8x4,0.777984,1x3584x32,1x4x32,14336x2x1x1
ffn_swiglu-25,kernel_swiglu,0.012032,1024x1x1,512x1x1,14336x2x1x1
ffn_out-25,kernel_transpose_32_16,0.017152,14336x2x0,16x1x0,4096x2x1x1
ffn_out-25,kernel_mul_mat_Ab_Bi_8x4,1.185024,1x1024x32,1x4x32,4096x2x1x1
l_out-25,kernel_add,0.024832,128x1x1,64x1x1,4096x2x1x1
attn_norm-26,kernel_rms_norm_mul,0.006144,2048x1x1,1024x1x1,4096x2x1x1
Qcur-26,kernel_transpose_32_16,0.005888,4096x2x0,16x1x0,4096x2x1x1
Qcur-26,kernel_mul_mat_Ab_Bi_8x4,0.243968,1x1024x32,1x4x32,4096x2x1x1
Qcur-26,kernel_rope_norm_f32,0.003072,2048x2x1,64x1x1,128x32x2x1
Vcur-26,kernel_transpose_32_16,0.005888,4096x2x0,16x1x0,1024x2x1x1
Vcur-26,kernel_mul_mat_Ab_Bi_8x4,0.070912,1x256x32,1x4x32,1024x2x1x1
Kcur-26,kernel_transpose_32_16,0.006144,4096x2x0,16x1x0,1024x2x1x1
Kcur-26,kernel_mul_mat_Ab_Bi_8x4,0.069888,1x256x32,1x4x32,1024x2x1x1
Kcur-26,kernel_rope_norm_f32,0.002048,512x2x1,64x1x1,128x8x2x1
cache_k_l26 (view),kernel_set_rows_f16_i64,0.002816,2048x1x1,1024x1x1,1024x4096x1x1
cache_v_l26 (reshaped) (view),kernel_set_rows_f16_i64,0.011008,32x64x1,1x64x1,1x4194304x1x1
kq-26,kernel_mul_mat_f16_f32_l4,0.121856,16384x1x32,64x1x1,256x2x32x1
kq_soft_max-26,kernel_soft_max_4,0.005120,128x32x1,64x1x1,256x2x32x1
kqv-26,kernel_mul_mat_f16_f32_l4,0.064000,8192x1x32,64x1x1,128x2x32x1
kqv_out-26,kernel_cpy_f32_f32,0.003072,2048x2x1,64x1x1,4096x2x1x1
attn_out-26,kernel_transpose_32_16,0.006144,4096x2x0,16x1x0,4096x2x1x1
attn_out-26,kernel_mul_mat_Ab_Bi_8x4,0.252928,1x1024x32,1x4x32,4096x2x1x1
ffn_inp-26,kernel_add,0.025088,128x1x1,64x1x1,4096x2x1x1
ffn_norm-26,kernel_rms_norm_mul,0.006144,2048x1x1,1024x1x1,4096x2x1x1
ffn_gate-26,kernel_transpose_32_16,0.005888,4096x2x0,16x1x0,14336x2x1x1
ffn_gate-26,kernel_mul_mat_Ab_Bi_8x4,0.797952,1x3584x32,1x4x32,14336x2x1x1
ffn_up-26,kernel_transpose_32_16,0.006144,4096x2x0,16x1x0,14336x2x1x1
ffn_up-26,kernel_mul_mat_Ab_Bi_8x4,0.833792,1x3584x32,1x4x32,14336x2x1x1
ffn_swiglu-26,kernel_swiglu,0.013056,1024x1x1,512x1x1,14336x2x1x1
ffn_out-26,kernel_transpose_32_16,0.016896,14336x2x0,16x1x0,4096x2x1x1
ffn_out-26,kernel_mul_mat_Ab_Bi_8x4,1.235200,1x1024x32,1x4x32,4096x2x1x1
l_out-26,kernel_add,0.025088,128x1x1,64x1x1,4096x2x1x1
attn_norm-27,kernel_rms_norm_mul,0.005888,2048x1x1,1024x1x1,4096x2x1x1
Qcur-27,kernel_transpose_32_16,0.006144,4096x2x0,16x1x0,4096x2x1x1
Qcur-27,kernel_mul_mat_Ab_Bi_8x4,0.240896,1x1024x32,1x4x32,4096x2x1x1
Qcur-27,kernel_rope_norm_f32,0.003072,2048x2x1,64x1x1,128x32x2x1
Vcur-27,kernel_transpose_32_16,0.005888,4096x2x0,16x1x0,1024x2x1x1
Vcur-27,kernel_mul_mat_Ab_Bi_8x4,0.070912,1x256x32,1x4x32,1024x2x1x1
Kcur-27,kernel_transpose_32_16,0.006144,4096x2x0,16x1x0,1024x2x1x1
Kcur-27,kernel_mul_mat_Ab_Bi_8x4,0.071168,1x256x32,1x4x32,1024x2x1x1
Kcur-27,kernel_rope_norm_f32,0.001792,512x2x1,64x1x1,128x8x2x1
cache_k_l27 (view),kernel_set_rows_f16_i64,0.003072,2048x1x1,1024x1x1,1024x4096x1x1
cache_v_l27 (reshaped) (view),kernel_set_rows_f16_i64,0.008960,32x64x1,1x64x1,1x4194304x1x1
kq-27,kernel_mul_mat_f16_f32_l4,0.121856,16384x1x32,64x1x1,256x2x32x1
kq_soft_max-27,kernel_soft_max_4,0.005120,128x32x1,64x1x1,256x2x32x1
kqv-27,kernel_mul_mat_f16_f32_l4,0.064000,8192x1x32,64x1x1,128x2x32x1
kqv_out-27,kernel_cpy_f32_f32,0.003072,2048x2x1,64x1x1,4096x2x1x1
attn_out-27,kernel_transpose_32_16,0.005888,4096x2x0,16x1x0,4096x2x1x1
attn_out-27,kernel_mul_mat_Ab_Bi_8x4,0.244992,1x1024x32,1x4x32,4096x2x1x1
ffn_inp-27,kernel_add,0.025088,128x1x1,64x1x1,4096x2x1x1
ffn_norm-27,kernel_rms_norm_mul,0.005888,2048x1x1,1024x1x1,4096x2x1x1
ffn_gate-27,kernel_transpose_32_16,0.006144,4096x2x0,16x1x0,14336x2x1x1
ffn_gate-27,kernel_mul_mat_Ab_Bi_8x4,0.803840,1x3584x32,1x4x32,14336x2x1x1
ffn_up-27,kernel_transpose_32_16,0.006144,4096x2x0,16x1x0,14336x2x1x1
ffn_up-27,kernel_mul_mat_Ab_Bi_8x4,0.800000,1x3584x32,1x4x32,14336x2x1x1
ffn_swiglu-27,kernel_swiglu,0.013056,1024x1x1,512x1x1,14336x2x1x1
ffn_out-27,kernel_transpose_32_16,0.016896,14336x2x0,16x1x0,4096x2x1x1
ffn_out-27,kernel_mul_mat_Ab_Bi_8x4,1.184000,1x1024x32,1x4x32,4096x2x1x1
l_out-27,kernel_add,0.025088,128x1x1,64x1x1,4096x2x1x1
attn_norm-28,kernel_rms_norm_mul,0.005888,2048x1x1,1024x1x1,4096x2x1x1
Qcur-28,kernel_transpose_32_16,0.006144,4096x2x0,16x1x0,4096x2x1x1
Qcur-28,kernel_mul_mat_Ab_Bi_8x4,0.263936,1x1024x32,1x4x32,4096x2x1x1
Qcur-28,kernel_rope_norm_f32,0.003072,2048x2x1,64x1x1,128x32x2x1
Vcur-28,kernel_transpose_32_16,0.006144,4096x2x0,16x1x0,1024x2x1x1
Vcur-28,kernel_mul_mat_Ab_Bi_8x4,0.074240,1x256x32,1x4x32,1024x2x1x1
Kcur-28,kernel_transpose_32_16,0.005888,4096x2x0,16x1x0,1024x2x1x1
Kcur-28,kernel_mul_mat_Ab_Bi_8x4,0.073984,1x256x32,1x4x32,1024x2x1x1
Kcur-28,kernel_rope_norm_f32,0.002048,512x2x1,64x1x1,128x8x2x1
cache_k_l28 (view),kernel_set_rows_f16_i64,0.002816,2048x1x1,1024x1x1,1024x4096x1x1
cache_v_l28 (reshaped) (view),kernel_set_rows_f16_i64,0.009984,32x64x1,1x64x1,1x4194304x1x1
kq-28,kernel_mul_mat_f16_f32_l4,0.122112,16384x1x32,64x1x1,256x2x32x1
kq_soft_max-28,kernel_soft_max_4,0.005120,128x32x1,64x1x1,256x2x32x1
kqv-28,kernel_mul_mat_f16_f32_l4,0.064000,8192x1x32,64x1x1,128x2x32x1
kqv_out-28,kernel_cpy_f32_f32,0.003072,2048x2x1,64x1x1,4096x2x1x1
attn_out-28,kernel_transpose_32_16,0.005888,4096x2x0,16x1x0,4096x2x1x1
attn_out-28,kernel_mul_mat_Ab_Bi_8x4,0.253952,1x1024x32,1x4x32,4096x2x1x1
ffn_inp-28,kernel_add,0.025088,128x1x1,64x1x1,4096x2x1x1
ffn_norm-28,kernel_rms_norm_mul,0.005888,2048x1x1,1024x1x1,4096x2x1x1
ffn_gate-28,kernel_transpose_32_16,0.005888,4096x2x0,16x1x0,14336x2x1x1
ffn_gate-28,kernel_mul_mat_Ab_Bi_8x4,0.809984,1x3584x32,1x4x32,14336x2x1x1
ffn_up-28,kernel_transpose_32_16,0.005888,4096x2x0,16x1x0,14336x2x1x1
ffn_up-28,kernel_mul_mat_Ab_Bi_8x4,0.780032,1x3584x32,1x4x32,14336x2x1x1
ffn_swiglu-28,kernel_swiglu,0.012032,1024x1x1,512x1x1,14336x2x1x1
ffn_out-28,kernel_transpose_32_16,0.016896,14336x2x0,16x1x0,4096x2x1x1
ffn_out-28,kernel_mul_mat_Ab_Bi_8x4,1.115136,1x1024x32,1x4x32,4096x2x1x1
l_out-28,kernel_add,0.024832,128x1x1,64x1x1,4096x2x1x1
attn_norm-29,kernel_rms_norm_mul,0.006144,2048x1x1,1024x1x1,4096x2x1x1
Qcur-29,kernel_transpose_32_16,0.006144,4096x2x0,16x1x0,4096x2x1x1
Qcur-29,kernel_mul_mat_Ab_Bi_8x4,0.256000,1x1024x32,1x4x32,4096x2x1x1
Qcur-29,kernel_rope_norm_f32,0.002816,2048x2x1,64x1x1,128x32x2x1
Vcur-29,kernel_transpose_32_16,0.006144,4096x2x0,16x1x0,1024x2x1x1
Vcur-29,kernel_mul_mat_Ab_Bi_8x4,0.071936,1x256x32,1x4x32,1024x2x1x1
Kcur-29,kernel_transpose_32_16,0.005888,4096x2x0,16x1x0,1024x2x1x1
Kcur-29,kernel_mul_mat_Ab_Bi_8x4,0.071168,1x256x32,1x4x32,1024x2x1x1
Kcur-29,kernel_rope_norm_f32,0.001792,512x2x1,64x1x1,128x8x2x1
cache_k_l29 (view),kernel_set_rows_f16_i64,0.003072,2048x1x1,1024x1x1,1024x4096x1x1
cache_v_l29 (reshaped) (view),kernel_set_rows_f16_i64,0.009984,32x64x1,1x64x1,1x4194304x1x1
kq-29,kernel_mul_mat_f16_f32_l4,0.121856,16384x1x32,64x1x1,256x2x32x1
kq_soft_max-29,kernel_soft_max_4,0.004864,128x32x1,64x1x1,256x2x32x1
kqv-29,kernel_mul_mat_f16_f32_l4,0.064000,8192x1x32,64x1x1,128x2x32x1
kqv_out-29,kernel_cpy_f32_f32,0.003072,2048x2x1,64x1x1,4096x2x1x1
attn_out-29,kernel_transpose_32_16,0.006144,4096x2x0,16x1x0,4096x2x1x1
attn_out-29,kernel_mul_mat_Ab_Bi_8x4,0.247040,1x1024x32,1x4x32,4096x2x1x1
ffn_inp-29,kernel_add,0.025088,128x1x1,64x1x1,4096x2x1x1
ffn_norm-29,kernel_rms_norm_mul,0.005888,2048x1x1,1024x1x1,4096x2x1x1
ffn_gate-29,kernel_transpose_32_16,0.005888,4096x2x0,16x1x0,14336x2x1x1
ffn_gate-29,kernel_mul_mat_Ab_Bi_8x4,0.775168,1x3584x32,1x4x32,14336x2x1x1
ffn_up-29,kernel_transpose_32_16,0.005888,4096x2x0,16x1x0,14336x2x1x1
ffn_up-29,kernel_mul_mat_Ab_Bi_8x4,0.803072,1x3584x32,1x4x32,14336x2x1x1
ffn_swiglu-29,kernel_swiglu,0.012032,1024x1x1,512x1x1,14336x2x1x1
ffn_out-29,kernel_transpose_32_16,0.017152,14336x2x0,16x1x0,4096x2x1x1
ffn_out-29,kernel_mul_mat_Ab_Bi_8x4,1.178112,1x1024x32,1x4x32,4096x2x1x1
l_out-29,kernel_add,0.025088,128x1x1,64x1x1,4096x2x1x1
attn_norm-30,kernel_rms_norm_mul,0.006144,2048x1x1,1024x1x1,4096x2x1x1
Qcur-30,kernel_transpose_32_16,0.005888,4096x2x0,16x1x0,4096x2x1x1
Qcur-30,kernel_mul_mat_Ab_Bi_8x4,0.253952,1x1024x32,1x4x32,4096x2x1x1
Qcur-30,kernel_rope_norm_f32,0.003072,2048x2x1,64x1x1,128x32x2x1
Vcur-30,kernel_transpose_32_16,0.005888,4096x2x0,16x1x0,1024x2x1x1
Vcur-30,kernel_mul_mat_Ab_Bi_8x4,0.071168,1x256x32,1x4x32,1024x2x1x1
Kcur-30,kernel_transpose_32_16,0.006144,4096x2x0,16x1x0,1024x2x1x1
Kcur-30,kernel_mul_mat_Ab_Bi_8x4,0.071936,1x256x32,1x4x32,1024x2x1x1
Kcur-30,kernel_rope_norm_f32,0.002048,512x2x1,64x1x1,128x8x2x1
cache_k_l30 (view),kernel_set_rows_f16_i64,0.002816,2048x1x1,1024x1x1,1024x4096x1x1
cache_v_l30 (reshaped) (view),kernel_set_rows_f16_i64,0.009984,32x64x1,1x64x1,1x4194304x1x1
kq-30,kernel_mul_mat_f16_f32_l4,0.123136,16384x1x32,64x1x1,256x2x32x1
kq_soft_max-30,kernel_soft_max_4,0.004864,128x32x1,64x1x1,256x2x32x1
kqv-30,kernel_mul_mat_f16_f32_l4,0.064000,8192x1x32,64x1x1,128x2x32x1
kqv_out-30,kernel_cpy_f32_f32,0.002816,2048x2x1,64x1x1,4096x2x1x1
attn_out-30,kernel_transpose_32_16,0.006144,4096x2x0,16x1x0,4096x2x1x1
attn_out-30,kernel_mul_mat_Ab_Bi_8x4,0.251904,1x1024x32,1x4x32,4096x2x1x1
ffn_inp-30,kernel_add,0.025088,128x1x1,64x1x1,4096x2x1x1
ffn_norm-30,kernel_rms_norm_mul,0.005888,2048x1x1,1024x1x1,4096x2x1x1
ffn_gate-30,kernel_transpose_32_16,0.005888,4096x2x0,16x1x0,14336x2x1x1
ffn_gate-30,kernel_mul_mat_Ab_Bi_8x4,0.785152,1x3584x32,1x4x32,14336x2x1x1
ffn_up-30,kernel_transpose_32_16,0.005888,4096x2x0,16x1x0,14336x2x1x1
ffn_up-30,kernel_mul_mat_Ab_Bi_8x4,0.801792,1x3584x32,1x4x32,14336x2x1x1
ffn_swiglu-30,kernel_swiglu,0.012032,1024x1x1,512x1x1,14336x2x1x1
ffn_out-30,kernel_transpose_32_16,0.017152,14336x2x0,16x1x0,4096x2x1x1
ffn_out-30,kernel_mul_mat_Ab_Bi_8x4,1.230848,1x1024x32,1x4x32,4096x2x1x1
l_out-30,kernel_add,0.025088,128x1x1,64x1x1,4096x2x1x1
attn_norm-31,kernel_rms_norm_mul,0.005888,2048x1x1,1024x1x1,4096x2x1x1
Qcur-31,kernel_transpose_32_16,0.005888,4096x2x0,16x1x0,4096x2x1x1
Qcur-31,kernel_mul_mat_Ab_Bi_8x4,0.252160,1x1024x32,1x4x32,4096x2x1x1
Qcur-31,kernel_rope_norm_f32,0.003072,2048x2x1,64x1x1,128x32x2x1
Vcur-31,kernel_transpose_32_16,0.006144,4096x2x0,16x1x0,1024x2x1x1
Vcur-31,kernel_mul_mat_Ab_Bi_8x4,0.070912,1x256x32,1x4x32,1024x2x1x1
Kcur-31,kernel_transpose_32_16,0.005888,4096x2x0,16x1x0,1024x2x1x1
Kcur-31,kernel_mul_mat_Ab_Bi_8x4,0.070144,1x256x32,1x4x32,1024x2x1x1
Kcur-31,kernel_rope_norm_f32,0.003072,512x2x1,64x1x1,128x8x2x1
cache_k_l31 (view),kernel_set_rows_f16_i64,0.003072,2048x1x1,1024x1x1,1024x4096x1x1
cache_v_l31 (reshaped) (view),kernel_set_rows_f16_i64,0.009984,32x64x1,1x64x1,1x4194304x1x1
kq-31,kernel_mul_mat_f16_f32_l4,0.122112,16384x1x32,64x1x1,256x2x32x1
kq_soft_max-31,kernel_soft_max_4,0.004864,128x32x1,64x1x1,256x2x32x1
kqv-31,kernel_mul_mat_f16_f32_l4,0.064000,8192x1x32,64x1x1,128x2x32x1
kqv_out-31,kernel_cpy_f32_f32,0.003072,2048x2x1,64x1x1,4096x2x1x1
attn_out-31,kernel_transpose_32_16,0.005888,4096x2x0,16x1x0,4096x2x1x1
attn_out-31,kernel_mul_mat_Ab_Bi_8x4,0.247040,1x1024x32,1x4x32,4096x2x1x1
node_1145,kernel_get_rows_f32,0.017152,64x1x1,64x1x1,4096x1x1x1
node_1146,kernel_get_rows_f32,0.017152,64x1x1,64x1x1,4096x1x1x1
ffn_inp-31,kernel_add_row,0.002048,1024x0x0,64x0x0,4096x1x1x1
ffn_norm-31,kernel_rms_norm_mul,0.006144,1024x1x1,1024x1x1,4096x1x1x1
ffn_gate-31,kernel_gemv_noshuffle,0.545792,7168x4x1,64x4x1,14336x1x1x1
ffn_up-31,kernel_gemv_noshuffle,0.539136,7168x4x1,64x4x1,14336x1x1x1
ffn_swiglu-31,kernel_swiglu,0.012032,512x1x1,512x1x1,14336x1x1x1
ffn_out-31,kernel_gemv_noshuffle,0.520960,2048x4x1,64x4x1,4096x1x1x1
l_out-31,kernel_add_row,0.001792,1024x0x0,64x0x0,4096x1x1x1
result_norm,kernel_rms_norm_mul,0.006144,1024x1x1,1024x1x1,4096x1x1x1
result_output,kernel_transpose_32_16,0.006144,4096x2x0,16x1x0,128256x1x1x1
result_output,kernel_mul_mat_Ab_Bi_8x4,5.700864,1x32064x4,1x32x4,128256x1x1x1
attn_norm-0,kernel_rms_norm_mul,0.073984,128000x1x1,1024x1x1,4096x125x1x1
Qcur-0,kernel_transpose_32_16,0.072192,4096x32x0,16x1x0,4096x125x1x1
Qcur-0,kernel_mul_mat_Ab_Bi_8x4,2.221056,16x1024x4,1x32x4,4096x125x1x1
Qcur-0,kernel_rope_norm_f32,0.059136,2048x125x1,64x1x1,128x32x125x1
Vcur-0,kernel_transpose_32_16,0.071936,4096x32x0,16x1x0,1024x125x1x1
Vcur-0,kernel_mul_mat_Ab_Bi_8x4,0.615936,16x256x4,1x32x4,1024x125x1x1
Kcur-0,kernel_transpose_32_16,0.071936,4096x32x0,16x1x0,1024x125x1x1
Kcur-0,kernel_mul_mat_Ab_Bi_8x4,0.636160,16x256x4,1x32x4,1024x125x1x1
Kcur-0,kernel_rope_norm_f32,0.012032,512x125x1,64x1x1,128x8x125x1
cache_k_l0 (view),kernel_set_rows_f16_i64,0.016896,128000x1x1,1024x1x1,1024x4096x1x1
cache_v_l0 (reshaped) (view),kernel_set_rows_f16_i64,0.244992,2000x64x1,1x64x1,1x4194304x1x1
kq-0,mul_mm_f16_f32_kq,0.259072,64x4x128,64x1x2,256x125x32x1
kq_soft_max-0,kernel_soft_max_4,0.110080,8000x32x1,64x1x1,256x125x32x1
kqv-0,mul_mm_f16_f32_kqv,0.326144,64x2x128,64x1x2,128x125x32x1
kqv_out-0,kernel_cpy_f32_f32,0.039936,2048x125x1,64x1x1,4096x125x1x1
attn_out-0,kernel_transpose_32_16,0.072960,4096x32x0,16x1x0,4096x125x1x1
attn_out-0,kernel_mul_mat_Ab_Bi_8x4,2.231040,16x1024x4,1x32x4,4096x125x1x1
ffn_inp-0,kernel_add,0.083968,8000x1x1,64x1x1,4096x125x1x1
ffn_norm-0,kernel_rms_norm_mul,0.055808,128000x1x1,1024x1x1,4096x125x1x1
ffn_gate-0,kernel_transpose_32_16,0.072192,4096x32x0,16x1x0,14336x125x1x1
ffn_gate-0,kernel_mul_mat_Ab_Bi_8x4,7.706880,16x3584x4,1x32x4,14336x125x1x1
ffn_up-0,kernel_transpose_32_16,0.071936,4096x32x0,16x1x0,14336x125x1x1
ffn_up-0,kernel_mul_mat_Ab_Bi_8x4,7.717120,16x3584x4,1x32x4,14336x125x1x1
ffn_swiglu-0,kernel_swiglu,0.322816,64000x1x1,512x1x1,14336x125x1x1
ffn_out-0,kernel_transpose_32_16,0.249088,14336x32x0,16x1x0,4096x125x1x1
ffn_out-0,kernel_mul_mat_Ab_Bi_8x4,7.931136,16x1024x4,1x32x4,4096x125x1x1
l_out-0,kernel_add,0.084224,8000x1x1,64x1x1,4096x125x1x1
attn_norm-1,kernel_rms_norm_mul,0.054016,128000x1x1,1024x1x1,4096x125x1x1
Qcur-1,kernel_transpose_32_16,0.072192,4096x32x0,16x1x0,4096x125x1x1
Qcur-1,kernel_mul_mat_Ab_Bi_8x4,2.215936,16x1024x4,1x32x4,4096x125x1x1
Qcur-1,kernel_rope_norm_f32,0.056832,2048x125x1,64x1x1,128x32x125x1
Vcur-1,kernel_transpose_32_16,0.072192,4096x32x0,16x1x0,1024x125x1x1
Vcur-1,kernel_mul_mat_Ab_Bi_8x4,0.596992,16x256x4,1x32x4,1024x125x1x1
Kcur-1,kernel_transpose_32_16,0.071936,4096x32x0,16x1x0,1024x125x1x1
Kcur-1,kernel_mul_mat_Ab_Bi_8x4,0.610048,16x256x4,1x32x4,1024x125x1x1
Kcur-1,kernel_rope_norm_f32,0.012032,512x125x1,64x1x1,128x8x125x1
cache_k_l1 (view),kernel_set_rows_f16_i64,0.016896,128000x1x1,1024x1x1,1024x4096x1x1
cache_v_l1 (reshaped) (view),kernel_set_rows_f16_i64,0.240896,2000x64x1,1x64x1,1x4194304x1x1
kq-1,mul_mm_f16_f32_kq,0.261120,64x4x128,64x1x2,256x125x32x1
kq_soft_max-1,kernel_soft_max_4,0.107008,8000x32x1,64x1x1,256x125x32x1
kqv-1,mul_mm_f16_f32_kqv,0.345856,64x2x128,64x1x2,128x125x32x1
kqv_out-1,kernel_cpy_f32_f32,0.039936,2048x125x1,64x1x1,4096x125x1x1
attn_out-1,kernel_transpose_32_16,0.073984,4096x32x0,16x1x0,4096x125x1x1
attn_out-1,kernel_mul_mat_Ab_Bi_8x4,2.224128,16x1024x4,1x32x4,4096x125x1x1
ffn_inp-1,kernel_add,0.081920,8000x1x1,64x1x1,4096x125x1x1
ffn_norm-1,kernel_rms_norm_mul,0.055040,128000x1x1,1024x1x1,4096x125x1x1
ffn_gate-1,kernel_transpose_32_16,0.071936,4096x32x0,16x1x0,14336x125x1x1
ffn_gate-1,kernel_mul_mat_Ab_Bi_8x4,7.699968,16x3584x4,1x32x4,14336x125x1x1
ffn_up-1,kernel_transpose_32_16,0.071936,4096x32x0,16x1x0,14336x125x1x1
ffn_up-1,kernel_mul_mat_Ab_Bi_8x4,7.703808,16x3584x4,1x32x4,14336x125x1x1
ffn_swiglu-1,kernel_swiglu,0.323072,64000x1x1,512x1x1,14336x125x1x1
ffn_out-1,kernel_transpose_32_16,0.248064,14336x32x0,16x1x0,4096x125x1x1
ffn_out-1,kernel_mul_mat_Ab_Bi_8x4,7.966976,16x1024x4,1x32x4,4096x125x1x1
l_out-1,kernel_add,0.084992,8000x1x1,64x1x1,4096x125x1x1
attn_norm-2,kernel_rms_norm_mul,0.054016,128000x1x1,1024x1x1,4096x125x1x1
Qcur-2,kernel_transpose_32_16,0.071936,4096x32x0,16x1x0,4096x125x1x1
Qcur-2,kernel_mul_mat_Ab_Bi_8x4,2.245888,16x1024x4,1x32x4,4096x125x1x1
Qcur-2,kernel_rope_norm_f32,0.058112,2048x125x1,64x1x1,128x32x125x1
Vcur-2,kernel_transpose_32_16,0.071936,4096x32x0,16x1x0,1024x125x1x1
Vcur-2,kernel_mul_mat_Ab_Bi_8x4,0.631040,16x256x4,1x32x4,1024x125x1x1
Kcur-2,kernel_transpose_32_16,0.071936,4096x32x0,16x1x0,1024x125x1x1
Kcur-2,kernel_mul_mat_Ab_Bi_8x4,0.612096,16x256x4,1x32x4,1024x125x1x1
Kcur-2,kernel_rope_norm_f32,0.011776,512x125x1,64x1x1,128x8x125x1
cache_k_l2 (view),kernel_set_rows_f16_i64,0.017152,128000x1x1,1024x1x1,1024x4096x1x1
cache_v_l2 (reshaped) (view),kernel_set_rows_f16_i64,0.233984,2000x64x1,1x64x1,1x4194304x1x1
kq-2,mul_mm_f16_f32_kq,0.260864,64x4x128,64x1x2,256x125x32x1
kq_soft_max-2,kernel_soft_max_4,0.107008,8000x32x1,64x1x1,256x125x32x1
kqv-2,mul_mm_f16_f32_kqv,0.346112,64x2x128,64x1x2,128x125x32x1
kqv_out-2,kernel_cpy_f32_f32,0.041216,2048x125x1,64x1x1,4096x125x1x1
attn_out-2,kernel_transpose_32_16,0.072960,4096x32x0,16x1x0,4096x125x1x1
attn_out-2,kernel_mul_mat_Ab_Bi_8x4,2.220032,16x1024x4,1x32x4,4096x125x1x1
ffn_inp-2,kernel_add,0.080896,8000x1x1,64x1x1,4096x125x1x1
ffn_norm-2,kernel_rms_norm_mul,0.054016,128000x1x1,1024x1x1,4096x125x1x1
ffn_gate-2,kernel_transpose_32_16,0.071936,4096x32x0,16x1x0,14336x125x1x1
ffn_gate-2,kernel_mul_mat_Ab_Bi_8x4,7.710976,16x3584x4,1x32x4,14336x125x1x1
ffn_up-2,kernel_transpose_32_16,0.071936,4096x32x0,16x1x0,14336x125x1x1
ffn_up-2,kernel_mul_mat_Ab_Bi_8x4,7.687936,16x3584x4,1x32x4,14336x125x1x1
ffn_swiglu-2,kernel_swiglu,0.322048,64000x1x1,512x1x1,14336x125x1x1
ffn_out-2,kernel_transpose_32_16,0.248064,14336x32x0,16x1x0,4096x125x1x1
ffn_out-2,kernel_mul_mat_Ab_Bi_8x4,7.864832,16x1024x4,1x32x4,4096x125x1x1
l_out-2,kernel_add,0.081920,8000x1x1,64x1x1,4096x125x1x1
attn_norm-3,kernel_rms_norm_mul,0.055040,128000x1x1,1024x1x1,4096x125x1x1
Qcur-3,kernel_transpose_32_16,0.071936,4096x32x0,16x1x0,4096x125x1x1
Qcur-3,kernel_mul_mat_Ab_Bi_8x4,2.210048,16x1024x4,1x32x4,4096x125x1x1
Qcur-3,kernel_rope_norm_f32,0.056832,2048x125x1,64x1x1,128x32x125x1
Vcur-3,kernel_transpose_32_16,0.072192,4096x32x0,16x1x0,1024x125x1x1
Vcur-3,kernel_mul_mat_Ab_Bi_8x4,0.618752,16x256x4,1x32x4,1024x125x1x1
Kcur-3,kernel_transpose_32_16,0.072192,4096x32x0,16x1x0,1024x125x1x1
Kcur-3,kernel_mul_mat_Ab_Bi_8x4,0.599040,16x256x4,1x32x4,1024x125x1x1
Kcur-3,kernel_rope_norm_f32,0.012032,512x125x1,64x1x1,128x8x125x1
cache_k_l3 (view),kernel_set_rows_f16_i64,0.017152,128000x1x1,1024x1x1,1024x4096x1x1
cache_v_l3 (reshaped) (view),kernel_set_rows_f16_i64,0.238848,2000x64x1,1x64x1,1x4194304x1x1
kq-3,mul_mm_f16_f32_kq,0.254976,64x4x128,64x1x2,256x125x32x1
kq_soft_max-3,kernel_soft_max_4,0.105984,8000x32x1,64x1x1,256x125x32x1
kqv-3,mul_mm_f16_f32_kqv,0.343040,64x2x128,64x1x2,128x125x32x1
kqv_out-3,kernel_cpy_f32_f32,0.039936,2048x125x1,64x1x1,4096x125x1x1
attn_out-3,kernel_transpose_32_16,0.071936,4096x32x0,16x1x0,4096x125x1x1
attn_out-3,kernel_mul_mat_Ab_Bi_8x4,2.252032,16x1024x4,1x32x4,4096x125x1x1
ffn_inp-3,kernel_add,0.081920,8000x1x1,64x1x1,4096x125x1x1
ffn_norm-3,kernel_rms_norm_mul,0.054016,128000x1x1,1024x1x1,4096x125x1x1
ffn_gate-3,kernel_transpose_32_16,0.072192,4096x32x0,16x1x0,14336x125x1x1
ffn_gate-3,kernel_mul_mat_Ab_Bi_8x4,7.706112,16x3584x4,1x32x4,14336x125x1x1
ffn_up-3,kernel_transpose_32_16,0.071936,4096x32x0,16x1x0,14336x125x1x1
ffn_up-3,kernel_mul_mat_Ab_Bi_8x4,7.644928,16x3584x4,1x32x4,14336x125x1x1
ffn_swiglu-3,kernel_swiglu,0.322816,64000x1x1,512x1x1,14336x125x1x1
ffn_out-3,kernel_transpose_32_16,0.249088,14336x32x0,16x1x0,4096x125x1x1
ffn_out-3,kernel_mul_mat_Ab_Bi_8x4,7.867904,16x1024x4,1x32x4,4096x125x1x1
l_out-3,kernel_add,0.084992,8000x1x1,64x1x1,4096x125x1x1
attn_norm-4,kernel_rms_norm_mul,0.055040,128000x1x1,1024x1x1,4096x125x1x1
Qcur-4,kernel_transpose_32_16,0.071936,4096x32x0,16x1x0,4096x125x1x1
Qcur-4,kernel_mul_mat_Ab_Bi_8x4,2.253056,16x1024x4,1x32x4,4096x125x1x1
Qcur-4,kernel_rope_norm_f32,0.056064,2048x125x1,64x1x1,128x32x125x1
Vcur-4,kernel_transpose_32_16,0.071936,4096x32x0,16x1x0,1024x125x1x1
Vcur-4,kernel_mul_mat_Ab_Bi_8x4,0.614912,16x256x4,1x32x4,1024x125x1x1
Kcur-4,kernel_transpose_32_16,0.071936,4096x32x0,16x1x0,1024x125x1x1
Kcur-4,kernel_mul_mat_Ab_Bi_8x4,0.611072,16x256x4,1x32x4,1024x125x1x1
Kcur-4,kernel_rope_norm_f32,0.012032,512x125x1,64x1x1,128x8x125x1
cache_k_l4 (view),kernel_set_rows_f16_i64,0.016896,128000x1x1,1024x1x1,1024x4096x1x1
cache_v_l4 (reshaped) (view),kernel_set_rows_f16_i64,0.244992,2000x64x1,1x64x1,1x4194304x1x1
kq-4,mul_mm_f16_f32_kq,0.261888,64x4x128,64x1x2,256x125x32x1
kq_soft_max-4,kernel_soft_max_4,0.102144,8000x32x1,64x1x1,256x125x32x1
kqv-4,mul_mm_f16_f32_kqv,0.326912,64x2x128,64x1x2,128x125x32x1
kqv_out-4,kernel_cpy_f32_f32,0.039936,2048x125x1,64x1x1,4096x125x1x1
attn_out-4,kernel_transpose_32_16,0.072960,4096x32x0,16x1x0,4096x125x1x1
attn_out-4,kernel_mul_mat_Ab_Bi_8x4,2.237952,16x1024x4,1x32x4,4096x125x1x1
ffn_inp-4,kernel_add,0.083200,8000x1x1,64x1x1,4096x125x1x1
ffn_norm-4,kernel_rms_norm_mul,0.055040,128000x1x1,1024x1x1,4096x125x1x1
ffn_gate-4,kernel_transpose_32_16,0.072192,4096x32x0,16x1x0,14336x125x1x1
ffn_gate-4,kernel_mul_mat_Ab_Bi_8x4,7.727872,16x3584x4,1x32x4,14336x125x1x1
ffn_up-4,kernel_transpose_32_16,0.071936,4096x32x0,16x1x0,14336x125x1x1
ffn_up-4,kernel_mul_mat_Ab_Bi_8x4,7.661056,16x3584x4,1x32x4,14336x125x1x1
ffn_swiglu-4,kernel_swiglu,0.322048,64000x1x1,512x1x1,14336x125x1x1
ffn_out-4,kernel_transpose_32_16,0.249088,14336x32x0,16x1x0,4096x125x1x1
ffn_out-4,kernel_mul_mat_Ab_Bi_8x4,7.900928,16x1024x4,1x32x4,4096x125x1x1
l_out-4,kernel_add,0.084992,8000x1x1,64x1x1,4096x125x1x1
attn_norm-5,kernel_rms_norm_mul,0.055808,128000x1x1,1024x1x1,4096x125x1x1
Qcur-5,kernel_transpose_32_16,0.071936,4096x32x0,16x1x0,4096x125x1x1
Qcur-5,kernel_mul_mat_Ab_Bi_8x4,2.238208,16x1024x4,1x32x4,4096x125x1x1
Qcur-5,kernel_rope_norm_f32,0.056832,2048x125x1,64x1x1,128x32x125x1
Vcur-5,kernel_transpose_32_16,0.071936,4096x32x0,16x1x0,1024x125x1x1
Vcur-5,kernel_mul_mat_Ab_Bi_8x4,0.608000,16x256x4,1x32x4,1024x125x1x1
Kcur-5,kernel_transpose_32_16,0.071936,4096x32x0,16x1x0,1024x125x1x1
Kcur-5,kernel_mul_mat_Ab_Bi_8x4,0.608000,16x256x4,1x32x4,1024x125x1x1
Kcur-5,kernel_rope_norm_f32,0.012032,512x125x1,64x1x1,128x8x125x1
cache_k_l5 (view),kernel_set_rows_f16_i64,0.013056,128000x1x1,1024x1x1,1024x4096x1x1
cache_v_l5 (reshaped) (view),kernel_set_rows_f16_i64,0.244992,2000x64x1,1x64x1,1x4194304x1x1
kq-5,mul_mm_f16_f32_kq,0.260864,64x4x128,64x1x2,256x125x32x1
kq_soft_max-5,kernel_soft_max_4,0.107008,8000x32x1,64x1x1,256x125x32x1
kqv-5,mul_mm_f16_f32_kqv,0.356096,64x2x128,64x1x2,128x125x32x1
kqv_out-5,kernel_cpy_f32_f32,0.040960,2048x125x1,64x1x1,4096x125x1x1
attn_out-5,kernel_transpose_32_16,0.072960,4096x32x0,16x1x0,4096x125x1x1
attn_out-5,kernel_mul_mat_Ab_Bi_8x4,2.232832,16x1024x4,1x32x4,4096x125x1x1
ffn_inp-5,kernel_add,0.080896,8000x1x1,64x1x1,4096x125x1x1
ffn_norm-5,kernel_rms_norm_mul,0.052992,128000x1x1,1024x1x1,4096x125x1x1
ffn_gate-5,kernel_transpose_32_16,0.072192,4096x32x0,16x1x0,14336x125x1x1
ffn_gate-5,kernel_mul_mat_Ab_Bi_8x4,7.706880,16x3584x4,1x32x4,14336x125x1x1
ffn_up-5,kernel_transpose_32_16,0.071936,4096x32x0,16x1x0,14336x125x1x1
ffn_up-5,kernel_mul_mat_Ab_Bi_8x4,7.672064,16x3584x4,1x32x4,14336x125x1x1
ffn_swiglu-5,kernel_swiglu,0.321792,64000x1x1,512x1x1,14336x125x1x1
ffn_out-5,kernel_transpose_32_16,0.248064,14336x32x0,16x1x0,4096x125x1x1
ffn_out-5,kernel_mul_mat_Ab_Bi_8x4,7.880960,16x1024x4,1x32x4,4096x125x1x1
l_out-5,kernel_add,0.084992,8000x1x1,64x1x1,4096x125x1x1
attn_norm-6,kernel_rms_norm_mul,0.056064,128000x1x1,1024x1x1,4096x125x1x1
Qcur-6,kernel_transpose_32_16,0.071936,4096x32x0,16x1x0,4096x125x1x1
Qcur-6,kernel_mul_mat_Ab_Bi_8x4,2.212096,16x1024x4,1x32x4,4096x125x1x1
Qcur-6,kernel_rope_norm_f32,0.055808,2048x125x1,64x1x1,128x32x125x1
Vcur-6,kernel_transpose_32_16,0.072192,4096x32x0,16x1x0,1024x125x1x1
Vcur-6,kernel_mul_mat_Ab_Bi_8x4,0.615936,16x256x4,1x32x4,1024x125x1x1
Kcur-6,kernel_transpose_32_16,0.071936,4096x32x0,16x1x0,1024x125x1x1
Kcur-6,kernel_mul_mat_Ab_Bi_8x4,0.603136,16x256x4,1x32x4,1024x125x1x1
Kcur-6,kernel_rope_norm_f32,0.012032,512x125x1,64x1x1,128x8x125x1
cache_k_l6 (view),kernel_set_rows_f16_i64,0.016896,128000x1x1,1024x1x1,1024x4096x1x1
cache_v_l6 (reshaped) (view),kernel_set_rows_f16_i64,0.242944,2000x64x1,1x64x1,1x4194304x1x1
kq-6,mul_mm_f16_f32_kq,0.262144,64x4x128,64x1x2,256x125x32x1
kq_soft_max-6,kernel_soft_max_4,0.105984,8000x32x1,64x1x1,256x125x32x1
kqv-6,mul_mm_f16_f32_kqv,0.363008,64x2x128,64x1x2,128x125x32x1
kqv_out-6,kernel_cpy_f32_f32,0.039936,2048x125x1,64x1x1,4096x125x1x1
attn_out-6,kernel_transpose_32_16,0.072960,4096x32x0,16x1x0,4096x125x1x1
attn_out-6,kernel_mul_mat_Ab_Bi_8x4,2.226944,16x1024x4,1x32x4,4096x125x1x1
ffn_inp-6,kernel_add,0.084992,8000x1x1,64x1x1,4096x125x1x1
ffn_norm-6,kernel_rms_norm_mul,0.055040,128000x1x1,1024x1x1,4096x125x1x1
ffn_gate-6,kernel_transpose_32_16,0.071936,4096x32x0,16x1x0,14336x125x1x1
ffn_gate-6,kernel_mul_mat_Ab_Bi_8x4,7.696896,16x3584x4,1x32x4,14336x125x1x1
ffn_up-6,kernel_transpose_32_16,0.072960,4096x32x0,16x1x0,14336x125x1x1
ffn_up-6,kernel_mul_mat_Ab_Bi_8x4,7.648000,16x3584x4,1x32x4,14336x125x1x1
ffn_swiglu-6,kernel_swiglu,0.321024,64000x1x1,512x1x1,14336x125x1x1
ffn_out-6,kernel_transpose_32_16,0.248064,14336x32x0,16x1x0,4096x125x1x1
ffn_out-6,kernel_mul_mat_Ab_Bi_8x4,7.900928,16x1024x4,1x32x4,4096x125x1x1
l_out-6,kernel_add,0.084992,8000x1x1,64x1x1,4096x125x1x1
attn_norm-7,kernel_rms_norm_mul,0.055040,128000x1x1,1024x1x1,4096x125x1x1
Qcur-7,kernel_transpose_32_16,0.071936,4096x32x0,16x1x0,4096x125x1x1
Qcur-7,kernel_mul_mat_Ab_Bi_8x4,2.237952,16x1024x4,1x32x4,4096x125x1x1
Qcur-7,kernel_rope_norm_f32,0.055040,2048x125x1,64x1x1,128x32x125x1
Vcur-7,kernel_transpose_32_16,0.072192,4096x32x0,16x1x0,1024x125x1x1
Vcur-7,kernel_mul_mat_Ab_Bi_8x4,0.610816,16x256x4,1x32x4,1024x125x1x1
Kcur-7,kernel_transpose_32_16,0.072192,4096x32x0,16x1x0,1024x125x1x1
Kcur-7,kernel_mul_mat_Ab_Bi_8x4,0.605952,16x256x4,1x32x4,1024x125x1x1
Kcur-7,kernel_rope_norm_f32,0.012032,512x125x1,64x1x1,128x8x125x1
cache_k_l7 (view),kernel_set_rows_f16_i64,0.018176,128000x1x1,1024x1x1,1024x4096x1x1
cache_v_l7 (reshaped) (view),kernel_set_rows_f16_i64,0.247040,2000x64x1,1x64x1,1x4194304x1x1
kq-7,mul_mm_f16_f32_kq,0.260096,64x4x128,64x1x2,256x125x32x1
kq_soft_max-7,kernel_soft_max_4,0.108800,8000x32x1,64x1x1,256x125x32x1
kqv-7,mul_mm_f16_f32_kqv,0.348160,64x2x128,64x1x2,128x125x32x1
kqv_out-7,kernel_cpy_f32_f32,0.038912,2048x125x1,64x1x1,4096x125x1x1
attn_out-7,kernel_transpose_32_16,0.073984,4096x32x0,16x1x0,4096x125x1x1
attn_out-7,kernel_mul_mat_Ab_Bi_8x4,2.269952,16x1024x4,1x32x4,4096x125x1x1
ffn_inp-7,kernel_add,0.081920,8000x1x1,64x1x1,4096x125x1x1
ffn_norm-7,kernel_rms_norm_mul,0.054016,128000x1x1,1024x1x1,4096x125x1x1
ffn_gate-7,kernel_transpose_32_16,0.071936,4096x32x0,16x1x0,14336x125x1x1
ffn_gate-7,kernel_mul_mat_Ab_Bi_8x4,7.724032,16x3584x4,1x32x4,14336x125x1x1
ffn_up-7,kernel_transpose_32_16,0.072192,4096x32x0,16x1x0,14336x125x1x1
ffn_up-7,kernel_mul_mat_Ab_Bi_8x4,7.698176,16x3584x4,1x32x4,14336x125x1x1
ffn_swiglu-7,kernel_swiglu,0.321792,64000x1x1,512x1x1,14336x125x1x1
ffn_out-7,kernel_transpose_32_16,0.248064,14336x32x0,16x1x0,4096x125x1x1
ffn_out-7,kernel_mul_mat_Ab_Bi_8x4,7.883008,16x1024x4,1x32x4,4096x125x1x1
l_out-7,kernel_add,0.084992,8000x1x1,64x1x1,4096x125x1x1
attn_norm-8,kernel_rms_norm_mul,0.057856,128000x1x1,1024x1x1,4096x125x1x1
Qcur-8,kernel_transpose_32_16,0.072192,4096x32x0,16x1x0,4096x125x1x1
Qcur-8,kernel_mul_mat_Ab_Bi_8x4,2.234880,16x1024x4,1x32x4,4096x125x1x1
Qcur-8,kernel_rope_norm_f32,0.056064,2048x125x1,64x1x1,128x32x125x1
Vcur-8,kernel_transpose_32_16,0.071936,4096x32x0,16x1x0,1024x125x1x1
Vcur-8,kernel_mul_mat_Ab_Bi_8x4,0.654848,16x256x4,1x32x4,1024x125x1x1
Kcur-8,kernel_transpose_32_16,0.072192,4096x32x0,16x1x0,1024x125x1x1
Kcur-8,kernel_mul_mat_Ab_Bi_8x4,0.635904,16x256x4,1x32x4,1024x125x1x1
Kcur-8,kernel_rope_norm_f32,0.012032,512x125x1,64x1x1,128x8x125x1
cache_k_l8 (view),kernel_set_rows_f16_i64,0.017152,128000x1x1,1024x1x1,1024x4096x1x1
cache_v_l8 (reshaped) (view),kernel_set_rows_f16_i64,0.244992,2000x64x1,1x64x1,1x4194304x1x1
kq-8,mul_mm_f16_f32_kq,0.260096,64x4x128,64x1x2,256x125x32x1
kq_soft_max-8,kernel_soft_max_4,0.107008,8000x32x1,64x1x1,256x125x32x1
kqv-8,mul_mm_f16_f32_kqv,0.335104,64x2x128,64x1x2,128x125x32x1
kqv_out-8,kernel_cpy_f32_f32,0.039936,2048x125x1,64x1x1,4096x125x1x1
attn_out-8,kernel_transpose_32_16,0.072960,4096x32x0,16x1x0,4096x125x1x1
attn_out-8,kernel_mul_mat_Ab_Bi_8x4,2.232064,16x1024x4,1x32x4,4096x125x1x1
ffn_inp-8,kernel_add,0.083968,8000x1x1,64x1x1,4096x125x1x1
ffn_norm-8,kernel_rms_norm_mul,0.055808,128000x1x1,1024x1x1,4096x125x1x1
ffn_gate-8,kernel_transpose_32_16,0.072192,4096x32x0,16x1x0,14336x125x1x1
ffn_gate-8,kernel_mul_mat_Ab_Bi_8x4,7.694848,16x3584x4,1x32x4,14336x125x1x1
ffn_up-8,kernel_transpose_32_16,0.071936,4096x32x0,16x1x0,14336x125x1x1
ffn_up-8,kernel_mul_mat_Ab_Bi_8x4,7.706112,16x3584x4,1x32x4,14336x125x1x1
ffn_swiglu-8,kernel_swiglu,0.321024,64000x1x1,512x1x1,14336x125x1x1
ffn_out-8,kernel_transpose_32_16,0.248832,14336x32x0,16x1x0,4096x125x1x1
ffn_out-8,kernel_mul_mat_Ab_Bi_8x4,7.892992,16x1024x4,1x32x4,4096x125x1x1
l_out-8,kernel_add,0.083968,8000x1x1,64x1x1,4096x125x1x1
attn_norm-9,kernel_rms_norm_mul,0.056064,128000x1x1,1024x1x1,4096x125x1x1
Qcur-9,kernel_transpose_32_16,0.071936,4096x32x0,16x1x0,4096x125x1x1
Qcur-9,kernel_mul_mat_Ab_Bi_8x4,2.222080,16x1024x4,1x32x4,4096x125x1x1
Qcur-9,kernel_rope_norm_f32,0.056064,2048x125x1,64x1x1,128x32x125x1
Vcur-9,kernel_transpose_32_16,0.071936,4096x32x0,16x1x0,1024x125x1x1
Vcur-9,kernel_mul_mat_Ab_Bi_8x4,0.630016,16x256x4,1x32x4,1024x125x1x1
Kcur-9,kernel_transpose_32_16,0.071936,4096x32x0,16x1x0,1024x125x1x1
Kcur-9,kernel_mul_mat_Ab_Bi_8x4,0.637952,16x256x4,1x32x4,1024x125x1x1
Kcur-9,kernel_rope_norm_f32,0.012032,512x125x1,64x1x1,128x8x125x1
cache_k_l9 (view),kernel_set_rows_f16_i64,0.016896,128000x1x1,1024x1x1,1024x4096x1x1
cache_v_l9 (reshaped) (view),kernel_set_rows_f16_i64,0.244992,2000x64x1,1x64x1,1x4194304x1x1
kq-9,mul_mm_f16_f32_kq,0.260096,64x4x128,64x1x2,256x125x32x1
kq_soft_max-9,kernel_soft_max_4,0.104960,8000x32x1,64x1x1,256x125x32x1
kqv-9,mul_mm_f16_f32_kqv,0.325888,64x2x128,64x1x2,128x125x32x1
kqv_out-9,kernel_cpy_f32_f32,0.039936,2048x125x1,64x1x1,4096x125x1x1
attn_out-9,kernel_transpose_32_16,0.072960,4096x32x0,16x1x0,4096x125x1x1
attn_out-9,kernel_mul_mat_Ab_Bi_8x4,2.225152,16x1024x4,1x32x4,4096x125x1x1
ffn_inp-9,kernel_add,0.082944,8000x1x1,64x1x1,4096x125x1x1
ffn_norm-9,kernel_rms_norm_mul,0.054016,128000x1x1,1024x1x1,4096x125x1x1
ffn_gate-9,kernel_transpose_32_16,0.071936,4096x32x0,16x1x0,14336x125x1x1
ffn_gate-9,kernel_mul_mat_Ab_Bi_8x4,7.682048,16x3584x4,1x32x4,14336x125x1x1
ffn_up-9,kernel_transpose_32_16,0.071936,4096x32x0,16x1x0,14336x125x1x1
ffn_up-9,kernel_mul_mat_Ab_Bi_8x4,7.699968,16x3584x4,1x32x4,14336x125x1x1
ffn_swiglu-9,kernel_swiglu,0.320000,64000x1x1,512x1x1,14336x125x1x1
ffn_out-9,kernel_transpose_32_16,0.248064,14336x32x0,16x1x0,4096x125x1x1
ffn_out-9,kernel_mul_mat_Ab_Bi_8x4,7.942912,16x1024x4,1x32x4,4096x125x1x1
l_out-9,kernel_add,0.083968,8000x1x1,64x1x1,4096x125x1x1
attn_norm-10,kernel_rms_norm_mul,0.055040,128000x1x1,1024x1x1,4096x125x1x1
Qcur-10,kernel_transpose_32_16,0.071936,4096x32x0,16x1x0,4096x125x1x1
Qcur-10,kernel_mul_mat_Ab_Bi_8x4,2.252032,16x1024x4,1x32x4,4096x125x1x1
Qcur-10,kernel_rope_norm_f32,0.056064,2048x125x1,64x1x1,128x32x125x1
Vcur-10,kernel_transpose_32_16,0.071936,4096x32x0,16x1x0,1024x125x1x1
Vcur-10,kernel_mul_mat_Ab_Bi_8x4,0.612096,16x256x4,1x32x4,1024x125x1x1
Kcur-10,kernel_transpose_32_16,0.071936,4096x32x0,16x1x0,1024x125x1x1
Kcur-10,kernel_mul_mat_Ab_Bi_8x4,0.628992,16x256x4,1x32x4,1024x125x1x1
Kcur-10,kernel_rope_norm_f32,0.012032,512x125x1,64x1x1,128x8x125x1
cache_k_l10 (view),kernel_set_rows_f16_i64,0.016896,128000x1x1,1024x1x1,1024x4096x1x1
cache_v_l10 (reshaped) (view),kernel_set_rows_f16_i64,0.236032,2000x64x1,1x64x1,1x4194304x1x1
kq-10,mul_mm_f16_f32_kq,0.257024,64x4x128,64x1x2,256x125x32x1
kq_soft_max-10,kernel_soft_max_4,0.105984,8000x32x1,64x1x1,256x125x32x1
kqv-10,mul_mm_f16_f32_kqv,0.330752,64x2x128,64x1x2,128x125x32x1
kqv_out-10,kernel_cpy_f32_f32,0.040192,2048x125x1,64x1x1,4096x125x1x1
attn_out-10,kernel_transpose_32_16,0.072960,4096x32x0,16x1x0,4096x125x1x1
attn_out-10,kernel_mul_mat_Ab_Bi_8x4,2.219008,16x1024x4,1x32x4,4096x125x1x1
ffn_inp-10,kernel_add,0.082944,8000x1x1,64x1x1,4096x125x1x1
ffn_norm-10,kernel_rms_norm_mul,0.055040,128000x1x1,1024x1x1,4096x125x1x1
ffn_gate-10,kernel_transpose_32_16,0.072192,4096x32x0,16x1x0,14336x125x1x1
ffn_gate-10,kernel_mul_mat_Ab_Bi_8x4,7.672832,16x3584x4,1x32x4,14336x125x1x1
ffn_up-10,kernel_transpose_32_16,0.071936,4096x32x0,16x1x0,14336x125x1x1
ffn_up-10,kernel_mul_mat_Ab_Bi_8x4,7.709184,16x3584x4,1x32x4,14336x125x1x1
ffn_swiglu-10,kernel_swiglu,0.321792,64000x1x1,512x1x1,14336x125x1x1
ffn_out-10,kernel_transpose_32_16,0.248064,14336x32x0,16x1x0,4096x125x1x1
ffn_out-10,kernel_mul_mat_Ab_Bi_8x4,7.800064,16x1024x4,1x32x4,4096x125x1x1
l_out-10,kernel_add,0.082944,8000x1x1,64x1x1,4096x125x1x1
attn_norm-11,kernel_rms_norm_mul,0.054016,128000x1x1,1024x1x1,4096x125x1x1
Qcur-11,kernel_transpose_32_16,0.072192,4096x32x0,16x1x0,4096x125x1x1
Qcur-11,kernel_mul_mat_Ab_Bi_8x4,2.220032,16x1024x4,1x32x4,4096x125x1x1
Qcur-11,kernel_rope_norm_f32,0.055040,2048x125x1,64x1x1,128x32x125x1
Vcur-11,kernel_transpose_32_16,0.071936,4096x32x0,16x1x0,1024x125x1x1
Vcur-11,kernel_mul_mat_Ab_Bi_8x4,0.615168,16x256x4,1x32x4,1024x125x1x1
Kcur-11,kernel_transpose_32_16,0.072192,4096x32x0,16x1x0,1024x125x1x1
Kcur-11,kernel_mul_mat_Ab_Bi_8x4,0.600064,16x256x4,1x32x4,1024x125x1x1
Kcur-11,kernel_rope_norm_f32,0.011776,512x125x1,64x1x1,128x8x125x1
cache_k_l11 (view),kernel_set_rows_f16_i64,0.017152,128000x1x1,1024x1x1,1024x4096x1x1
cache_v_l11 (reshaped) (view),kernel_set_rows_f16_i64,0.240896,2000x64x1,1x64x1,1x4194304x1x1
kq-11,mul_mm_f16_f32_kq,0.259072,64x4x128,64x1x2,256x125x32x1
kq_soft_max-11,kernel_soft_max_4,0.105984,8000x32x1,64x1x1,256x125x32x1
kqv-11,mul_mm_f16_f32_kqv,0.339968,64x2x128,64x1x2,128x125x32x1
kqv_out-11,kernel_cpy_f32_f32,0.038912,2048x125x1,64x1x1,4096x125x1x1
attn_out-11,kernel_transpose_32_16,0.071936,4096x32x0,16x1x0,4096x125x1x1
attn_out-11,kernel_mul_mat_Ab_Bi_8x4,2.243072,16x1024x4,1x32x4,4096x125x1x1
ffn_inp-11,kernel_add,0.081920,8000x1x1,64x1x1,4096x125x1x1
ffn_norm-11,kernel_rms_norm_mul,0.055040,128000x1x1,1024x1x1,4096x125x1x1
ffn_gate-11,kernel_transpose_32_16,0.071936,4096x32x0,16x1x0,14336x125x1x1
ffn_gate-11,kernel_mul_mat_Ab_Bi_8x4,7.707904,16x3584x4,1x32x4,14336x125x1x1
ffn_up-11,kernel_transpose_32_16,0.071936,4096x32x0,16x1x0,14336x125x1x1
ffn_up-11,kernel_mul_mat_Ab_Bi_8x4,7.678208,16x3584x4,1x32x4,14336x125x1x1
ffn_swiglu-11,kernel_swiglu,0.321024,64000x1x1,512x1x1,14336x125x1x1
ffn_out-11,kernel_transpose_32_16,0.248064,14336x32x0,16x1x0,4096x125x1x1
ffn_out-11,kernel_mul_mat_Ab_Bi_8x4,7.876096,16x1024x4,1x32x4,4096x125x1x1
l_out-11,kernel_add,0.084992,8000x1x1,64x1x1,4096x125x1x1
attn_norm-12,kernel_rms_norm_mul,0.055040,128000x1x1,1024x1x1,4096x125x1x1
Qcur-12,kernel_transpose_32_16,0.071936,4096x32x0,16x1x0,4096x125x1x1
Qcur-12,kernel_mul_mat_Ab_Bi_8x4,2.233088,16x1024x4,1x32x4,4096x125x1x1
Qcur-12,kernel_rope_norm_f32,0.056832,2048x125x1,64x1x1,128x32x125x1
Vcur-12,kernel_transpose_32_16,0.071936,4096x32x0,16x1x0,1024x125x1x1
Vcur-12,kernel_mul_mat_Ab_Bi_8x4,0.621056,16x256x4,1x32x4,1024x125x1x1
Kcur-12,kernel_transpose_32_16,0.071936,4096x32x0,16x1x0,1024x125x1x1
Kcur-12,kernel_mul_mat_Ab_Bi_8x4,0.611072,16x256x4,1x32x4,1024x125x1x1
Kcur-12,kernel_rope_norm_f32,0.012032,512x125x1,64x1x1,128x8x125x1
cache_k_l12 (view),kernel_set_rows_f16_i64,0.016896,128000x1x1,1024x1x1,1024x4096x1x1
cache_v_l12 (reshaped) (view),kernel_set_rows_f16_i64,0.239872,2000x64x1,1x64x1,1x4194304x1x1
kq-12,mul_mm_f16_f32_kq,0.263168,64x4x128,64x1x2,256x125x32x1
kq_soft_max-12,kernel_soft_max_4,0.102912,8000x32x1,64x1x1,256x125x32x1
kqv-12,mul_mm_f16_f32_kqv,0.329984,64x2x128,64x1x2,128x125x32x1
kqv_out-12,kernel_cpy_f32_f32,0.039936,2048x125x1,64x1x1,4096x125x1x1
attn_out-12,kernel_transpose_32_16,0.072960,4096x32x0,16x1x0,4096x125x1x1
attn_out-12,kernel_mul_mat_Ab_Bi_8x4,2.246144,16x1024x4,1x32x4,4096x125x1x1
ffn_inp-12,kernel_add,0.083968,8000x1x1,64x1x1,4096x125x1x1
ffn_norm-12,kernel_rms_norm_mul,0.054016,128000x1x1,1024x1x1,4096x125x1x1
ffn_gate-12,kernel_transpose_32_16,0.071936,4096x32x0,16x1x0,14336x125x1x1
ffn_gate-12,kernel_mul_mat_Ab_Bi_8x4,7.667968,16x3584x4,1x32x4,14336x125x1x1
ffn_up-12,kernel_transpose_32_16,0.071936,4096x32x0,16x1x0,14336x125x1x1
ffn_up-12,kernel_mul_mat_Ab_Bi_8x4,7.683072,16x3584x4,1x32x4,14336x125x1x1
ffn_swiglu-12,kernel_swiglu,0.322048,64000x1x1,512x1x1,14336x125x1x1
ffn_out-12,kernel_transpose_32_16,0.249856,14336x32x0,16x1x0,4096x125x1x1
ffn_out-12,kernel_mul_mat_Ab_Bi_8x4,7.785984,16x1024x4,1x32x4,4096x125x1x1
l_out-12,kernel_add,0.084992,8000x1x1,64x1x1,4096x125x1x1
attn_norm-13,kernel_rms_norm_mul,0.055040,128000x1x1,1024x1x1,4096x125x1x1
Qcur-13,kernel_transpose_32_16,0.071936,4096x32x0,16x1x0,4096x125x1x1
Qcur-13,kernel_mul_mat_Ab_Bi_8x4,2.227968,16x1024x4,1x32x4,4096x125x1x1
Qcur-13,kernel_rope_norm_f32,0.058112,2048x125x1,64x1x1,128x32x125x1
Vcur-13,kernel_transpose_32_16,0.071936,4096x32x0,16x1x0,1024x125x1x1
Vcur-13,kernel_mul_mat_Ab_Bi_8x4,0.611072,16x256x4,1x32x4,1024x125x1x1
Kcur-13,kernel_transpose_32_16,0.071936,4096x32x0,16x1x0,1024x125x1x1
Kcur-13,kernel_mul_mat_Ab_Bi_8x4,0.613888,16x256x4,1x32x4,1024x125x1x1
Kcur-13,kernel_rope_norm_f32,0.012032,512x125x1,64x1x1,128x8x125x1
cache_k_l13 (view),kernel_set_rows_f16_i64,0.014080,128000x1x1,1024x1x1,1024x4096x1x1
cache_v_l13 (reshaped) (view),kernel_set_rows_f16_i64,0.242944,2000x64x1,1x64x1,1x4194304x1x1
kq-13,mul_mm_f16_f32_kq,0.258816,64x4x128,64x1x2,256x125x32x1
kq_soft_max-13,kernel_soft_max_4,0.107008,8000x32x1,64x1x1,256x125x32x1
kqv-13,mul_mm_f16_f32_kqv,0.331008,64x2x128,64x1x2,128x125x32x1
kqv_out-13,kernel_cpy_f32_f32,0.039168,2048x125x1,64x1x1,4096x125x1x1
attn_out-13,kernel_transpose_32_16,0.073984,4096x32x0,16x1x0,4096x125x1x1
attn_out-13,kernel_mul_mat_Ab_Bi_8x4,2.230784,16x1024x4,1x32x4,4096x125x1x1
ffn_inp-13,kernel_add,0.079872,8000x1x1,64x1x1,4096x125x1x1
ffn_norm-13,kernel_rms_norm_mul,0.054016,128000x1x1,1024x1x1,4096x125x1x1
ffn_gate-13,kernel_transpose_32_16,0.071936,4096x32x0,16x1x0,14336x125x1x1
ffn_gate-13,kernel_mul_mat_Ab_Bi_8x4,7.689216,16x3584x4,1x32x4,14336x125x1x1
ffn_up-13,kernel_transpose_32_16,0.072192,4096x32x0,16x1x0,14336x125x1x1
ffn_up-13,kernel_mul_mat_Ab_Bi_8x4,7.671808,16x3584x4,1x32x4,14336x125x1x1
ffn_swiglu-13,kernel_swiglu,0.321024,64000x1x1,512x1x1,14336x125x1x1
ffn_out-13,kernel_transpose_32_16,0.248064,14336x32x0,16x1x0,4096x125x1x1
ffn_out-13,kernel_mul_mat_Ab_Bi_8x4,7.813120,16x1024x4,1x32x4,4096x125x1x1
l_out-13,kernel_add,0.084992,8000x1x1,64x1x1,4096x125x1x1
attn_norm-14,kernel_rms_norm_mul,0.056064,128000x1x1,1024x1x1,4096x125x1x1
Qcur-14,kernel_transpose_32_16,0.071936,4096x32x0,16x1x0,4096x125x1x1
Qcur-14,kernel_mul_mat_Ab_Bi_8x4,2.221056,16x1024x4,1x32x4,4096x125x1x1
Qcur-14,kernel_rope_norm_f32,0.057088,2048x125x1,64x1x1,128x32x125x1
Vcur-14,kernel_transpose_32_16,0.071936,4096x32x0,16x1x0,1024x125x1x1
Vcur-14,kernel_mul_mat_Ab_Bi_8x4,0.613888,16x256x4,1x32x4,1024x125x1x1
Kcur-14,kernel_transpose_32_16,0.071936,4096x32x0,16x1x0,1024x125x1x1
Kcur-14,kernel_mul_mat_Ab_Bi_8x4,0.626944,16x256x4,1x32x4,1024x125x1x1
Kcur-14,kernel_rope_norm_f32,0.012032,512x125x1,64x1x1,128x8x125x1
cache_k_l14 (view),kernel_set_rows_f16_i64,0.016896,128000x1x1,1024x1x1,1024x4096x1x1
cache_v_l14 (reshaped) (view),kernel_set_rows_f16_i64,0.241920,2000x64x1,1x64x1,1x4194304x1x1
kq-14,mul_mm_f16_f32_kq,0.259072,64x4x128,64x1x2,256x125x32x1
kq_soft_max-14,kernel_soft_max_4,0.104960,8000x32x1,64x1x1,256x125x32x1
kqv-14,mul_mm_f16_f32_kqv,0.339968,64x2x128,64x1x2,128x125x32x1
kqv_out-14,kernel_cpy_f32_f32,0.038912,2048x125x1,64x1x1,4096x125x1x1
attn_out-14,kernel_transpose_32_16,0.072960,4096x32x0,16x1x0,4096x125x1x1
attn_out-14,kernel_mul_mat_Ab_Bi_8x4,2.238208,16x1024x4,1x32x4,4096x125x1x1
ffn_inp-14,kernel_add,0.082944,8000x1x1,64x1x1,4096x125x1x1
ffn_norm-14,kernel_rms_norm_mul,0.054016,128000x1x1,1024x1x1,4096x125x1x1
ffn_gate-14,kernel_transpose_32_16,0.071936,4096x32x0,16x1x0,14336x125x1x1
ffn_gate-14,kernel_mul_mat_Ab_Bi_8x4,7.673856,16x3584x4,1x32x4,14336x125x1x1
ffn_up-14,kernel_transpose_32_16,0.071936,4096x32x0,16x1x0,14336x125x1x1
ffn_up-14,kernel_mul_mat_Ab_Bi_8x4,7.670784,16x3584x4,1x32x4,14336x125x1x1
ffn_swiglu-14,kernel_swiglu,0.329984,64000x1x1,512x1x1,14336x125x1x1
ffn_out-14,kernel_transpose_32_16,0.248064,14336x32x0,16x1x0,4096x125x1x1
ffn_out-14,kernel_mul_mat_Ab_Bi_8x4,7.811072,16x1024x4,1x32x4,4096x125x1x1
l_out-14,kernel_add,0.084992,8000x1x1,64x1x1,4096x125x1x1
attn_norm-15,kernel_rms_norm_mul,0.054784,128000x1x1,1024x1x1,4096x125x1x1
Qcur-15,kernel_transpose_32_16,0.072192,4096x32x0,16x1x0,4096x125x1x1
Qcur-15,kernel_mul_mat_Ab_Bi_8x4,2.208000,16x1024x4,1x32x4,4096x125x1x1
Qcur-15,kernel_rope_norm_f32,0.056064,2048x125x1,64x1x1,128x32x125x1
Vcur-15,kernel_transpose_32_16,0.071936,4096x32x0,16x1x0,1024x125x1x1
Vcur-15,kernel_mul_mat_Ab_Bi_8x4,0.611840,16x256x4,1x32x4,1024x125x1x1
Kcur-15,kernel_transpose_32_16,0.072192,4096x32x0,16x1x0,1024x125x1x1
Kcur-15,kernel_mul_mat_Ab_Bi_8x4,0.612864,16x256x4,1x32x4,1024x125x1x1
Kcur-15,kernel_rope_norm_f32,0.012032,512x125x1,64x1x1,128x8x125x1
cache_k_l15 (view),kernel_set_rows_f16_i64,0.016896,128000x1x1,1024x1x1,1024x4096x1x1
cache_v_l15 (reshaped) (view),kernel_set_rows_f16_i64,0.240128,2000x64x1,1x64x1,1x4194304x1x1
kq-15,mul_mm_f16_f32_kq,0.258048,64x4x128,64x1x2,256x125x32x1
kq_soft_max-15,kernel_soft_max_4,0.107008,8000x32x1,64x1x1,256x125x32x1
kqv-15,mul_mm_f16_f32_kqv,0.343040,64x2x128,64x1x2,128x125x32x1
kqv_out-15,kernel_cpy_f32_f32,0.039936,2048x125x1,64x1x1,4096x125x1x1
attn_out-15,kernel_transpose_32_16,0.072960,4096x32x0,16x1x0,4096x125x1x1
attn_out-15,kernel_mul_mat_Ab_Bi_8x4,2.247936,16x1024x4,1x32x4,4096x125x1x1
ffn_inp-15,kernel_add,0.083968,8000x1x1,64x1x1,4096x125x1x1
ffn_norm-15,kernel_rms_norm_mul,0.055040,128000x1x1,1024x1x1,4096x125x1x1
ffn_gate-15,kernel_transpose_32_16,0.071936,4096x32x0,16x1x0,14336x125x1x1
ffn_gate-15,kernel_mul_mat_Ab_Bi_8x4,7.634944,16x3584x4,1x32x4,14336x125x1x1
ffn_up-15,kernel_transpose_32_16,0.071936,4096x32x0,16x1x0,14336x125x1x1
ffn_up-15,kernel_mul_mat_Ab_Bi_8x4,7.644160,16x3584x4,1x32x4,14336x125x1x1
ffn_swiglu-15,kernel_swiglu,0.322048,64000x1x1,512x1x1,14336x125x1x1
ffn_out-15,kernel_transpose_32_16,0.248064,14336x32x0,16x1x0,4096x125x1x1
ffn_out-15,kernel_mul_mat_Ab_Bi_8x4,7.782912,16x1024x4,1x32x4,4096x125x1x1
l_out-15,kernel_add,0.086016,8000x1x1,64x1x1,4096x125x1x1
attn_norm-16,kernel_rms_norm_mul,0.057088,128000x1x1,1024x1x1,4096x125x1x1
Qcur-16,kernel_transpose_32_16,0.071936,4096x32x0,16x1x0,4096x125x1x1
Qcur-16,kernel_mul_mat_Ab_Bi_8x4,2.230016,16x1024x4,1x32x4,4096x125x1x1
Qcur-16,kernel_rope_norm_f32,0.056832,2048x125x1,64x1x1,128x32x125x1
Vcur-16,kernel_transpose_32_16,0.072192,4096x32x0,16x1x0,1024x125x1x1
Vcur-16,kernel_mul_mat_Ab_Bi_8x4,0.628992,16x256x4,1x32x4,1024x125x1x1
Kcur-16,kernel_transpose_32_16,0.072192,4096x32x0,16x1x0,1024x125x1x1
Kcur-16,kernel_mul_mat_Ab_Bi_8x4,0.621056,16x256x4,1x32x4,1024x125x1x1
Kcur-16,kernel_rope_norm_f32,0.012032,512x125x1,64x1x1,128x8x125x1
cache_k_l16 (view),kernel_set_rows_f16_i64,0.016896,128000x1x1,1024x1x1,1024x4096x1x1
cache_v_l16 (reshaped) (view),kernel_set_rows_f16_i64,0.241920,2000x64x1,1x64x1,1x4194304x1x1
kq-16,mul_mm_f16_f32_kq,0.259072,64x4x128,64x1x2,256x125x32x1
kq_soft_max-16,kernel_soft_max_4,0.104960,8000x32x1,64x1x1,256x125x32x1
kqv-16,mul_mm_f16_f32_kqv,0.335104,64x2x128,64x1x2,128x125x32x1
kqv_out-16,kernel_cpy_f32_f32,0.038912,2048x125x1,64x1x1,4096x125x1x1
attn_out-16,kernel_transpose_32_16,0.072960,4096x32x0,16x1x0,4096x125x1x1
attn_out-16,kernel_mul_mat_Ab_Bi_8x4,2.220032,16x1024x4,1x32x4,4096x125x1x1
ffn_inp-16,kernel_add,0.081920,8000x1x1,64x1x1,4096x125x1x1
ffn_norm-16,kernel_rms_norm_mul,0.056064,128000x1x1,1024x1x1,4096x125x1x1
ffn_gate-16,kernel_transpose_32_16,0.071936,4096x32x0,16x1x0,14336x125x1x1
ffn_gate-16,kernel_mul_mat_Ab_Bi_8x4,7.633920,16x3584x4,1x32x4,14336x125x1x1
ffn_up-16,kernel_transpose_32_16,0.072192,4096x32x0,16x1x0,14336x125x1x1
ffn_up-16,kernel_mul_mat_Ab_Bi_8x4,7.689984,16x3584x4,1x32x4,14336x125x1x1
ffn_swiglu-16,kernel_swiglu,0.320000,64000x1x1,512x1x1,14336x125x1x1
ffn_out-16,kernel_transpose_32_16,0.247808,14336x32x0,16x1x0,4096x125x1x1
ffn_out-16,kernel_mul_mat_Ab_Bi_8x4,7.815936,16x1024x4,1x32x4,4096x125x1x1
l_out-16,kernel_add,0.084992,8000x1x1,64x1x1,4096x125x1x1
attn_norm-17,kernel_rms_norm_mul,0.054016,128000x1x1,1024x1x1,4096x125x1x1
Qcur-17,kernel_transpose_32_16,0.071936,4096x32x0,16x1x0,4096x125x1x1
Qcur-17,kernel_mul_mat_Ab_Bi_8x4,2.232064,16x1024x4,1x32x4,4096x125x1x1
Qcur-17,kernel_rope_norm_f32,0.056064,2048x125x1,64x1x1,128x32x125x1
Vcur-17,kernel_transpose_32_16,0.071936,4096x32x0,16x1x0,1024x125x1x1
Vcur-17,kernel_mul_mat_Ab_Bi_8x4,0.600064,16x256x4,1x32x4,1024x125x1x1
Kcur-17,kernel_transpose_32_16,0.071936,4096x32x0,16x1x0,1024x125x1x1
Kcur-17,kernel_mul_mat_Ab_Bi_8x4,0.602112,16x256x4,1x32x4,1024x125x1x1
Kcur-17,kernel_rope_norm_f32,0.011776,512x125x1,64x1x1,128x8x125x1
cache_k_l17 (view),kernel_set_rows_f16_i64,0.017152,128000x1x1,1024x1x1,1024x4096x1x1
cache_v_l17 (reshaped) (view),kernel_set_rows_f16_i64,0.244992,2000x64x1,1x64x1,1x4194304x1x1
kq-17,mul_mm_f16_f32_kq,0.257024,64x4x128,64x1x2,256x125x32x1
kq_soft_max-17,kernel_soft_max_4,0.106240,8000x32x1,64x1x1,256x125x32x1
kqv-17,mul_mm_f16_f32_kqv,0.334080,64x2x128,64x1x2,128x125x32x1
kqv_out-17,kernel_cpy_f32_f32,0.039936,2048x125x1,64x1x1,4096x125x1x1
attn_out-17,kernel_transpose_32_16,0.072960,4096x32x0,16x1x0,4096x125x1x1
attn_out-17,kernel_mul_mat_Ab_Bi_8x4,2.215936,16x1024x4,1x32x4,4096x125x1x1
ffn_inp-17,kernel_add,0.083200,8000x1x1,64x1x1,4096x125x1x1
ffn_norm-17,kernel_rms_norm_mul,0.055040,128000x1x1,1024x1x1,4096x125x1x1
ffn_gate-17,kernel_transpose_32_16,0.072192,4096x32x0,16x1x0,14336x125x1x1
ffn_gate-17,kernel_mul_mat_Ab_Bi_8x4,7.615232,16x3584x4,1x32x4,14336x125x1x1
ffn_up-17,kernel_transpose_32_16,0.071936,4096x32x0,16x1x0,14336x125x1x1
ffn_up-17,kernel_mul_mat_Ab_Bi_8x4,7.681024,16x3584x4,1x32x4,14336x125x1x1
ffn_swiglu-17,kernel_swiglu,0.324096,64000x1x1,512x1x1,14336x125x1x1
ffn_out-17,kernel_transpose_32_16,0.247808,14336x32x0,16x1x0,4096x125x1x1
ffn_out-17,kernel_mul_mat_Ab_Bi_8x4,7.814144,16x1024x4,1x32x4,4096x125x1x1
l_out-17,kernel_add,0.084992,8000x1x1,64x1x1,4096x125x1x1
attn_norm-18,kernel_rms_norm_mul,0.054784,128000x1x1,1024x1x1,4096x125x1x1
Qcur-18,kernel_transpose_32_16,0.072192,4096x32x0,16x1x0,4096x125x1x1
Qcur-18,kernel_mul_mat_Ab_Bi_8x4,2.223872,16x1024x4,1x32x4,4096x125x1x1
Qcur-18,kernel_rope_norm_f32,0.057088,2048x125x1,64x1x1,128x32x125x1
Vcur-18,kernel_transpose_32_16,0.071936,4096x32x0,16x1x0,1024x125x1x1
Vcur-18,kernel_mul_mat_Ab_Bi_8x4,0.596992,16x256x4,1x32x4,1024x125x1x1
Kcur-18,kernel_transpose_32_16,0.071936,4096x32x0,16x1x0,1024x125x1x1
Kcur-18,kernel_mul_mat_Ab_Bi_8x4,0.620032,16x256x4,1x32x4,1024x125x1x1
Kcur-18,kernel_rope_norm_f32,0.012032,512x125x1,64x1x1,128x8x125x1
cache_k_l18 (view),kernel_set_rows_f16_i64,0.015872,128000x1x1,1024x1x1,1024x4096x1x1
cache_v_l18 (reshaped) (view),kernel_set_rows_f16_i64,0.239104,2000x64x1,1x64x1,1x4194304x1x1
kq-18,mul_mm_f16_f32_kq,0.260864,64x4x128,64x1x2,256x125x32x1
kq_soft_max-18,kernel_soft_max_4,0.107008,8000x32x1,64x1x1,256x125x32x1
kqv-18,mul_mm_f16_f32_kqv,0.317952,64x2x128,64x1x2,128x125x32x1
kqv_out-18,kernel_cpy_f32_f32,0.039168,2048x125x1,64x1x1,4096x125x1x1
attn_out-18,kernel_transpose_32_16,0.072960,4096x32x0,16x1x0,4096x125x1x1
attn_out-18,kernel_mul_mat_Ab_Bi_8x4,2.220032,16x1024x4,1x32x4,4096x125x1x1
ffn_inp-18,kernel_add,0.081920,8000x1x1,64x1x1,4096x125x1x1
ffn_norm-18,kernel_rms_norm_mul,0.054016,128000x1x1,1024x1x1,4096x125x1x1
ffn_gate-18,kernel_transpose_32_16,0.071936,4096x32x0,16x1x0,14336x125x1x1
ffn_gate-18,kernel_mul_mat_Ab_Bi_8x4,7.673856,16x3584x4,1x32x4,14336x125x1x1
ffn_up-18,kernel_transpose_32_16,0.072192,4096x32x0,16x1x0,14336x125x1x1
ffn_up-18,kernel_mul_mat_Ab_Bi_8x4,7.708928,16x3584x4,1x32x4,14336x125x1x1
ffn_swiglu-18,kernel_swiglu,0.322048,64000x1x1,512x1x1,14336x125x1x1
ffn_out-18,kernel_transpose_32_16,0.247808,14336x32x0,16x1x0,4096x125x1x1
ffn_out-18,kernel_mul_mat_Ab_Bi_8x4,7.837952,16x1024x4,1x32x4,4096x125x1x1
l_out-18,kernel_add,0.083968,8000x1x1,64x1x1,4096x125x1x1
attn_norm-19,kernel_rms_norm_mul,0.056064,128000x1x1,1024x1x1,4096x125x1x1
Qcur-19,kernel_transpose_32_16,0.071936,4096x32x0,16x1x0,4096x125x1x1
Qcur-19,kernel_mul_mat_Ab_Bi_8x4,2.219008,16x1024x4,1x32x4,4096x125x1x1
Qcur-19,kernel_rope_norm_f32,0.057856,2048x125x1,64x1x1,128x32x125x1
Vcur-19,kernel_transpose_32_16,0.071936,4096x32x0,16x1x0,1024x125x1x1
Vcur-19,kernel_mul_mat_Ab_Bi_8x4,0.615168,16x256x4,1x32x4,1024x125x1x1
Kcur-19,kernel_transpose_32_16,0.071936,4096x32x0,16x1x0,1024x125x1x1
Kcur-19,kernel_mul_mat_Ab_Bi_8x4,0.616960,16x256x4,1x32x4,1024x125x1x1
Kcur-19,kernel_rope_norm_f32,0.012032,512x125x1,64x1x1,128x8x125x1
cache_k_l19 (view),kernel_set_rows_f16_i64,0.016896,128000x1x1,1024x1x1,1024x4096x1x1
cache_v_l19 (reshaped) (view),kernel_set_rows_f16_i64,0.241920,2000x64x1,1x64x1,1x4194304x1x1
kq-19,mul_mm_f16_f32_kq,0.259072,64x4x128,64x1x2,256x125x32x1
kq_soft_max-19,kernel_soft_max_4,0.107008,8000x32x1,64x1x1,256x125x32x1
kqv-19,mul_mm_f16_f32_kqv,0.335872,64x2x128,64x1x2,128x125x32x1
kqv_out-19,kernel_cpy_f32_f32,0.040192,2048x125x1,64x1x1,4096x125x1x1
attn_out-19,kernel_transpose_32_16,0.071936,4096x32x0,16x1x0,4096x125x1x1
attn_out-19,kernel_mul_mat_Ab_Bi_8x4,2.211840,16x1024x4,1x32x4,4096x125x1x1
ffn_inp-19,kernel_add,0.080128,8000x1x1,64x1x1,4096x125x1x1
ffn_norm-19,kernel_rms_norm_mul,0.055040,128000x1x1,1024x1x1,4096x125x1x1
ffn_gate-19,kernel_transpose_32_16,0.071936,4096x32x0,16x1x0,14336x125x1x1
ffn_gate-19,kernel_mul_mat_Ab_Bi_8x4,7.638016,16x3584x4,1x32x4,14336x125x1x1
ffn_up-19,kernel_transpose_32_16,0.071936,4096x32x0,16x1x0,14336x125x1x1
ffn_up-19,kernel_mul_mat_Ab_Bi_8x4,7.692800,16x3584x4,1x32x4,14336x125x1x1
ffn_swiglu-19,kernel_swiglu,0.321024,64000x1x1,512x1x1,14336x125x1x1
ffn_out-19,kernel_transpose_32_16,0.247808,14336x32x0,16x1x0,4096x125x1x1
ffn_out-19,kernel_mul_mat_Ab_Bi_8x4,7.823104,16x1024x4,1x32x4,4096x125x1x1
l_out-19,kernel_add,0.084992,8000x1x1,64x1x1,4096x125x1x1
attn_norm-20,kernel_rms_norm_mul,0.056064,128000x1x1,1024x1x1,4096x125x1x1
Qcur-20,kernel_transpose_32_16,0.071936,4096x32x0,16x1x0,4096x125x1x1
Qcur-20,kernel_mul_mat_Ab_Bi_8x4,2.231040,16x1024x4,1x32x4,4096x125x1x1
Qcur-20,kernel_rope_norm_f32,0.057088,2048x125x1,64x1x1,128x32x125x1
Vcur-20,kernel_transpose_32_16,0.071936,4096x32x0,16x1x0,1024x125x1x1
Vcur-20,kernel_mul_mat_Ab_Bi_8x4,0.606976,16x256x4,1x32x4,1024x125x1x1
Kcur-20,kernel_transpose_32_16,0.072192,4096x32x0,16x1x0,1024x125x1x1
Kcur-20,kernel_mul_mat_Ab_Bi_8x4,0.623104,16x256x4,1x32x4,1024x125x1x1
Kcur-20,kernel_rope_norm_f32,0.012032,512x125x1,64x1x1,128x8x125x1
cache_k_l20 (view),kernel_set_rows_f16_i64,0.016896,128000x1x1,1024x1x1,1024x4096x1x1
cache_v_l20 (reshaped) (view),kernel_set_rows_f16_i64,0.242944,2000x64x1,1x64x1,1x4194304x1x1
kq-20,mul_mm_f16_f32_kq,0.257024,64x4x128,64x1x2,256x125x32x1
kq_soft_max-20,kernel_soft_max_4,0.102144,8000x32x1,64x1x1,256x125x32x1
kqv-20,mul_mm_f16_f32_kqv,0.337920,64x2x128,64x1x2,128x125x32x1
kqv_out-20,kernel_cpy_f32_f32,0.038912,2048x125x1,64x1x1,4096x125x1x1
attn_out-20,kernel_transpose_32_16,0.072960,4096x32x0,16x1x0,4096x125x1x1
attn_out-20,kernel_mul_mat_Ab_Bi_8x4,2.215168,16x1024x4,1x32x4,4096x125x1x1
ffn_inp-20,kernel_add,0.084224,8000x1x1,64x1x1,4096x125x1x1
ffn_norm-20,kernel_rms_norm_mul,0.054784,128000x1x1,1024x1x1,4096x125x1x1
ffn_gate-20,kernel_transpose_32_16,0.072192,4096x32x0,16x1x0,14336x125x1x1
ffn_gate-20,kernel_mul_mat_Ab_Bi_8x4,7.655936,16x3584x4,1x32x4,14336x125x1x1
ffn_up-20,kernel_transpose_32_16,0.071936,4096x32x0,16x1x0,14336x125x1x1
ffn_up-20,kernel_mul_mat_Ab_Bi_8x4,7.670016,16x3584x4,1x32x4,14336x125x1x1
ffn_swiglu-20,kernel_swiglu,0.320000,64000x1x1,512x1x1,14336x125x1x1
ffn_out-20,kernel_transpose_32_16,0.247808,14336x32x0,16x1x0,4096x125x1x1
ffn_out-20,kernel_mul_mat_Ab_Bi_8x4,7.780096,16x1024x4,1x32x4,4096x125x1x1
l_out-20,kernel_add,0.083968,8000x1x1,64x1x1,4096x125x1x1
attn_norm-21,kernel_rms_norm_mul,0.057088,128000x1x1,1024x1x1,4096x125x1x1
Qcur-21,kernel_transpose_32_16,0.072192,4096x32x0,16x1x0,4096x125x1x1
Qcur-21,kernel_mul_mat_Ab_Bi_8x4,2.220032,16x1024x4,1x32x4,4096x125x1x1
Qcur-21,kernel_rope_norm_f32,0.057088,2048x125x1,64x1x1,128x32x125x1
Vcur-21,kernel_transpose_32_16,0.071936,4096x32x0,16x1x0,1024x125x1x1
Vcur-21,kernel_mul_mat_Ab_Bi_8x4,0.636160,16x256x4,1x32x4,1024x125x1x1
Kcur-21,kernel_transpose_32_16,0.071936,4096x32x0,16x1x0,1024x125x1x1
Kcur-21,kernel_mul_mat_Ab_Bi_8x4,0.615936,16x256x4,1x32x4,1024x125x1x1
Kcur-21,kernel_rope_norm_f32,0.012032,512x125x1,64x1x1,128x8x125x1
cache_k_l21 (view),kernel_set_rows_f16_i64,0.013824,128000x1x1,1024x1x1,1024x4096x1x1
cache_v_l21 (reshaped) (view),kernel_set_rows_f16_i64,0.239104,2000x64x1,1x64x1,1x4194304x1x1
kq-21,mul_mm_f16_f32_kq,0.261888,64x4x128,64x1x2,256x125x32x1
kq_soft_max-21,kernel_soft_max_4,0.104960,8000x32x1,64x1x1,256x125x32x1
kqv-21,mul_mm_f16_f32_kqv,0.339968,64x2x128,64x1x2,128x125x32x1
kqv_out-21,kernel_cpy_f32_f32,0.039168,2048x125x1,64x1x1,4096x125x1x1
attn_out-21,kernel_transpose_32_16,0.073984,4096x32x0,16x1x0,4096x125x1x1
attn_out-21,kernel_mul_mat_Ab_Bi_8x4,2.209024,16x1024x4,1x32x4,4096x125x1x1
ffn_inp-21,kernel_add,0.079872,8000x1x1,64x1x1,4096x125x1x1
ffn_norm-21,kernel_rms_norm_mul,0.057088,128000x1x1,1024x1x1,4096x125x1x1
ffn_gate-21,kernel_transpose_32_16,0.071936,4096x32x0,16x1x0,14336x125x1x1
ffn_gate-21,kernel_mul_mat_Ab_Bi_8x4,7.691008,16x3584x4,1x32x4,14336x125x1x1
ffn_up-21,kernel_transpose_32_16,0.071936,4096x32x0,16x1x0,14336x125x1x1
ffn_up-21,kernel_mul_mat_Ab_Bi_8x4,7.708160,16x3584x4,1x32x4,14336x125x1x1
ffn_swiglu-21,kernel_swiglu,0.321792,64000x1x1,512x1x1,14336x125x1x1
ffn_out-21,kernel_transpose_32_16,0.248064,14336x32x0,16x1x0,4096x125x1x1
ffn_out-21,kernel_mul_mat_Ab_Bi_8x4,7.944960,16x1024x4,1x32x4,4096x125x1x1
l_out-21,kernel_add,0.084992,8000x1x1,64x1x1,4096x125x1x1
attn_norm-22,kernel_rms_norm_mul,0.054016,128000x1x1,1024x1x1,4096x125x1x1
Qcur-22,kernel_transpose_32_16,0.071936,4096x32x0,16x1x0,4096x125x1x1
Qcur-22,kernel_mul_mat_Ab_Bi_8x4,2.227200,16x1024x4,1x32x4,4096x125x1x1
Qcur-22,kernel_rope_norm_f32,0.056832,2048x125x1,64x1x1,128x32x125x1
Vcur-22,kernel_transpose_32_16,0.071936,4096x32x0,16x1x0,1024x125x1x1
Vcur-22,kernel_mul_mat_Ab_Bi_8x4,0.616960,16x256x4,1x32x4,1024x125x1x1
Kcur-22,kernel_transpose_32_16,0.071936,4096x32x0,16x1x0,1024x125x1x1
Kcur-22,kernel_mul_mat_Ab_Bi_8x4,0.627968,16x256x4,1x32x4,1024x125x1x1
Kcur-22,kernel_rope_norm_f32,0.012032,512x125x1,64x1x1,128x8x125x1
cache_k_l22 (view),kernel_set_rows_f16_i64,0.017920,128000x1x1,1024x1x1,1024x4096x1x1
cache_v_l22 (reshaped) (view),kernel_set_rows_f16_i64,0.239872,2000x64x1,1x64x1,1x4194304x1x1
kq-22,mul_mm_f16_f32_kq,0.260096,64x4x128,64x1x2,256x125x32x1
kq_soft_max-22,kernel_soft_max_4,0.105984,8000x32x1,64x1x1,256x125x32x1
kqv-22,mul_mm_f16_f32_kqv,0.343040,64x2x128,64x1x2,128x125x32x1
kqv_out-22,kernel_cpy_f32_f32,0.039936,2048x125x1,64x1x1,4096x125x1x1
attn_out-22,kernel_transpose_32_16,0.072960,4096x32x0,16x1x0,4096x125x1x1
attn_out-22,kernel_mul_mat_Ab_Bi_8x4,2.225152,16x1024x4,1x32x4,4096x125x1x1
ffn_inp-22,kernel_add,0.080896,8000x1x1,64x1x1,4096x125x1x1
ffn_norm-22,kernel_rms_norm_mul,0.057088,128000x1x1,1024x1x1,4096x125x1x1
ffn_gate-22,kernel_transpose_32_16,0.071936,4096x32x0,16x1x0,14336x125x1x1
ffn_gate-22,kernel_mul_mat_Ab_Bi_8x4,7.661824,16x3584x4,1x32x4,14336x125x1x1
ffn_up-22,kernel_transpose_32_16,0.072192,4096x32x0,16x1x0,14336x125x1x1
ffn_up-22,kernel_mul_mat_Ab_Bi_8x4,7.659008,16x3584x4,1x32x4,14336x125x1x1
ffn_swiglu-22,kernel_swiglu,0.323072,64000x1x1,512x1x1,14336x125x1x1
ffn_out-22,kernel_transpose_32_16,0.248064,14336x32x0,16x1x0,4096x125x1x1
ffn_out-22,kernel_mul_mat_Ab_Bi_8x4,7.823872,16x1024x4,1x32x4,4096x125x1x1
l_out-22,kernel_add,0.082944,8000x1x1,64x1x1,4096x125x1x1
attn_norm-23,kernel_rms_norm_mul,0.055040,128000x1x1,1024x1x1,4096x125x1x1
Qcur-23,kernel_transpose_32_16,0.071936,4096x32x0,16x1x0,4096x125x1x1
Qcur-23,kernel_mul_mat_Ab_Bi_8x4,2.213120,16x1024x4,1x32x4,4096x125x1x1
Qcur-23,kernel_rope_norm_f32,0.056064,2048x125x1,64x1x1,128x32x125x1
Vcur-23,kernel_transpose_32_16,0.071936,4096x32x0,16x1x0,1024x125x1x1
Vcur-23,kernel_mul_mat_Ab_Bi_8x4,0.634112,16x256x4,1x32x4,1024x125x1x1
Kcur-23,kernel_transpose_32_16,0.071936,4096x32x0,16x1x0,1024x125x1x1
Kcur-23,kernel_mul_mat_Ab_Bi_8x4,0.613888,16x256x4,1x32x4,1024x125x1x1
Kcur-23,kernel_rope_norm_f32,0.012032,512x125x1,64x1x1,128x8x125x1
cache_k_l23 (view),kernel_set_rows_f16_i64,0.016896,128000x1x1,1024x1x1,1024x4096x1x1
cache_v_l23 (reshaped) (view),kernel_set_rows_f16_i64,0.241152,2000x64x1,1x64x1,1x4194304x1x1
kq-23,mul_mm_f16_f32_kq,0.258048,64x4x128,64x1x2,256x125x32x1
kq_soft_max-23,kernel_soft_max_4,0.105984,8000x32x1,64x1x1,256x125x32x1
kqv-23,mul_mm_f16_f32_kqv,0.317952,64x2x128,64x1x2,128x125x32x1
kqv_out-23,kernel_cpy_f32_f32,0.039168,2048x125x1,64x1x1,4096x125x1x1
attn_out-23,kernel_transpose_32_16,0.072960,4096x32x0,16x1x0,4096x125x1x1
attn_out-23,kernel_mul_mat_Ab_Bi_8x4,2.210816,16x1024x4,1x32x4,4096x125x1x1
ffn_inp-23,kernel_add,0.082176,8000x1x1,64x1x1,4096x125x1x1
ffn_norm-23,kernel_rms_norm_mul,0.054784,128000x1x1,1024x1x1,4096x125x1x1
ffn_gate-23,kernel_transpose_32_16,0.072192,4096x32x0,16x1x0,14336x125x1x1
ffn_gate-23,kernel_mul_mat_Ab_Bi_8x4,7.687168,16x3584x4,1x32x4,14336x125x1x1
ffn_up-23,kernel_transpose_32_16,0.071936,4096x32x0,16x1x0,14336x125x1x1
ffn_up-23,kernel_mul_mat_Ab_Bi_8x4,7.697920,16x3584x4,1x32x4,14336x125x1x1
ffn_swiglu-23,kernel_swiglu,0.322048,64000x1x1,512x1x1,14336x125x1x1
ffn_out-23,kernel_transpose_32_16,0.249088,14336x32x0,16x1x0,4096x125x1x1
ffn_out-23,kernel_mul_mat_Ab_Bi_8x4,7.845120,16x1024x4,1x32x4,4096x125x1x1
l_out-23,kernel_add,0.084992,8000x1x1,64x1x1,4096x125x1x1
attn_norm-24,kernel_rms_norm_mul,0.054016,128000x1x1,1024x1x1,4096x125x1x1
Qcur-24,kernel_transpose_32_16,0.071936,4096x32x0,16x1x0,4096x125x1x1
Qcur-24,kernel_mul_mat_Ab_Bi_8x4,2.254848,16x1024x4,1x32x4,4096x125x1x1
Qcur-24,kernel_rope_norm_f32,0.056064,2048x125x1,64x1x1,128x32x125x1
Vcur-24,kernel_transpose_32_16,0.071936,4096x32x0,16x1x0,1024x125x1x1
Vcur-24,kernel_mul_mat_Ab_Bi_8x4,0.638976,16x256x4,1x32x4,1024x125x1x1
Kcur-24,kernel_transpose_32_16,0.072192,4096x32x0,16x1x0,1024x125x1x1
Kcur-24,kernel_mul_mat_Ab_Bi_8x4,0.624896,16x256x4,1x32x4,1024x125x1x1
Kcur-24,kernel_rope_norm_f32,0.012032,512x125x1,64x1x1,128x8x125x1
cache_k_l24 (view),kernel_set_rows_f16_i64,0.017152,128000x1x1,1024x1x1,1024x4096x1x1
cache_v_l24 (reshaped) (view),kernel_set_rows_f16_i64,0.239104,2000x64x1,1x64x1,1x4194304x1x1
kq-24,mul_mm_f16_f32_kq,0.258048,64x4x128,64x1x2,256x125x32x1
kq_soft_max-24,kernel_soft_max_4,0.105984,8000x32x1,64x1x1,256x125x32x1
kqv-24,mul_mm_f16_f32_kqv,0.344832,64x2x128,64x1x2,128x125x32x1
kqv_out-24,kernel_cpy_f32_f32,0.040192,2048x125x1,64x1x1,4096x125x1x1
attn_out-24,kernel_transpose_32_16,0.072960,4096x32x0,16x1x0,4096x125x1x1
attn_out-24,kernel_mul_mat_Ab_Bi_8x4,2.211840,16x1024x4,1x32x4,4096x125x1x1
ffn_inp-24,kernel_add,0.083200,8000x1x1,64x1x1,4096x125x1x1
ffn_norm-24,kernel_rms_norm_mul,0.055808,128000x1x1,1024x1x1,4096x125x1x1
ffn_gate-24,kernel_transpose_32_16,0.071936,4096x32x0,16x1x0,14336x125x1x1
ffn_gate-24,kernel_mul_mat_Ab_Bi_8x4,7.655168,16x3584x4,1x32x4,14336x125x1x1
ffn_up-24,kernel_transpose_32_16,0.071936,4096x32x0,16x1x0,14336x125x1x1
ffn_up-24,kernel_mul_mat_Ab_Bi_8x4,7.665920,16x3584x4,1x32x4,14336x125x1x1
ffn_swiglu-24,kernel_swiglu,0.321024,64000x1x1,512x1x1,14336x125x1x1
ffn_out-24,kernel_transpose_32_16,0.249088,14336x32x0,16x1x0,4096x125x1x1
ffn_out-24,kernel_mul_mat_Ab_Bi_8x4,7.844864,16x1024x4,1x32x4,4096x125x1x1
l_out-24,kernel_add,0.083968,8000x1x1,64x1x1,4096x125x1x1
attn_norm-25,kernel_rms_norm_mul,0.055040,128000x1x1,1024x1x1,4096x125x1x1
Qcur-25,kernel_transpose_32_16,0.071936,4096x32x0,16x1x0,4096x125x1x1
Qcur-25,kernel_mul_mat_Ab_Bi_8x4,2.215936,16x1024x4,1x32x4,4096x125x1x1
Qcur-25,kernel_rope_norm_f32,0.056064,2048x125x1,64x1x1,128x32x125x1
Vcur-25,kernel_transpose_32_16,0.071936,4096x32x0,16x1x0,1024x125x1x1
Vcur-25,kernel_mul_mat_Ab_Bi_8x4,0.594944,16x256x4,1x32x4,1024x125x1x1
Kcur-25,kernel_transpose_32_16,0.071936,4096x32x0,16x1x0,1024x125x1x1
Kcur-25,kernel_mul_mat_Ab_Bi_8x4,0.619008,16x256x4,1x32x4,1024x125x1x1
Kcur-25,kernel_rope_norm_f32,0.012032,512x125x1,64x1x1,128x8x125x1
cache_k_l25 (view),kernel_set_rows_f16_i64,0.016896,128000x1x1,1024x1x1,1024x4096x1x1
cache_v_l25 (reshaped) (view),kernel_set_rows_f16_i64,0.241920,2000x64x1,1x64x1,1x4194304x1x1
kq-25,mul_mm_f16_f32_kq,0.261120,64x4x128,64x1x2,256x125x32x1
kq_soft_max-25,kernel_soft_max_4,0.105984,8000x32x1,64x1x1,256x125x32x1
kqv-25,mul_mm_f16_f32_kqv,0.331008,64x2x128,64x1x2,128x125x32x1
kqv_out-25,kernel_cpy_f32_f32,0.040960,2048x125x1,64x1x1,4096x125x1x1
attn_out-25,kernel_transpose_32_16,0.071936,4096x32x0,16x1x0,4096x125x1x1
attn_out-25,kernel_mul_mat_Ab_Bi_8x4,2.222848,16x1024x4,1x32x4,4096x125x1x1
ffn_inp-25,kernel_add,0.082176,8000x1x1,64x1x1,4096x125x1x1
ffn_norm-25,kernel_rms_norm_mul,0.054784,128000x1x1,1024x1x1,4096x125x1x1
ffn_gate-25,kernel_transpose_32_16,0.072192,4096x32x0,16x1x0,14336x125x1x1
ffn_gate-25,kernel_mul_mat_Ab_Bi_8x4,7.684096,16x3584x4,1x32x4,14336x125x1x1
ffn_up-25,kernel_transpose_32_16,0.071936,4096x32x0,16x1x0,14336x125x1x1
ffn_up-25,kernel_mul_mat_Ab_Bi_8x4,7.672832,16x3584x4,1x32x4,14336x125x1x1
ffn_swiglu-25,kernel_swiglu,0.318976,64000x1x1,512x1x1,14336x125x1x1
ffn_out-25,kernel_transpose_32_16,0.248064,14336x32x0,16x1x0,4096x125x1x1
ffn_out-25,kernel_mul_mat_Ab_Bi_8x4,7.836928,16x1024x4,1x32x4,4096x125x1x1
l_out-25,kernel_add,0.086016,8000x1x1,64x1x1,4096x125x1x1
attn_norm-26,kernel_rms_norm_mul,0.056064,128000x1x1,1024x1x1,4096x125x1x1
Qcur-26,kernel_transpose_32_16,0.071936,4096x32x0,16x1x0,4096x125x1x1
Qcur-26,kernel_mul_mat_Ab_Bi_8x4,2.209024,16x1024x4,1x32x4,4096x125x1x1
Qcur-26,kernel_rope_norm_f32,0.055040,2048x125x1,64x1x1,128x32x125x1
Vcur-26,kernel_transpose_32_16,0.071936,4096x32x0,16x1x0,1024x125x1x1
Vcur-26,kernel_mul_mat_Ab_Bi_8x4,0.613888,16x256x4,1x32x4,1024x125x1x1
Kcur-26,kernel_transpose_32_16,0.072192,4096x32x0,16x1x0,1024x125x1x1
Kcur-26,kernel_mul_mat_Ab_Bi_8x4,0.621056,16x256x4,1x32x4,1024x125x1x1
Kcur-26,kernel_rope_norm_f32,0.012032,512x125x1,64x1x1,128x8x125x1
cache_k_l26 (view),kernel_set_rows_f16_i64,0.016128,128000x1x1,1024x1x1,1024x4096x1x1
cache_v_l26 (reshaped) (view),kernel_set_rows_f16_i64,0.235008,2000x64x1,1x64x1,1x4194304x1x1
kq-26,mul_mm_f16_f32_kq,0.259072,64x4x128,64x1x2,256x125x32x1
kq_soft_max-26,kernel_soft_max_4,0.105984,8000x32x1,64x1x1,256x125x32x1
kqv-26,mul_mm_f16_f32_kqv,0.329984,64x2x128,64x1x2,128x125x32x1
kqv_out-26,kernel_cpy_f32_f32,0.038912,2048x125x1,64x1x1,4096x125x1x1
attn_out-26,kernel_transpose_32_16,0.073984,4096x32x0,16x1x0,4096x125x1x1
attn_out-26,kernel_mul_mat_Ab_Bi_8x4,2.217984,16x1024x4,1x32x4,4096x125x1x1
ffn_inp-26,kernel_add,0.082944,8000x1x1,64x1x1,4096x125x1x1
ffn_norm-26,kernel_rms_norm_mul,0.056064,128000x1x1,1024x1x1,4096x125x1x1
ffn_gate-26,kernel_transpose_32_16,0.071936,4096x32x0,16x1x0,14336x125x1x1
ffn_gate-26,kernel_mul_mat_Ab_Bi_8x4,7.698944,16x3584x4,1x32x4,14336x125x1x1
ffn_up-26,kernel_transpose_32_16,0.072192,4096x32x0,16x1x0,14336x125x1x1
ffn_up-26,kernel_mul_mat_Ab_Bi_8x4,7.710208,16x3584x4,1x32x4,14336x125x1x1
ffn_swiglu-26,kernel_swiglu,0.321792,64000x1x1,512x1x1,14336x125x1x1
ffn_out-26,kernel_transpose_32_16,0.248064,14336x32x0,16x1x0,4096x125x1x1
ffn_out-26,kernel_mul_mat_Ab_Bi_8x4,7.836928,16x1024x4,1x32x4,4096x125x1x1
l_out-26,kernel_add,0.082944,8000x1x1,64x1x1,4096x125x1x1
attn_norm-27,kernel_rms_norm_mul,0.054016,128000x1x1,1024x1x1,4096x125x1x1
Qcur-27,kernel_transpose_32_16,0.071936,4096x32x0,16x1x0,4096x125x1x1
Qcur-27,kernel_mul_mat_Ab_Bi_8x4,2.222080,16x1024x4,1x32x4,4096x125x1x1
Qcur-27,kernel_rope_norm_f32,0.055808,2048x125x1,64x1x1,128x32x125x1
Vcur-27,kernel_transpose_32_16,0.072192,4096x32x0,16x1x0,1024x125x1x1
Vcur-27,kernel_mul_mat_Ab_Bi_8x4,0.617984,16x256x4,1x32x4,1024x125x1x1
Kcur-27,kernel_transpose_32_16,0.071936,4096x32x0,16x1x0,1024x125x1x1
Kcur-27,kernel_mul_mat_Ab_Bi_8x4,0.611072,16x256x4,1x32x4,1024x125x1x1
Kcur-27,kernel_rope_norm_f32,0.012032,512x125x1,64x1x1,128x8x125x1
cache_k_l27 (view),kernel_set_rows_f16_i64,0.017152,128000x1x1,1024x1x1,1024x4096x1x1
cache_v_l27 (reshaped) (view),kernel_set_rows_f16_i64,0.238848,2000x64x1,1x64x1,1x4194304x1x1
kq-27,mul_mm_f16_f32_kq,0.259072,64x4x128,64x1x2,256x125x32x1
kq_soft_max-27,kernel_soft_max_4,0.105984,8000x32x1,64x1x1,256x125x32x1
kqv-27,mul_mm_f16_f32_kqv,0.326912,64x2x128,64x1x2,128x125x32x1
kqv_out-27,kernel_cpy_f32_f32,0.039936,2048x125x1,64x1x1,4096x125x1x1
attn_out-27,kernel_transpose_32_16,0.071936,4096x32x0,16x1x0,4096x125x1x1
attn_out-27,kernel_mul_mat_Ab_Bi_8x4,2.223104,16x1024x4,1x32x4,4096x125x1x1
ffn_inp-27,kernel_add,0.080896,8000x1x1,64x1x1,4096x125x1x1
ffn_norm-27,kernel_rms_norm_mul,0.056064,128000x1x1,1024x1x1,4096x125x1x1
ffn_gate-27,kernel_transpose_32_16,0.071936,4096x32x0,16x1x0,14336x125x1x1
ffn_gate-27,kernel_mul_mat_Ab_Bi_8x4,7.677952,16x3584x4,1x32x4,14336x125x1x1
ffn_up-27,kernel_transpose_32_16,0.072192,4096x32x0,16x1x0,14336x125x1x1
ffn_up-27,kernel_mul_mat_Ab_Bi_8x4,7.662080,16x3584x4,1x32x4,14336x125x1x1
ffn_swiglu-27,kernel_swiglu,0.320000,64000x1x1,512x1x1,14336x125x1x1
ffn_out-27,kernel_transpose_32_16,0.249088,14336x32x0,16x1x0,4096x125x1x1
ffn_out-27,kernel_mul_mat_Ab_Bi_8x4,7.808000,16x1024x4,1x32x4,4096x125x1x1
l_out-27,kernel_add,0.084992,8000x1x1,64x1x1,4096x125x1x1
attn_norm-28,kernel_rms_norm_mul,0.057088,128000x1x1,1024x1x1,4096x125x1x1
Qcur-28,kernel_transpose_32_16,0.071936,4096x32x0,16x1x0,4096x125x1x1
Qcur-28,kernel_mul_mat_Ab_Bi_8x4,2.232832,16x1024x4,1x32x4,4096x125x1x1
Qcur-28,kernel_rope_norm_f32,0.056064,2048x125x1,64x1x1,128x32x125x1
Vcur-28,kernel_transpose_32_16,0.071936,4096x32x0,16x1x0,1024x125x1x1
Vcur-28,kernel_mul_mat_Ab_Bi_8x4,0.620032,16x256x4,1x32x4,1024x125x1x1
Kcur-28,kernel_transpose_32_16,0.071936,4096x32x0,16x1x0,1024x125x1x1
Kcur-28,kernel_mul_mat_Ab_Bi_8x4,0.603136,16x256x4,1x32x4,1024x125x1x1
Kcur-28,kernel_rope_norm_f32,0.011776,512x125x1,64x1x1,128x8x125x1
cache_k_l28 (view),kernel_set_rows_f16_i64,0.017152,128000x1x1,1024x1x1,1024x4096x1x1
cache_v_l28 (reshaped) (view),kernel_set_rows_f16_i64,0.243968,2000x64x1,1x64x1,1x4194304x1x1
kq-28,mul_mm_f16_f32_kq,0.257024,64x4x128,64x1x2,256x125x32x1
kq_soft_max-28,kernel_soft_max_4,0.101888,8000x32x1,64x1x1,256x125x32x1
kqv-28,mul_mm_f16_f32_kqv,0.328960,64x2x128,64x1x2,128x125x32x1
kqv_out-28,kernel_cpy_f32_f32,0.039936,2048x125x1,64x1x1,4096x125x1x1
attn_out-28,kernel_transpose_32_16,0.072960,4096x32x0,16x1x0,4096x125x1x1
attn_out-28,kernel_mul_mat_Ab_Bi_8x4,2.234112,16x1024x4,1x32x4,4096x125x1x1
ffn_inp-28,kernel_add,0.082944,8000x1x1,64x1x1,4096x125x1x1
ffn_norm-28,kernel_rms_norm_mul,0.054016,128000x1x1,1024x1x1,4096x125x1x1
ffn_gate-28,kernel_transpose_32_16,0.071936,4096x32x0,16x1x0,14336x125x1x1
ffn_gate-28,kernel_mul_mat_Ab_Bi_8x4,7.700224,16x3584x4,1x32x4,14336x125x1x1
ffn_up-28,kernel_transpose_32_16,0.071936,4096x32x0,16x1x0,14336x125x1x1
ffn_up-28,kernel_mul_mat_Ab_Bi_8x4,7.675904,16x3584x4,1x32x4,14336x125x1x1
ffn_swiglu-28,kernel_swiglu,0.321024,64000x1x1,512x1x1,14336x125x1x1
ffn_out-28,kernel_transpose_32_16,0.248064,14336x32x0,16x1x0,4096x125x1x1
ffn_out-28,kernel_mul_mat_Ab_Bi_8x4,7.855104,16x1024x4,1x32x4,4096x125x1x1
l_out-28,kernel_add,0.086016,8000x1x1,64x1x1,4096x125x1x1
attn_norm-29,kernel_rms_norm_mul,0.057856,128000x1x1,1024x1x1,4096x125x1x1
Qcur-29,kernel_transpose_32_16,0.072192,4096x32x0,16x1x0,4096x125x1x1
Qcur-29,kernel_mul_mat_Ab_Bi_8x4,2.264832,16x1024x4,1x32x4,4096x125x1x1
Qcur-29,kernel_rope_norm_f32,0.059136,2048x125x1,64x1x1,128x32x125x1
Vcur-29,kernel_transpose_32_16,0.071936,4096x32x0,16x1x0,1024x125x1x1
Vcur-29,kernel_mul_mat_Ab_Bi_8x4,0.615936,16x256x4,1x32x4,1024x125x1x1
Kcur-29,kernel_transpose_32_16,0.071936,4096x32x0,16x1x0,1024x125x1x1
Kcur-29,kernel_mul_mat_Ab_Bi_8x4,0.611072,16x256x4,1x32x4,1024x125x1x1
Kcur-29,kernel_rope_norm_f32,0.012032,512x125x1,64x1x1,128x8x125x1
cache_k_l29 (view),kernel_set_rows_f16_i64,0.012800,128000x1x1,1024x1x1,1024x4096x1x1
cache_v_l29 (reshaped) (view),kernel_set_rows_f16_i64,0.241152,2000x64x1,1x64x1,1x4194304x1x1
kq-29,mul_mm_f16_f32_kq,0.257792,64x4x128,64x1x2,256x125x32x1
kq_soft_max-29,kernel_soft_max_4,0.105216,8000x32x1,64x1x1,256x125x32x1
kqv-29,mul_mm_f16_f32_kqv,0.313088,64x2x128,64x1x2,128x125x32x1
kqv_out-29,kernel_cpy_f32_f32,0.039936,2048x125x1,64x1x1,4096x125x1x1
attn_out-29,kernel_transpose_32_16,0.071936,4096x32x0,16x1x0,4096x125x1x1
attn_out-29,kernel_mul_mat_Ab_Bi_8x4,2.257152,16x1024x4,1x32x4,4096x125x1x1
ffn_inp-29,kernel_add,0.080128,8000x1x1,64x1x1,4096x125x1x1
ffn_norm-29,kernel_rms_norm_mul,0.052992,128000x1x1,1024x1x1,4096x125x1x1
ffn_gate-29,kernel_transpose_32_16,0.071936,4096x32x0,16x1x0,14336x125x1x1
ffn_gate-29,kernel_mul_mat_Ab_Bi_8x4,7.661056,16x3584x4,1x32x4,14336x125x1x1
ffn_up-29,kernel_transpose_32_16,0.072192,4096x32x0,16x1x0,14336x125x1x1
ffn_up-29,kernel_mul_mat_Ab_Bi_8x4,7.692800,16x3584x4,1x32x4,14336x125x1x1
ffn_swiglu-29,kernel_swiglu,0.321024,64000x1x1,512x1x1,14336x125x1x1
ffn_out-29,kernel_transpose_32_16,0.248064,14336x32x0,16x1x0,4096x125x1x1
ffn_out-29,kernel_mul_mat_Ab_Bi_8x4,8.043008,16x1024x4,1x32x4,4096x125x1x1
l_out-29,kernel_add,0.082944,8000x1x1,64x1x1,4096x125x1x1
attn_norm-30,kernel_rms_norm_mul,0.055040,128000x1x1,1024x1x1,4096x125x1x1
Qcur-30,kernel_transpose_32_16,0.071936,4096x32x0,16x1x0,4096x125x1x1
Qcur-30,kernel_mul_mat_Ab_Bi_8x4,2.219008,16x1024x4,1x32x4,4096x125x1x1
Qcur-30,kernel_rope_norm_f32,0.055808,2048x125x1,64x1x1,128x32x125x1
Vcur-30,kernel_transpose_32_16,0.072192,4096x32x0,16x1x0,1024x125x1x1
Vcur-30,kernel_mul_mat_Ab_Bi_8x4,0.610816,16x256x4,1x32x4,1024x125x1x1
Kcur-30,kernel_transpose_32_16,0.071936,4096x32x0,16x1x0,1024x125x1x1
Kcur-30,kernel_mul_mat_Ab_Bi_8x4,0.619008,16x256x4,1x32x4,1024x125x1x1
Kcur-30,kernel_rope_norm_f32,0.012032,512x125x1,64x1x1,128x8x125x1
cache_k_l30 (view),kernel_set_rows_f16_i64,0.016896,128000x1x1,1024x1x1,1024x4096x1x1
cache_v_l30 (reshaped) (view),kernel_set_rows_f16_i64,0.240896,2000x64x1,1x64x1,1x4194304x1x1
kq-30,mul_mm_f16_f32_kq,0.256000,64x4x128,64x1x2,256x125x32x1
kq_soft_max-30,kernel_soft_max_4,0.105984,8000x32x1,64x1x1,256x125x32x1
kqv-30,mul_mm_f16_f32_kqv,0.338176,64x2x128,64x1x2,128x125x32x1
kqv_out-30,kernel_cpy_f32_f32,0.038912,2048x125x1,64x1x1,4096x125x1x1
attn_out-30,kernel_transpose_32_16,0.072960,4096x32x0,16x1x0,4096x125x1x1
attn_out-30,kernel_mul_mat_Ab_Bi_8x4,2.224896,16x1024x4,1x32x4,4096x125x1x1
ffn_inp-30,kernel_add,0.082176,8000x1x1,64x1x1,4096x125x1x1
ffn_norm-30,kernel_rms_norm_mul,0.054784,128000x1x1,1024x1x1,4096x125x1x1
ffn_gate-30,kernel_transpose_32_16,0.072192,4096x32x0,16x1x0,14336x125x1x1
ffn_gate-30,kernel_mul_mat_Ab_Bi_8x4,7.702784,16x3584x4,1x32x4,14336x125x1x1
ffn_up-30,kernel_transpose_32_16,0.071936,4096x32x0,16x1x0,14336x125x1x1
ffn_up-30,kernel_mul_mat_Ab_Bi_8x4,7.695872,16x3584x4,1x32x4,14336x125x1x1
ffn_swiglu-30,kernel_swiglu,0.323072,64000x1x1,512x1x1,14336x125x1x1
ffn_out-30,kernel_transpose_32_16,0.248832,14336x32x0,16x1x0,4096x125x1x1
ffn_out-30,kernel_mul_mat_Ab_Bi_8x4,7.881216,16x1024x4,1x32x4,4096x125x1x1
l_out-30,kernel_add,0.086016,8000x1x1,64x1x1,4096x125x1x1
attn_norm-31,kernel_rms_norm_mul,0.056064,128000x1x1,1024x1x1,4096x125x1x1
Qcur-31,kernel_transpose_32_16,0.071936,4096x32x0,16x1x0,4096x125x1x1
Qcur-31,kernel_mul_mat_Ab_Bi_8x4,2.233088,16x1024x4,1x32x4,4096x125x1x1
Qcur-31,kernel_rope_norm_f32,0.057088,2048x125x1,64x1x1,128x32x125x1
Vcur-31,kernel_transpose_32_16,0.071936,4096x32x0,16x1x0,1024x125x1x1
Vcur-31,kernel_mul_mat_Ab_Bi_8x4,0.613888,16x256x4,1x32x4,1024x125x1x1
Kcur-31,kernel_transpose_32_16,0.072192,4096x32x0,16x1x0,1024x125x1x1
Kcur-31,kernel_mul_mat_Ab_Bi_8x4,0.609792,16x256x4,1x32x4,1024x125x1x1
Kcur-31,kernel_rope_norm_f32,0.013056,512x125x1,64x1x1,128x8x125x1
cache_k_l31 (view),kernel_set_rows_f16_i64,0.016896,128000x1x1,1024x1x1,1024x4096x1x1
cache_v_l31 (reshaped) (view),kernel_set_rows_f16_i64,0.244224,2000x64x1,1x64x1,1x4194304x1x1
kq-31,mul_mm_f16_f32_kq,0.262144,64x4x128,64x1x2,256x125x32x1
kq_soft_max-31,kernel_soft_max_4,0.105984,8000x32x1,64x1x1,256x125x32x1
kqv-31,mul_mm_f16_f32_kqv,0.340992,64x2x128,64x1x2,128x125x32x1
kqv_out-31,kernel_cpy_f32_f32,0.042240,2048x125x1,64x1x1,4096x125x1x1
attn_out-31,kernel_transpose_32_16,0.072192,4096x32x0,16x1x0,4096x125x1x1
attn_out-31,kernel_mul_mat_Ab_Bi_8x4,2.225920,16x1024x4,1x32x4,4096x125x1x1
node_1145,kernel_get_rows_f32,0.016896,64x1x1,64x1x1,4096x1x1x1
node_1146,kernel_get_rows_f32,0.018176,64x1x1,64x1x1,4096x1x1x1
ffn_inp-31,kernel_add_row,0.002048,1024x0x0,64x0x0,4096x1x1x1
ffn_norm-31,kernel_rms_norm_mul,0.005888,1024x1x1,1024x1x1,4096x1x1x1
ffn_gate-31,kernel_gemv_noshuffle,0.539136,7168x4x1,64x4x1,14336x1x1x1
ffn_up-31,kernel_gemv_noshuffle,0.539904,7168x4x1,64x4x1,14336x1x1x1
ffn_swiglu-31,kernel_swiglu,0.011008,512x1x1,512x1x1,14336x1x1x1
ffn_out-31,kernel_gemv_noshuffle,0.517888,2048x4x1,64x4x1,4096x1x1x1
l_out-31,kernel_add_row,0.002048,1024x0x0,64x0x0,4096x1x1x1
result_norm,kernel_rms_norm_mul,0.005888,1024x1x1,1024x1x1,4096x1x1x1
result_output,kernel_transpose_32_16,0.005888,4096x2x0,16x1x0,128256x1x1x1
result_output,kernel_mul_mat_Ab_Bi_8x4,5.714944,1x32064x4,1x32x4,128256x1x1x1
attn_norm-0,kernel_rms_norm_mul,0.008960,1024x1x1,1024x1x1,4096x1x1x1
Qcur-0,kernel_gemv_noshuffle,0.157952,2048x4x1,64x4x1,4096x1x1x1
Qcur-0,kernel_rope_norm_f32,0.003072,2048x1x1,64x1x1,128x32x1x1
Vcur-0,kernel_gemv_noshuffle,0.062208,512x4x1,64x4x1,1024x1x1x1
Kcur-0,kernel_gemv_noshuffle,0.059904,512x4x1,64x4x1,1024x1x1x1
Kcur-0,kernel_rope_norm_f32,0.003072,512x1x1,64x1x1,128x8x1x1
cache_k_l0 (view),kernel_set_rows_f16_i64,0.002816,1024x1x1,1024x1x1,1024x4096x1x1
cache_v_l0 (reshaped) (view),kernel_set_rows_f16_i64,0.007168,16x64x1,1x64x1,1x4194304x1x1
kq-0,kernel_mul_mat_f16_f32_l4,0.078080,16384x1x32,64x1x1,256x1x32x1
kq_soft_max-0,kernel_soft_max_4,0.004864,64x32x1,64x1x1,256x1x32x1
kqv-0,kernel_mul_mat_f16_f32_l4,0.039936,8192x1x32,64x1x1,128x1x32x1
kqv_out-0,kernel_cpy_f32_f32,0.002048,2048x1x1,64x1x1,4096x1x1x1
attn_out-0,kernel_gemv_noshuffle,0.152832,2048x4x1,64x4x1,4096x1x1x1
ffn_inp-0,kernel_add_row,0.002048,1024x0x0,64x0x0,4096x1x1x1
ffn_norm-0,kernel_rms_norm_mul,0.006144,1024x1x1,1024x1x1,4096x1x1x1
ffn_gate-0,kernel_gemv_noshuffle,0.549888,7168x4x1,64x4x1,14336x1x1x1
ffn_up-0,kernel_gemv_noshuffle,0.560896,7168x4x1,64x4x1,14336x1x1x1
ffn_swiglu-0,kernel_swiglu,0.012032,512x1x1,512x1x1,14336x1x1x1
ffn_out-0,kernel_gemv_noshuffle,0.524800,2048x4x1,64x4x1,4096x1x1x1
l_out-0,kernel_add_row,0.002048,1024x0x0,64x0x0,4096x1x1x1
attn_norm-1,kernel_rms_norm_mul,0.006144,1024x1x1,1024x1x1,4096x1x1x1
Qcur-1,kernel_gemv_noshuffle,0.153856,2048x4x1,64x4x1,4096x1x1x1
Qcur-1,kernel_rope_norm_f32,0.003072,2048x1x1,64x1x1,128x32x1x1
Vcur-1,kernel_gemv_noshuffle,0.060928,512x4x1,64x4x1,1024x1x1x1
Kcur-1,kernel_gemv_noshuffle,0.061952,512x4x1,64x4x1,1024x1x1x1
Kcur-1,kernel_rope_norm_f32,0.002048,512x1x1,64x1x1,128x8x1x1
cache_k_l1 (view),kernel_set_rows_f16_i64,0.003072,1024x1x1,1024x1x1,1024x4096x1x1
cache_v_l1 (reshaped) (view),kernel_set_rows_f16_i64,0.007936,16x64x1,1x64x1,1x4194304x1x1
kq-1,kernel_mul_mat_f16_f32_l4,0.078080,16384x1x32,64x1x1,256x1x32x1
kq_soft_max-1,kernel_soft_max_4,0.004096,64x32x1,64x1x1,256x1x32x1
kqv-1,kernel_mul_mat_f16_f32_l4,0.039936,8192x1x32,64x1x1,128x1x32x1
kqv_out-1,kernel_cpy_f32_f32,0.002048,2048x1x1,64x1x1,4096x1x1x1
attn_out-1,kernel_gemv_noshuffle,0.148992,2048x4x1,64x4x1,4096x1x1x1
ffn_inp-1,kernel_add_row,0.002048,1024x0x0,64x0x0,4096x1x1x1
ffn_norm-1,kernel_rms_norm_mul,0.005888,1024x1x1,1024x1x1,4096x1x1x1
ffn_gate-1,kernel_gemv_noshuffle,0.561920,7168x4x1,64x4x1,14336x1x1x1
ffn_up-1,kernel_gemv_noshuffle,0.568064,7168x4x1,64x4x1,14336x1x1x1
ffn_swiglu-1,kernel_swiglu,0.011008,512x1x1,512x1x1,14336x1x1x1
ffn_out-1,kernel_gemv_noshuffle,0.525824,2048x4x1,64x4x1,4096x1x1x1
l_out-1,kernel_add_row,0.002048,1024x0x0,64x0x0,4096x1x1x1
attn_norm-2,kernel_rms_norm_mul,0.005888,1024x1x1,1024x1x1,4096x1x1x1
Qcur-2,kernel_gemv_noshuffle,0.148992,2048x4x1,64x4x1,4096x1x1x1
Qcur-2,kernel_rope_norm_f32,0.002048,2048x1x1,64x1x1,128x32x1x1
Vcur-2,kernel_gemv_noshuffle,0.061952,512x4x1,64x4x1,1024x1x1x1
Kcur-2,kernel_gemv_noshuffle,0.058880,512x4x1,64x4x1,1024x1x1x1
Kcur-2,kernel_rope_norm_f32,0.002048,512x1x1,64x1x1,128x8x1x1
cache_k_l2 (view),kernel_set_rows_f16_i64,0.003072,1024x1x1,1024x1x1,1024x4096x1x1
cache_v_l2 (reshaped) (view),kernel_set_rows_f16_i64,0.006912,16x64x1,1x64x1,1x4194304x1x1
kq-2,kernel_mul_mat_f16_f32_l4,0.077056,16384x1x32,64x1x1,256x1x32x1
kq_soft_max-2,kernel_soft_max_4,0.004096,64x32x1,64x1x1,256x1x32x1
kqv-2,kernel_mul_mat_f16_f32_l4,0.039936,8192x1x32,64x1x1,128x1x32x1
kqv_out-2,kernel_cpy_f32_f32,0.002048,2048x1x1,64x1x1,4096x1x1x1
attn_out-2,kernel_gemv_noshuffle,0.153088,2048x4x1,64x4x1,4096x1x1x1
ffn_inp-2,kernel_add_row,0.002048,1024x0x0,64x0x0,4096x1x1x1
ffn_norm-2,kernel_rms_norm_mul,0.005888,1024x1x1,1024x1x1,4096x1x1x1
ffn_gate-2,kernel_gemv_noshuffle,0.555008,7168x4x1,64x4x1,14336x1x1x1
ffn_up-2,kernel_gemv_noshuffle,0.550912,7168x4x1,64x4x1,14336x1x1x1
ffn_swiglu-2,kernel_swiglu,0.011008,512x1x1,512x1x1,14336x1x1x1
ffn_out-2,kernel_gemv_noshuffle,0.529920,2048x4x1,64x4x1,4096x1x1x1
l_out-2,kernel_add_row,0.002048,1024x0x0,64x0x0,4096x1x1x1
attn_norm-3,kernel_rms_norm_mul,0.006144,1024x1x1,1024x1x1,4096x1x1x1
Qcur-3,kernel_gemv_noshuffle,0.150784,2048x4x1,64x4x1,4096x1x1x1
Qcur-3,kernel_rope_norm_f32,0.002048,2048x1x1,64x1x1,128x32x1x1
Vcur-3,kernel_gemv_noshuffle,0.061952,512x4x1,64x4x1,1024x1x1x1
Kcur-3,kernel_gemv_noshuffle,0.060928,512x4x1,64x4x1,1024x1x1x1
Kcur-3,kernel_rope_norm_f32,0.002048,512x1x1,64x1x1,128x8x1x1
cache_k_l3 (view),kernel_set_rows_f16_i64,0.002816,1024x1x1,1024x1x1,1024x4096x1x1
cache_v_l3 (reshaped) (view),kernel_set_rows_f16_i64,0.008192,16x64x1,1x64x1,1x4194304x1x1
kq-3,kernel_mul_mat_f16_f32_l4,0.077824,16384x1x32,64x1x1,256x1x32x1
kq_soft_max-3,kernel_soft_max_4,0.004096,64x32x1,64x1x1,256x1x32x1
kqv-3,kernel_mul_mat_f16_f32_l4,0.039936,8192x1x32,64x1x1,128x1x32x1
kqv_out-3,kernel_cpy_f32_f32,0.002048,2048x1x1,64x1x1,4096x1x1x1
attn_out-3,kernel_gemv_noshuffle,0.153088,2048x4x1,64x4x1,4096x1x1x1
ffn_inp-3,kernel_add_row,0.002048,1024x0x0,64x0x0,4096x1x1x1
ffn_norm-3,kernel_rms_norm_mul,0.005888,1024x1x1,1024x1x1,4096x1x1x1
ffn_gate-3,kernel_gemv_noshuffle,0.555008,7168x4x1,64x4x1,14336x1x1x1
ffn_up-3,kernel_gemv_noshuffle,0.536064,7168x4x1,64x4x1,14336x1x1x1
ffn_swiglu-3,kernel_swiglu,0.011008,512x1x1,512x1x1,14336x1x1x1
ffn_out-3,kernel_gemv_noshuffle,0.524032,2048x4x1,64x4x1,4096x1x1x1
l_out-3,kernel_add_row,0.002048,1024x0x0,64x0x0,4096x1x1x1
attn_norm-4,kernel_rms_norm_mul,0.005888,1024x1x1,1024x1x1,4096x1x1x1
Qcur-4,kernel_gemv_noshuffle,0.153088,2048x4x1,64x4x1,4096x1x1x1
Qcur-4,kernel_rope_norm_f32,0.001792,2048x1x1,64x1x1,128x32x1x1
Vcur-4,kernel_gemv_noshuffle,0.061952,512x4x1,64x4x1,1024x1x1x1
Kcur-4,kernel_gemv_noshuffle,0.062208,512x4x1,64x4x1,1024x1x1x1
Kcur-4,kernel_rope_norm_f32,0.001792,512x1x1,64x1x1,128x8x1x1
cache_k_l4 (view),kernel_set_rows_f16_i64,0.003072,1024x1x1,1024x1x1,1024x4096x1x1
cache_v_l4 (reshaped) (view),kernel_set_rows_f16_i64,0.007936,16x64x1,1x64x1,1x4194304x1x1
kq-4,kernel_mul_mat_f16_f32_l4,0.077824,16384x1x32,64x1x1,256x1x32x1
kq_soft_max-4,kernel_soft_max_4,0.004096,64x32x1,64x1x1,256x1x32x1
kqv-4,kernel_mul_mat_f16_f32_l4,0.040960,8192x1x32,64x1x1,128x1x32x1
kqv_out-4,kernel_cpy_f32_f32,0.002048,2048x1x1,64x1x1,4096x1x1x1
attn_out-4,kernel_gemv_noshuffle,0.153856,2048x4x1,64x4x1,4096x1x1x1
ffn_inp-4,kernel_add_row,0.002048,1024x0x0,64x0x0,4096x1x1x1
ffn_norm-4,kernel_rms_norm_mul,0.005888,1024x1x1,1024x1x1,4096x1x1x1
ffn_gate-4,kernel_gemv_noshuffle,0.563200,7168x4x1,64x4x1,14336x1x1x1
ffn_up-4,kernel_gemv_noshuffle,0.557056,7168x4x1,64x4x1,14336x1x1x1
ffn_swiglu-4,kernel_swiglu,0.012032,512x1x1,512x1x1,14336x1x1x1
ffn_out-4,kernel_gemv_noshuffle,0.527872,2048x4x1,64x4x1,4096x1x1x1
l_out-4,kernel_add_row,0.002048,1024x0x0,64x0x0,4096x1x1x1
attn_norm-5,kernel_rms_norm_mul,0.005888,1024x1x1,1024x1x1,4096x1x1x1
Qcur-5,kernel_gemv_noshuffle,0.153088,2048x4x1,64x4x1,4096x1x1x1
Qcur-5,kernel_rope_norm_f32,0.003072,2048x1x1,64x1x1,128x32x1x1
Vcur-5,kernel_gemv_noshuffle,0.060928,512x4x1,64x4x1,1024x1x1x1
Kcur-5,kernel_gemv_noshuffle,0.061184,512x4x1,64x4x1,1024x1x1x1
Kcur-5,kernel_rope_norm_f32,0.001792,512x1x1,64x1x1,128x8x1x1
cache_k_l5 (view),kernel_set_rows_f16_i64,0.003072,1024x1x1,1024x1x1,1024x4096x1x1
cache_v_l5 (reshaped) (view),kernel_set_rows_f16_i64,0.006912,16x64x1,1x64x1,1x4194304x1x1
kq-5,kernel_mul_mat_f16_f32_l4,0.079104,16384x1x32,64x1x1,256x1x32x1
kq_soft_max-5,kernel_soft_max_4,0.004096,64x32x1,64x1x1,256x1x32x1
kqv-5,kernel_mul_mat_f16_f32_l4,0.041216,8192x1x32,64x1x1,128x1x32x1
kqv_out-5,kernel_cpy_f32_f32,0.001792,2048x1x1,64x1x1,4096x1x1x1
attn_out-5,kernel_gemv_noshuffle,0.152832,2048x4x1,64x4x1,4096x1x1x1
ffn_inp-5,kernel_add_row,0.002048,1024x0x0,64x0x0,4096x1x1x1
ffn_norm-5,kernel_rms_norm_mul,0.006144,1024x1x1,1024x1x1,4096x1x1x1
ffn_gate-5,kernel_gemv_noshuffle,0.557824,7168x4x1,64x4x1,14336x1x1x1
ffn_up-5,kernel_gemv_noshuffle,0.550144,7168x4x1,64x4x1,14336x1x1x1
ffn_swiglu-5,kernel_swiglu,0.010752,512x1x1,512x1x1,14336x1x1x1
ffn_out-5,kernel_gemv_noshuffle,0.528128,2048x4x1,64x4x1,4096x1x1x1
l_out-5,kernel_add_row,0.002048,1024x0x0,64x0x0,4096x1x1x1
attn_norm-6,kernel_rms_norm_mul,0.006144,1024x1x1,1024x1x1,4096x1x1x1
Qcur-6,kernel_gemv_noshuffle,0.151040,2048x4x1,64x4x1,4096x1x1x1
Qcur-6,kernel_rope_norm_f32,0.003072,2048x1x1,64x1x1,128x32x1x1
Vcur-6,kernel_gemv_noshuffle,0.060928,512x4x1,64x4x1,1024x1x1x1
Kcur-6,kernel_gemv_noshuffle,0.061184,512x4x1,64x4x1,1024x1x1x1
Kcur-6,kernel_rope_norm_f32,0.001792,512x1x1,64x1x1,128x8x1x1
cache_k_l6 (view),kernel_set_rows_f16_i64,0.003072,1024x1x1,1024x1x1,1024x4096x1x1
cache_v_l6 (reshaped) (view),kernel_set_rows_f16_i64,0.006912,16x64x1,1x64x1,1x4194304x1x1
kq-6,kernel_mul_mat_f16_f32_l4,0.076800,16384x1x32,64x1x1,256x1x32x1
kq_soft_max-6,kernel_soft_max_4,0.004096,64x32x1,64x1x1,256x1x32x1
kqv-6,kernel_mul_mat_f16_f32_l4,0.039936,8192x1x32,64x1x1,128x1x32x1
kqv_out-6,kernel_cpy_f32_f32,0.002048,2048x1x1,64x1x1,4096x1x1x1
attn_out-6,kernel_gemv_noshuffle,0.152064,2048x4x1,64x4x1,4096x1x1x1
ffn_inp-6,kernel_add_row,0.001792,1024x0x0,64x0x0,4096x1x1x1
ffn_norm-6,kernel_rms_norm_mul,0.006144,1024x1x1,1024x1x1,4096x1x1x1
ffn_gate-6,kernel_gemv_noshuffle,0.549888,7168x4x1,64x4x1,14336x1x1x1
ffn_up-6,kernel_gemv_noshuffle,0.569856,7168x4x1,64x4x1,14336x1x1x1
ffn_swiglu-6,kernel_swiglu,0.012032,512x1x1,512x1x1,14336x1x1x1
ffn_out-6,kernel_gemv_noshuffle,0.535040,2048x4x1,64x4x1,4096x1x1x1
l_out-6,kernel_add_row,0.002048,1024x0x0,64x0x0,4096x1x1x1
attn_norm-7,kernel_rms_norm_mul,0.005888,1024x1x1,1024x1x1,4096x1x1x1
Qcur-7,kernel_gemv_noshuffle,0.153856,2048x4x1,64x4x1,4096x1x1x1
Qcur-7,kernel_rope_norm_f32,0.003072,2048x1x1,64x1x1,128x32x1x1
Vcur-7,kernel_gemv_noshuffle,0.060928,512x4x1,64x4x1,1024x1x1x1
Kcur-7,kernel_gemv_noshuffle,0.061952,512x4x1,64x4x1,1024x1x1x1
Kcur-7,kernel_rope_norm_f32,0.003072,512x1x1,64x1x1,128x8x1x1
cache_k_l7 (view),kernel_set_rows_f16_i64,0.002816,1024x1x1,1024x1x1,1024x4096x1x1
cache_v_l7 (reshaped) (view),kernel_set_rows_f16_i64,0.007168,16x64x1,1x64x1,1x4194304x1x1
kq-7,kernel_mul_mat_f16_f32_l4,0.077824,16384x1x32,64x1x1,256x1x32x1
kq_soft_max-7,kernel_soft_max_4,0.004096,64x32x1,64x1x1,256x1x32x1
kqv-7,kernel_mul_mat_f16_f32_l4,0.039936,8192x1x32,64x1x1,128x1x32x1
kqv_out-7,kernel_cpy_f32_f32,0.002048,2048x1x1,64x1x1,4096x1x1x1
attn_out-7,kernel_gemv_noshuffle,0.152064,2048x4x1,64x4x1,4096x1x1x1
ffn_inp-7,kernel_add_row,0.002048,1024x0x0,64x0x0,4096x1x1x1
ffn_norm-7,kernel_rms_norm_mul,0.005888,1024x1x1,1024x1x1,4096x1x1x1
ffn_gate-7,kernel_gemv_noshuffle,0.542976,7168x4x1,64x4x1,14336x1x1x1
ffn_up-7,kernel_gemv_noshuffle,0.538880,7168x4x1,64x4x1,14336x1x1x1
ffn_swiglu-7,kernel_swiglu,0.011008,512x1x1,512x1x1,14336x1x1x1
ffn_out-7,kernel_gemv_noshuffle,0.531968,2048x4x1,64x4x1,4096x1x1x1
l_out-7,kernel_add_row,0.002048,1024x0x0,64x0x0,4096x1x1x1
attn_norm-8,kernel_rms_norm_mul,0.005888,1024x1x1,1024x1x1,4096x1x1x1
Qcur-8,kernel_gemv_noshuffle,0.153088,2048x4x1,64x4x1,4096x1x1x1
Qcur-8,kernel_rope_norm_f32,0.002816,2048x1x1,64x1x1,128x32x1x1
Vcur-8,kernel_gemv_noshuffle,0.062208,512x4x1,64x4x1,1024x1x1x1
Kcur-8,kernel_gemv_noshuffle,0.059904,512x4x1,64x4x1,1024x1x1x1
Kcur-8,kernel_rope_norm_f32,0.002048,512x1x1,64x1x1,128x8x1x1
cache_k_l8 (view),kernel_set_rows_f16_i64,0.002816,1024x1x1,1024x1x1,1024x4096x1x1
cache_v_l8 (reshaped) (view),kernel_set_rows_f16_i64,0.007936,16x64x1,1x64x1,1x4194304x1x1
kq-8,kernel_mul_mat_f16_f32_l4,0.078080,16384x1x32,64x1x1,256x1x32x1
kq_soft_max-8,kernel_soft_max_4,0.003840,64x32x1,64x1x1,256x1x32x1
kqv-8,kernel_mul_mat_f16_f32_l4,0.039936,8192x1x32,64x1x1,128x1x32x1
kqv_out-8,kernel_cpy_f32_f32,0.002048,2048x1x1,64x1x1,4096x1x1x1
attn_out-8,kernel_gemv_noshuffle,0.153088,2048x4x1,64x4x1,4096x1x1x1
ffn_inp-8,kernel_add_row,0.001792,1024x0x0,64x0x0,4096x1x1x1
ffn_norm-8,kernel_rms_norm_mul,0.006144,1024x1x1,1024x1x1,4096x1x1x1
ffn_gate-8,kernel_gemv_noshuffle,0.558848,7168x4x1,64x4x1,14336x1x1x1
ffn_up-8,kernel_gemv_noshuffle,0.544000,7168x4x1,64x4x1,14336x1x1x1
ffn_swiglu-8,kernel_swiglu,0.012032,512x1x1,512x1x1,14336x1x1x1
ffn_out-8,kernel_gemv_noshuffle,0.531968,2048x4x1,64x4x1,4096x1x1x1
l_out-8,kernel_add_row,0.002048,1024x0x0,64x0x0,4096x1x1x1
attn_norm-9,kernel_rms_norm_mul,0.005888,1024x1x1,1024x1x1,4096x1x1x1
Qcur-9,kernel_gemv_noshuffle,0.147968,2048x4x1,64x4x1,4096x1x1x1
Qcur-9,kernel_rope_norm_f32,0.002048,2048x1x1,64x1x1,128x32x1x1
Vcur-9,kernel_gemv_noshuffle,0.059904,512x4x1,64x4x1,1024x1x1x1
Kcur-9,kernel_gemv_noshuffle,0.060928,512x4x1,64x4x1,1024x1x1x1
Kcur-9,kernel_rope_norm_f32,0.002048,512x1x1,64x1x1,128x8x1x1
cache_k_l9 (view),kernel_set_rows_f16_i64,0.003072,1024x1x1,1024x1x1,1024x4096x1x1
cache_v_l9 (reshaped) (view),kernel_set_rows_f16_i64,0.007168,16x64x1,1x64x1,1x4194304x1x1
kq-9,kernel_mul_mat_f16_f32_l4,0.078080,16384x1x32,64x1x1,256x1x32x1
kq_soft_max-9,kernel_soft_max_4,0.004096,64x32x1,64x1x1,256x1x32x1
kqv-9,kernel_mul_mat_f16_f32_l4,0.039936,8192x1x32,64x1x1,128x1x32x1
kqv_out-9,kernel_cpy_f32_f32,0.002048,2048x1x1,64x1x1,4096x1x1x1
attn_out-9,kernel_gemv_noshuffle,0.148992,2048x4x1,64x4x1,4096x1x1x1
ffn_inp-9,kernel_add_row,0.002048,1024x0x0,64x0x0,4096x1x1x1
ffn_norm-9,kernel_rms_norm_mul,0.005888,1024x1x1,1024x1x1,4096x1x1x1
ffn_gate-9,kernel_gemv_noshuffle,0.539904,7168x4x1,64x4x1,14336x1x1x1
ffn_up-9,kernel_gemv_noshuffle,0.552960,7168x4x1,64x4x1,14336x1x1x1
ffn_swiglu-9,kernel_swiglu,0.012032,512x1x1,512x1x1,14336x1x1x1
ffn_out-9,kernel_gemv_noshuffle,0.520960,2048x4x1,64x4x1,4096x1x1x1
l_out-9,kernel_add_row,0.003072,1024x0x0,64x0x0,4096x1x1x1
attn_norm-10,kernel_rms_norm_mul,0.005888,1024x1x1,1024x1x1,4096x1x1x1
Qcur-10,kernel_gemv_noshuffle,0.151040,2048x4x1,64x4x1,4096x1x1x1
Qcur-10,kernel_rope_norm_f32,0.002816,2048x1x1,64x1x1,128x32x1x1
Vcur-10,kernel_gemv_noshuffle,0.062208,512x4x1,64x4x1,1024x1x1x1
Kcur-10,kernel_gemv_noshuffle,0.060928,512x4x1,64x4x1,1024x1x1x1
Kcur-10,kernel_rope_norm_f32,0.002048,512x1x1,64x1x1,128x8x1x1
cache_k_l10 (view),kernel_set_rows_f16_i64,0.002816,1024x1x1,1024x1x1,1024x4096x1x1
cache_v_l10 (reshaped) (view),kernel_set_rows_f16_i64,0.007168,16x64x1,1x64x1,1x4194304x1x1
kq-10,kernel_mul_mat_f16_f32_l4,0.078080,16384x1x32,64x1x1,256x1x32x1
kq_soft_max-10,kernel_soft_max_4,0.003840,64x32x1,64x1x1,256x1x32x1
kqv-10,kernel_mul_mat_f16_f32_l4,0.039936,8192x1x32,64x1x1,128x1x32x1
kqv_out-10,kernel_cpy_f32_f32,0.002048,2048x1x1,64x1x1,4096x1x1x1
attn_out-10,kernel_gemv_noshuffle,0.151040,2048x4x1,64x4x1,4096x1x1x1
ffn_inp-10,kernel_add_row,0.002048,1024x0x0,64x0x0,4096x1x1x1
ffn_norm-10,kernel_rms_norm_mul,0.005888,1024x1x1,1024x1x1,4096x1x1x1
ffn_gate-10,kernel_gemv_noshuffle,0.541952,7168x4x1,64x4x1,14336x1x1x1
ffn_up-10,kernel_gemv_noshuffle,0.553984,7168x4x1,64x4x1,14336x1x1x1
ffn_swiglu-10,kernel_swiglu,0.012032,512x1x1,512x1x1,14336x1x1x1
ffn_out-10,kernel_gemv_noshuffle,0.516864,2048x4x1,64x4x1,4096x1x1x1
l_out-10,kernel_add_row,0.002048,1024x0x0,64x0x0,4096x1x1x1
attn_norm-11,kernel_rms_norm_mul,0.005888,1024x1x1,1024x1x1,4096x1x1x1
Qcur-11,kernel_gemv_noshuffle,0.151040,2048x4x1,64x4x1,4096x1x1x1
Qcur-11,kernel_rope_norm_f32,0.002048,2048x1x1,64x1x1,128x32x1x1
Vcur-11,kernel_gemv_noshuffle,0.060928,512x4x1,64x4x1,1024x1x1x1
Kcur-11,kernel_gemv_noshuffle,0.060928,512x4x1,64x4x1,1024x1x1x1
Kcur-11,kernel_rope_norm_f32,0.002048,512x1x1,64x1x1,128x8x1x1
cache_k_l11 (view),kernel_set_rows_f16_i64,0.002816,1024x1x1,1024x1x1,1024x4096x1x1
cache_v_l11 (reshaped) (view),kernel_set_rows_f16_i64,0.007168,16x64x1,1x64x1,1x4194304x1x1
kq-11,kernel_mul_mat_f16_f32_l4,0.078080,16384x1x32,64x1x1,256x1x32x1
kq_soft_max-11,kernel_soft_max_4,0.004096,64x32x1,64x1x1,256x1x32x1
kqv-11,kernel_mul_mat_f16_f32_l4,0.039936,8192x1x32,64x1x1,128x1x32x1
kqv_out-11,kernel_cpy_f32_f32,0.002048,2048x1x1,64x1x1,4096x1x1x1
attn_out-11,kernel_gemv_noshuffle,0.148992,2048x4x1,64x4x1,4096x1x1x1
ffn_inp-11,kernel_add_row,0.002048,1024x0x0,64x0x0,4096x1x1x1
ffn_norm-11,kernel_rms_norm_mul,0.005888,1024x1x1,1024x1x1,4096x1x1x1
ffn_gate-11,kernel_gemv_noshuffle,0.553984,7168x4x1,64x4x1,14336x1x1x1
ffn_up-11,kernel_gemv_noshuffle,0.551936,7168x4x1,64x4x1,14336x1x1x1
ffn_swiglu-11,kernel_swiglu,0.012032,512x1x1,512x1x1,14336x1x1x1
ffn_out-11,kernel_gemv_noshuffle,0.517120,2048x4x1,64x4x1,4096x1x1x1
l_out-11,kernel_add_row,0.002816,1024x0x0,64x0x0,4096x1x1x1
attn_norm-12,kernel_rms_norm_mul,0.005888,1024x1x1,1024x1x1,4096x1x1x1
Qcur-12,kernel_gemv_noshuffle,0.150016,2048x4x1,64x4x1,4096x1x1x1
Qcur-12,kernel_rope_norm_f32,0.003072,2048x1x1,64x1x1,128x32x1x1
Vcur-12,kernel_gemv_noshuffle,0.061952,512x4x1,64x4x1,1024x1x1x1
Kcur-12,kernel_gemv_noshuffle,0.059904,512x4x1,64x4x1,1024x1x1x1
Kcur-12,kernel_rope_norm_f32,0.002048,512x1x1,64x1x1,128x8x1x1
cache_k_l12 (view),kernel_set_rows_f16_i64,0.003072,1024x1x1,1024x1x1,1024x4096x1x1
cache_v_l12 (reshaped) (view),kernel_set_rows_f16_i64,0.007936,16x64x1,1x64x1,1x4194304x1x1
kq-12,kernel_mul_mat_f16_f32_l4,0.077056,16384x1x32,64x1x1,256x1x32x1
kq_soft_max-12,kernel_soft_max_4,0.004096,64x32x1,64x1x1,256x1x32x1
kqv-12,kernel_mul_mat_f16_f32_l4,0.039936,8192x1x32,64x1x1,128x1x32x1
kqv_out-12,kernel_cpy_f32_f32,0.002048,2048x1x1,64x1x1,4096x1x1x1
attn_out-12,kernel_gemv_noshuffle,0.154880,2048x4x1,64x4x1,4096x1x1x1
ffn_inp-12,kernel_add_row,0.002048,1024x0x0,64x0x0,4096x1x1x1
ffn_norm-12,kernel_rms_norm_mul,0.005888,1024x1x1,1024x1x1,4096x1x1x1
ffn_gate-12,kernel_gemv_noshuffle,0.539136,7168x4x1,64x4x1,14336x1x1x1
ffn_up-12,kernel_gemv_noshuffle,0.551168,7168x4x1,64x4x1,14336x1x1x1
ffn_swiglu-12,kernel_swiglu,0.012032,512x1x1,512x1x1,14336x1x1x1
ffn_out-12,kernel_gemv_noshuffle,0.540160,2048x4x1,64x4x1,4096x1x1x1
l_out-12,kernel_add_row,0.001792,1024x0x0,64x0x0,4096x1x1x1
attn_norm-13,kernel_rms_norm_mul,0.006144,1024x1x1,1024x1x1,4096x1x1x1
Qcur-13,kernel_gemv_noshuffle,0.158976,2048x4x1,64x4x1,4096x1x1x1
Qcur-13,kernel_rope_norm_f32,0.003072,2048x1x1,64x1x1,128x32x1x1
Vcur-13,kernel_gemv_noshuffle,0.061184,512x4x1,64x4x1,1024x1x1x1
Kcur-13,kernel_gemv_noshuffle,0.060160,512x4x1,64x4x1,1024x1x1x1
Kcur-13,kernel_rope_norm_f32,0.001792,512x1x1,64x1x1,128x8x1x1
cache_k_l13 (view),kernel_set_rows_f16_i64,0.003072,1024x1x1,1024x1x1,1024x4096x1x1
cache_v_l13 (reshaped) (view),kernel_set_rows_f16_i64,0.007936,16x64x1,1x64x1,1x4194304x1x1
kq-13,kernel_mul_mat_f16_f32_l4,0.078080,16384x1x32,64x1x1,256x1x32x1
kq_soft_max-13,kernel_soft_max_4,0.004096,64x32x1,64x1x1,256x1x32x1
kqv-13,kernel_mul_mat_f16_f32_l4,0.039936,8192x1x32,64x1x1,128x1x32x1
kqv_out-13,kernel_cpy_f32_f32,0.001792,2048x1x1,64x1x1,4096x1x1x1
attn_out-13,kernel_gemv_noshuffle,0.161024,2048x4x1,64x4x1,4096x1x1x1
ffn_inp-13,kernel_add_row,0.001792,1024x0x0,64x0x0,4096x1x1x1
ffn_norm-13,kernel_rms_norm_mul,0.006144,1024x1x1,1024x1x1,4096x1x1x1
ffn_gate-13,kernel_gemv_noshuffle,0.551936,7168x4x1,64x4x1,14336x1x1x1
ffn_up-13,kernel_gemv_noshuffle,0.535040,7168x4x1,64x4x1,14336x1x1x1
ffn_swiglu-13,kernel_swiglu,0.011008,512x1x1,512x1x1,14336x1x1x1
ffn_out-13,kernel_gemv_noshuffle,0.513792,2048x4x1,64x4x1,4096x1x1x1
l_out-13,kernel_add_row,0.002048,1024x0x0,64x0x0,4096x1x1x1
attn_norm-14,kernel_rms_norm_mul,0.005888,1024x1x1,1024x1x1,4096x1x1x1
Qcur-14,kernel_gemv_noshuffle,0.148992,2048x4x1,64x4x1,4096x1x1x1
Qcur-14,kernel_rope_norm_f32,0.003072,2048x1x1,64x1x1,128x32x1x1
Vcur-14,kernel_gemv_noshuffle,0.061952,512x4x1,64x4x1,1024x1x1x1
Kcur-14,kernel_gemv_noshuffle,0.060928,512x4x1,64x4x1,1024x1x1x1
Kcur-14,kernel_rope_norm_f32,0.002048,512x1x1,64x1x1,128x8x1x1
cache_k_l14 (view),kernel_set_rows_f16_i64,0.003072,1024x1x1,1024x1x1,1024x4096x1x1
cache_v_l14 (reshaped) (view),kernel_set_rows_f16_i64,0.006912,16x64x1,1x64x1,1x4194304x1x1
kq-14,kernel_mul_mat_f16_f32_l4,0.078080,16384x1x32,64x1x1,256x1x32x1
kq_soft_max-14,kernel_soft_max_4,0.004096,64x32x1,64x1x1,256x1x32x1
kqv-14,kernel_mul_mat_f16_f32_l4,0.039936,8192x1x32,64x1x1,128x1x32x1
kqv_out-14,kernel_cpy_f32_f32,0.001792,2048x1x1,64x1x1,4096x1x1x1
attn_out-14,kernel_gemv_noshuffle,0.153088,2048x4x1,64x4x1,4096x1x1x1
ffn_inp-14,kernel_add_row,0.002048,1024x0x0,64x0x0,4096x1x1x1
ffn_norm-14,kernel_rms_norm_mul,0.005888,1024x1x1,1024x1x1,4096x1x1x1
ffn_gate-14,kernel_gemv_noshuffle,0.547072,7168x4x1,64x4x1,14336x1x1x1
ffn_up-14,kernel_gemv_noshuffle,0.542976,7168x4x1,64x4x1,14336x1x1x1
ffn_swiglu-14,kernel_swiglu,0.011008,512x1x1,512x1x1,14336x1x1x1
ffn_out-14,kernel_gemv_noshuffle,0.510976,2048x4x1,64x4x1,4096x1x1x1
l_out-14,kernel_add_row,0.002048,1024x0x0,64x0x0,4096x1x1x1
attn_norm-15,kernel_rms_norm_mul,0.005888,1024x1x1,1024x1x1,4096x1x1x1
Qcur-15,kernel_gemv_noshuffle,0.145152,2048x4x1,64x4x1,4096x1x1x1
Qcur-15,kernel_rope_norm_f32,0.003072,2048x1x1,64x1x1,128x32x1x1
Vcur-15,kernel_gemv_noshuffle,0.059904,512x4x1,64x4x1,1024x1x1x1
Kcur-15,kernel_gemv_noshuffle,0.061184,512x4x1,64x4x1,1024x1x1x1
Kcur-15,kernel_rope_norm_f32,0.002048,512x1x1,64x1x1,128x8x1x1
cache_k_l15 (view),kernel_set_rows_f16_i64,0.003072,1024x1x1,1024x1x1,1024x4096x1x1
cache_v_l15 (reshaped) (view),kernel_set_rows_f16_i64,0.007168,16x64x1,1x64x1,1x4194304x1x1
kq-15,kernel_mul_mat_f16_f32_l4,0.078080,16384x1x32,64x1x1,256x1x32x1
kq_soft_max-15,kernel_soft_max_4,0.004096,64x32x1,64x1x1,256x1x32x1
kqv-15,kernel_mul_mat_f16_f32_l4,0.040960,8192x1x32,64x1x1,128x1x32x1
kqv_out-15,kernel_cpy_f32_f32,0.002048,2048x1x1,64x1x1,4096x1x1x1
attn_out-15,kernel_gemv_noshuffle,0.144896,2048x4x1,64x4x1,4096x1x1x1
ffn_inp-15,kernel_add_row,0.002048,1024x0x0,64x0x0,4096x1x1x1
ffn_norm-15,kernel_rms_norm_mul,0.005888,1024x1x1,1024x1x1,4096x1x1x1
ffn_gate-15,kernel_gemv_noshuffle,0.539136,7168x4x1,64x4x1,14336x1x1x1
ffn_up-15,kernel_gemv_noshuffle,0.540928,7168x4x1,64x4x1,14336x1x1x1
ffn_swiglu-15,kernel_swiglu,0.011008,512x1x1,512x1x1,14336x1x1x1
ffn_out-15,kernel_gemv_noshuffle,0.506880,2048x4x1,64x4x1,4096x1x1x1
l_out-15,kernel_add_row,0.002048,1024x0x0,64x0x0,4096x1x1x1
attn_norm-16,kernel_rms_norm_mul,0.005888,1024x1x1,1024x1x1,4096x1x1x1
Qcur-16,kernel_gemv_noshuffle,0.147968,2048x4x1,64x4x1,4096x1x1x1
Qcur-16,kernel_rope_norm_f32,0.003072,2048x1x1,64x1x1,128x32x1x1
Vcur-16,kernel_gemv_noshuffle,0.060928,512x4x1,64x4x1,1024x1x1x1
Kcur-16,kernel_gemv_noshuffle,0.059136,512x4x1,64x4x1,1024x1x1x1
Kcur-16,kernel_rope_norm_f32,0.001792,512x1x1,64x1x1,128x8x1x1
cache_k_l16 (view),kernel_set_rows_f16_i64,0.003072,1024x1x1,1024x1x1,1024x4096x1x1
cache_v_l16 (reshaped) (view),kernel_set_rows_f16_i64,0.006912,16x64x1,1x64x1,1x4194304x1x1
kq-16,kernel_mul_mat_f16_f32_l4,0.076800,16384x1x32,64x1x1,256x1x32x1
kq_soft_max-16,kernel_soft_max_4,0.004096,64x32x1,64x1x1,256x1x32x1
kqv-16,kernel_mul_mat_f16_f32_l4,0.039936,8192x1x32,64x1x1,128x1x32x1
kqv_out-16,kernel_cpy_f32_f32,0.002048,2048x1x1,64x1x1,4096x1x1x1
attn_out-16,kernel_gemv_noshuffle,0.146944,2048x4x1,64x4x1,4096x1x1x1
ffn_inp-16,kernel_add_row,0.002048,1024x0x0,64x0x0,4096x1x1x1
ffn_norm-16,kernel_rms_norm_mul,0.005888,1024x1x1,1024x1x1,4096x1x1x1
ffn_gate-16,kernel_gemv_noshuffle,0.531968,7168x4x1,64x4x1,14336x1x1x1
ffn_up-16,kernel_gemv_noshuffle,0.538880,7168x4x1,64x4x1,14336x1x1x1
ffn_swiglu-16,kernel_swiglu,0.012032,512x1x1,512x1x1,14336x1x1x1
ffn_out-16,kernel_gemv_noshuffle,0.513024,2048x4x1,64x4x1,4096x1x1x1
l_out-16,kernel_add_row,0.002048,1024x0x0,64x0x0,4096x1x1x1
attn_norm-17,kernel_rms_norm_mul,0.005888,1024x1x1,1024x1x1,4096x1x1x1
Qcur-17,kernel_gemv_noshuffle,0.148992,2048x4x1,64x4x1,4096x1x1x1
Qcur-17,kernel_rope_norm_f32,0.003072,2048x1x1,64x1x1,128x32x1x1
Vcur-17,kernel_gemv_noshuffle,0.062976,512x4x1,64x4x1,1024x1x1x1
Kcur-17,kernel_gemv_noshuffle,0.061184,512x4x1,64x4x1,1024x1x1x1
Kcur-17,kernel_rope_norm_f32,0.001792,512x1x1,64x1x1,128x8x1x1
cache_k_l17 (view),kernel_set_rows_f16_i64,0.003072,1024x1x1,1024x1x1,1024x4096x1x1
cache_v_l17 (reshaped) (view),kernel_set_rows_f16_i64,0.007936,16x64x1,1x64x1,1x4194304x1x1
kq-17,kernel_mul_mat_f16_f32_l4,0.078080,16384x1x32,64x1x1,256x1x32x1
kq_soft_max-17,kernel_soft_max_4,0.004864,64x32x1,64x1x1,256x1x32x1
kqv-17,kernel_mul_mat_f16_f32_l4,0.040960,8192x1x32,64x1x1,128x1x32x1
kqv_out-17,kernel_cpy_f32_f32,0.002048,2048x1x1,64x1x1,4096x1x1x1
attn_out-17,kernel_gemv_noshuffle,0.147968,2048x4x1,64x4x1,4096x1x1x1
ffn_inp-17,kernel_add_row,0.002048,1024x0x0,64x0x0,4096x1x1x1
ffn_norm-17,kernel_rms_norm_mul,0.005888,1024x1x1,1024x1x1,4096x1x1x1
ffn_gate-17,kernel_gemv_noshuffle,0.548864,7168x4x1,64x4x1,14336x1x1x1
ffn_up-17,kernel_gemv_noshuffle,0.552192,7168x4x1,64x4x1,14336x1x1x1
ffn_swiglu-17,kernel_swiglu,0.011008,512x1x1,512x1x1,14336x1x1x1
ffn_out-17,kernel_gemv_noshuffle,0.514048,2048x4x1,64x4x1,4096x1x1x1
l_out-17,kernel_add_row,0.003072,1024x0x0,64x0x0,4096x1x1x1
attn_norm-18,kernel_rms_norm_mul,0.005888,1024x1x1,1024x1x1,4096x1x1x1
Qcur-18,kernel_gemv_noshuffle,0.146944,2048x4x1,64x4x1,4096x1x1x1
Qcur-18,kernel_rope_norm_f32,0.003072,2048x1x1,64x1x1,128x32x1x1
Vcur-18,kernel_gemv_noshuffle,0.059904,512x4x1,64x4x1,1024x1x1x1
Kcur-18,kernel_gemv_noshuffle,0.059136,512x4x1,64x4x1,1024x1x1x1
Kcur-18,kernel_rope_norm_f32,0.001792,512x1x1,64x1x1,128x8x1x1
cache_k_l18 (view),kernel_set_rows_f16_i64,0.003072,1024x1x1,1024x1x1,1024x4096x1x1
cache_v_l18 (reshaped) (view),kernel_set_rows_f16_i64,0.006912,16x64x1,1x64x1,1x4194304x1x1
kq-18,kernel_mul_mat_f16_f32_l4,0.077824,16384x1x32,64x1x1,256x1x32x1
kq_soft_max-18,kernel_soft_max_4,0.004096,64x32x1,64x1x1,256x1x32x1
kqv-18,kernel_mul_mat_f16_f32_l4,0.039936,8192x1x32,64x1x1,128x1x32x1
kqv_out-18,kernel_cpy_f32_f32,0.002048,2048x1x1,64x1x1,4096x1x1x1
attn_out-18,kernel_gemv_noshuffle,0.147968,2048x4x1,64x4x1,4096x1x1x1
ffn_inp-18,kernel_add_row,0.002048,1024x0x0,64x0x0,4096x1x1x1
ffn_norm-18,kernel_rms_norm_mul,0.005888,1024x1x1,1024x1x1,4096x1x1x1
ffn_gate-18,kernel_gemv_noshuffle,0.558080,7168x4x1,64x4x1,14336x1x1x1
ffn_up-18,kernel_gemv_noshuffle,0.537088,7168x4x1,64x4x1,14336x1x1x1
ffn_swiglu-18,kernel_swiglu,0.011008,512x1x1,512x1x1,14336x1x1x1
ffn_out-18,kernel_gemv_noshuffle,0.517888,2048x4x1,64x4x1,4096x1x1x1
l_out-18,kernel_add_row,0.002048,1024x0x0,64x0x0,4096x1x1x1
attn_norm-19,kernel_rms_norm_mul,0.005888,1024x1x1,1024x1x1,4096x1x1x1
Qcur-19,kernel_gemv_noshuffle,0.150016,2048x4x1,64x4x1,4096x1x1x1
Qcur-19,kernel_rope_norm_f32,0.003072,2048x1x1,64x1x1,128x32x1x1
Vcur-19,kernel_gemv_noshuffle,0.059904,512x4x1,64x4x1,1024x1x1x1
Kcur-19,kernel_gemv_noshuffle,0.059904,512x4x1,64x4x1,1024x1x1x1
Kcur-19,kernel_rope_norm_f32,0.003072,512x1x1,64x1x1,128x8x1x1
cache_k_l19 (view),kernel_set_rows_f16_i64,0.002816,1024x1x1,1024x1x1,1024x4096x1x1
cache_v_l19 (reshaped) (view),kernel_set_rows_f16_i64,0.007168,16x64x1,1x64x1,1x4194304x1x1
kq-19,kernel_mul_mat_f16_f32_l4,0.077824,16384x1x32,64x1x1,256x1x32x1
kq_soft_max-19,kernel_soft_max_4,0.004096,64x32x1,64x1x1,256x1x32x1
kqv-19,kernel_mul_mat_f16_f32_l4,0.040960,8192x1x32,64x1x1,128x1x32x1
kqv_out-19,kernel_cpy_f32_f32,0.002048,2048x1x1,64x1x1,4096x1x1x1
attn_out-19,kernel_gemv_noshuffle,0.147968,2048x4x1,64x4x1,4096x1x1x1
ffn_inp-19,kernel_add_row,0.002048,1024x0x0,64x0x0,4096x1x1x1
ffn_norm-19,kernel_rms_norm_mul,0.005888,1024x1x1,1024x1x1,4096x1x1x1
ffn_gate-19,kernel_gemv_noshuffle,0.535040,7168x4x1,64x4x1,14336x1x1x1
ffn_up-19,kernel_gemv_noshuffle,0.571136,7168x4x1,64x4x1,14336x1x1x1
ffn_swiglu-19,kernel_swiglu,0.011008,512x1x1,512x1x1,14336x1x1x1
ffn_out-19,kernel_gemv_noshuffle,0.515840,2048x4x1,64x4x1,4096x1x1x1
l_out-19,kernel_add_row,0.002048,1024x0x0,64x0x0,4096x1x1x1
attn_norm-20,kernel_rms_norm_mul,0.006144,1024x1x1,1024x1x1,4096x1x1x1
Qcur-20,kernel_gemv_noshuffle,0.152832,2048x4x1,64x4x1,4096x1x1x1
Qcur-20,kernel_rope_norm_f32,0.003072,2048x1x1,64x1x1,128x32x1x1
Vcur-20,kernel_gemv_noshuffle,0.060928,512x4x1,64x4x1,1024x1x1x1
Kcur-20,kernel_gemv_noshuffle,0.059136,512x4x1,64x4x1,1024x1x1x1
Kcur-20,kernel_rope_norm_f32,0.001792,512x1x1,64x1x1,128x8x1x1
cache_k_l20 (view),kernel_set_rows_f16_i64,0.003072,1024x1x1,1024x1x1,1024x4096x1x1
cache_v_l20 (reshaped) (view),kernel_set_rows_f16_i64,0.006912,16x64x1,1x64x1,1x4194304x1x1
kq-20,kernel_mul_mat_f16_f32_l4,0.077056,16384x1x32,64x1x1,256x1x32x1
kq_soft_max-20,kernel_soft_max_4,0.003840,64x32x1,64x1x1,256x1x32x1
kqv-20,kernel_mul_mat_f16_f32_l4,0.039936,8192x1x32,64x1x1,128x1x32x1
kqv_out-20,kernel_cpy_f32_f32,0.002048,2048x1x1,64x1x1,4096x1x1x1
attn_out-20,kernel_gemv_noshuffle,0.147968,2048x4x1,64x4x1,4096x1x1x1
ffn_inp-20,kernel_add_row,0.002048,1024x0x0,64x0x0,4096x1x1x1
ffn_norm-20,kernel_rms_norm_mul,0.005888,1024x1x1,1024x1x1,4096x1x1x1
ffn_gate-20,kernel_gemv_noshuffle,0.539136,7168x4x1,64x4x1,14336x1x1x1
ffn_up-20,kernel_gemv_noshuffle,0.542208,7168x4x1,64x4x1,14336x1x1x1
ffn_swiglu-20,kernel_swiglu,0.011776,512x1x1,512x1x1,14336x1x1x1
ffn_out-20,kernel_gemv_noshuffle,0.506112,2048x4x1,64x4x1,4096x1x1x1
l_out-20,kernel_add_row,0.002048,1024x0x0,64x0x0,4096x1x1x1
attn_norm-21,kernel_rms_norm_mul,0.006144,1024x1x1,1024x1x1,4096x1x1x1
Qcur-21,kernel_gemv_noshuffle,0.145920,2048x4x1,64x4x1,4096x1x1x1
Qcur-21,kernel_rope_norm_f32,0.003072,2048x1x1,64x1x1,128x32x1x1
Vcur-21,kernel_gemv_noshuffle,0.059904,512x4x1,64x4x1,1024x1x1x1
Kcur-21,kernel_gemv_noshuffle,0.058880,512x4x1,64x4x1,1024x1x1x1
Kcur-21,kernel_rope_norm_f32,0.002048,512x1x1,64x1x1,128x8x1x1
cache_k_l21 (view),kernel_set_rows_f16_i64,0.003072,1024x1x1,1024x1x1,1024x4096x1x1
cache_v_l21 (reshaped) (view),kernel_set_rows_f16_i64,0.007936,16x64x1,1x64x1,1x4194304x1x1
kq-21,kernel_mul_mat_f16_f32_l4,0.077824,16384x1x32,64x1x1,256x1x32x1
kq_soft_max-21,kernel_soft_max_4,0.004096,64x32x1,64x1x1,256x1x32x1
kqv-21,kernel_mul_mat_f16_f32_l4,0.040960,8192x1x32,64x1x1,128x1x32x1
kqv_out-21,kernel_cpy_f32_f32,0.002048,2048x1x1,64x1x1,4096x1x1x1
attn_out-21,kernel_gemv_noshuffle,0.144128,2048x4x1,64x4x1,4096x1x1x1
ffn_inp-21,kernel_add_row,0.001792,1024x0x0,64x0x0,4096x1x1x1
ffn_norm-21,kernel_rms_norm_mul,0.006144,1024x1x1,1024x1x1,4096x1x1x1
ffn_gate-21,kernel_gemv_noshuffle,0.546048,7168x4x1,64x4x1,14336x1x1x1
ffn_up-21,kernel_gemv_noshuffle,0.540928,7168x4x1,64x4x1,14336x1x1x1
ffn_swiglu-21,kernel_swiglu,0.012032,512x1x1,512x1x1,14336x1x1x1
ffn_out-21,kernel_gemv_noshuffle,0.513024,2048x4x1,64x4x1,4096x1x1x1
l_out-21,kernel_add_row,0.002048,1024x0x0,64x0x0,4096x1x1x1
attn_norm-22,kernel_rms_norm_mul,0.005888,1024x1x1,1024x1x1,4096x1x1x1
Qcur-22,kernel_gemv_noshuffle,0.147968,2048x4x1,64x4x1,4096x1x1x1
Qcur-22,kernel_rope_norm_f32,0.003072,2048x1x1,64x1x1,128x32x1x1
Vcur-22,kernel_gemv_noshuffle,0.060928,512x4x1,64x4x1,1024x1x1x1
Kcur-22,kernel_gemv_noshuffle,0.059136,512x4x1,64x4x1,1024x1x1x1
Kcur-22,kernel_rope_norm_f32,0.001792,512x1x1,64x1x1,128x8x1x1
cache_k_l22 (view),kernel_set_rows_f16_i64,0.003072,1024x1x1,1024x1x1,1024x4096x1x1
cache_v_l22 (reshaped) (view),kernel_set_rows_f16_i64,0.006912,16x64x1,1x64x1,1x4194304x1x1
kq-22,kernel_mul_mat_f16_f32_l4,0.076800,16384x1x32,64x1x1,256x1x32x1
kq_soft_max-22,kernel_soft_max_4,0.004096,64x32x1,64x1x1,256x1x32x1
kqv-22,kernel_mul_mat_f16_f32_l4,0.040960,8192x1x32,64x1x1,128x1x32x1
kqv_out-22,kernel_cpy_f32_f32,0.003072,2048x1x1,64x1x1,4096x1x1x1
attn_out-22,kernel_gemv_noshuffle,0.150016,2048x4x1,64x4x1,4096x1x1x1
ffn_inp-22,kernel_add_row,0.001792,1024x0x0,64x0x0,4096x1x1x1
ffn_norm-22,kernel_rms_norm_mul,0.006144,1024x1x1,1024x1x1,4096x1x1x1
ffn_gate-22,kernel_gemv_noshuffle,0.534016,7168x4x1,64x4x1,14336x1x1x1
ffn_up-22,kernel_gemv_noshuffle,0.545024,7168x4x1,64x4x1,14336x1x1x1
ffn_swiglu-22,kernel_swiglu,0.011008,512x1x1,512x1x1,14336x1x1x1
ffn_out-22,kernel_gemv_noshuffle,0.514048,2048x4x1,64x4x1,4096x1x1x1
l_out-22,kernel_add_row,0.001792,1024x0x0,64x0x0,4096x1x1x1
attn_norm-23,kernel_rms_norm_mul,0.006144,1024x1x1,1024x1x1,4096x1x1x1
Qcur-23,kernel_gemv_noshuffle,0.143872,2048x4x1,64x4x1,4096x1x1x1
Qcur-23,kernel_rope_norm_f32,0.003072,2048x1x1,64x1x1,128x32x1x1
Vcur-23,kernel_gemv_noshuffle,0.060928,512x4x1,64x4x1,1024x1x1x1
Kcur-23,kernel_gemv_noshuffle,0.059904,512x4x1,64x4x1,1024x1x1x1
Kcur-23,kernel_rope_norm_f32,0.002048,512x1x1,64x1x1,128x8x1x1
cache_k_l23 (view),kernel_set_rows_f16_i64,0.003072,1024x1x1,1024x1x1,1024x4096x1x1
cache_v_l23 (reshaped) (view),kernel_set_rows_f16_i64,0.006912,16x64x1,1x64x1,1x4194304x1x1
kq-23,kernel_mul_mat_f16_f32_l4,0.077056,16384x1x32,64x1x1,256x1x32x1
kq_soft_max-23,kernel_soft_max_4,0.003840,64x32x1,64x1x1,256x1x32x1
kqv-23,kernel_mul_mat_f16_f32_l4,0.039936,8192x1x32,64x1x1,128x1x32x1
kqv_out-23,kernel_cpy_f32_f32,0.002048,2048x1x1,64x1x1,4096x1x1x1
attn_out-23,kernel_gemv_noshuffle,0.147968,2048x4x1,64x4x1,4096x1x1x1
ffn_inp-23,kernel_add_row,0.002048,1024x0x0,64x0x0,4096x1x1x1
ffn_norm-23,kernel_rms_norm_mul,0.006144,1024x1x1,1024x1x1,4096x1x1x1
ffn_gate-23,kernel_gemv_noshuffle,0.537856,7168x4x1,64x4x1,14336x1x1x1
ffn_up-23,kernel_gemv_noshuffle,0.559104,7168x4x1,64x4x1,14336x1x1x1
ffn_swiglu-23,kernel_swiglu,0.012032,512x1x1,512x1x1,14336x1x1x1
ffn_out-23,kernel_gemv_noshuffle,0.519936,2048x4x1,64x4x1,4096x1x1x1
l_out-23,kernel_add_row,0.002048,1024x0x0,64x0x0,4096x1x1x1
attn_norm-24,kernel_rms_norm_mul,0.006144,1024x1x1,1024x1x1,4096x1x1x1
Qcur-24,kernel_gemv_noshuffle,0.150784,2048x4x1,64x4x1,4096x1x1x1
Qcur-24,kernel_rope_norm_f32,0.002048,2048x1x1,64x1x1,128x32x1x1
Vcur-24,kernel_gemv_noshuffle,0.059904,512x4x1,64x4x1,1024x1x1x1
Kcur-24,kernel_gemv_noshuffle,0.059136,512x4x1,64x4x1,1024x1x1x1
Kcur-24,kernel_rope_norm_f32,0.001792,512x1x1,64x1x1,128x8x1x1
cache_k_l24 (view),kernel_set_rows_f16_i64,0.003072,1024x1x1,1024x1x1,1024x4096x1x1
cache_v_l24 (reshaped) (view),kernel_set_rows_f16_i64,0.007936,16x64x1,1x64x1,1x4194304x1x1
kq-24,kernel_mul_mat_f16_f32_l4,0.077056,16384x1x32,64x1x1,256x1x32x1
kq_soft_max-24,kernel_soft_max_4,0.004096,64x32x1,64x1x1,256x1x32x1
kqv-24,kernel_mul_mat_f16_f32_l4,0.039936,8192x1x32,64x1x1,128x1x32x1
kqv_out-24,kernel_cpy_f32_f32,0.002048,2048x1x1,64x1x1,4096x1x1x1
attn_out-24,kernel_gemv_noshuffle,0.146944,2048x4x1,64x4x1,4096x1x1x1
ffn_inp-24,kernel_add_row,0.002048,1024x0x0,64x0x0,4096x1x1x1
ffn_norm-24,kernel_rms_norm_mul,0.005888,1024x1x1,1024x1x1,4096x1x1x1
ffn_gate-24,kernel_gemv_noshuffle,0.537088,7168x4x1,64x4x1,14336x1x1x1
ffn_up-24,kernel_gemv_noshuffle,0.553216,7168x4x1,64x4x1,14336x1x1x1
ffn_swiglu-24,kernel_swiglu,0.011008,512x1x1,512x1x1,14336x1x1x1
ffn_out-24,kernel_gemv_noshuffle,0.518144,2048x4x1,64x4x1,4096x1x1x1
l_out-24,kernel_add_row,0.001792,1024x0x0,64x0x0,4096x1x1x1
attn_norm-25,kernel_rms_norm_mul,0.006144,1024x1x1,1024x1x1,4096x1x1x1
Qcur-25,kernel_gemv_noshuffle,0.150016,2048x4x1,64x4x1,4096x1x1x1
Qcur-25,kernel_rope_norm_f32,0.002048,2048x1x1,64x1x1,128x32x1x1
Vcur-25,kernel_gemv_noshuffle,0.060160,512x4x1,64x4x1,1024x1x1x1
Kcur-25,kernel_gemv_noshuffle,0.060160,512x4x1,64x4x1,1024x1x1x1
Kcur-25,kernel_rope_norm_f32,0.002816,512x1x1,64x1x1,128x8x1x1
cache_k_l25 (view),kernel_set_rows_f16_i64,0.003072,1024x1x1,1024x1x1,1024x4096x1x1
cache_v_l25 (reshaped) (view),kernel_set_rows_f16_i64,0.008960,16x64x1,1x64x1,1x4194304x1x1
kq-25,kernel_mul_mat_f16_f32_l4,0.077056,16384x1x32,64x1x1,256x1x32x1
kq_soft_max-25,kernel_soft_max_4,0.003840,64x32x1,64x1x1,256x1x32x1
kqv-25,kernel_mul_mat_f16_f32_l4,0.040192,8192x1x32,64x1x1,128x1x32x1
kqv_out-25,kernel_cpy_f32_f32,0.001792,2048x1x1,64x1x1,4096x1x1x1
attn_out-25,kernel_gemv_noshuffle,0.145920,2048x4x1,64x4x1,4096x1x1x1
ffn_inp-25,kernel_add_row,0.002048,1024x0x0,64x0x0,4096x1x1x1
ffn_norm-25,kernel_rms_norm_mul,0.005888,1024x1x1,1024x1x1,4096x1x1x1
ffn_gate-25,kernel_gemv_noshuffle,0.542976,7168x4x1,64x4x1,14336x1x1x1
ffn_up-25,kernel_gemv_noshuffle,0.557056,7168x4x1,64x4x1,14336x1x1x1
ffn_swiglu-25,kernel_swiglu,0.012032,512x1x1,512x1x1,14336x1x1x1
ffn_out-25,kernel_gemv_noshuffle,0.523008,2048x4x1,64x4x1,4096x1x1x1
l_out-25,kernel_add_row,0.001792,1024x0x0,64x0x0,4096x1x1x1
attn_norm-26,kernel_rms_norm_mul,0.006144,1024x1x1,1024x1x1,4096x1x1x1
Qcur-26,kernel_gemv_noshuffle,0.147200,2048x4x1,64x4x1,4096x1x1x1
Qcur-26,kernel_rope_norm_f32,0.001792,2048x1x1,64x1x1,128x32x1x1
Vcur-26,kernel_gemv_noshuffle,0.061184,512x4x1,64x4x1,1024x1x1x1
Kcur-26,kernel_gemv_noshuffle,0.059904,512x4x1,64x4x1,1024x1x1x1
Kcur-26,kernel_rope_norm_f32,0.002048,512x1x1,64x1x1,128x8x1x1
cache_k_l26 (view),kernel_set_rows_f16_i64,0.002816,1024x1x1,1024x1x1,1024x4096x1x1
cache_v_l26 (reshaped) (view),kernel_set_rows_f16_i64,0.007168,16x64x1,1x64x1,1x4194304x1x1
kq-26,kernel_mul_mat_f16_f32_l4,0.077056,16384x1x32,64x1x1,256x1x32x1
kq_soft_max-26,kernel_soft_max_4,0.003840,64x32x1,64x1x1,256x1x32x1
kqv-26,kernel_mul_mat_f16_f32_l4,0.039936,8192x1x32,64x1x1,128x1x32x1
kqv_out-26,kernel_cpy_f32_f32,0.002048,2048x1x1,64x1x1,4096x1x1x1
attn_out-26,kernel_gemv_noshuffle,0.147968,2048x4x1,64x4x1,4096x1x1x1
ffn_inp-26,kernel_add_row,0.002048,1024x0x0,64x0x0,4096x1x1x1
ffn_norm-26,kernel_rms_norm_mul,0.005888,1024x1x1,1024x1x1,4096x1x1x1
ffn_gate-26,kernel_gemv_noshuffle,0.548096,7168x4x1,64x4x1,14336x1x1x1
ffn_up-26,kernel_gemv_noshuffle,0.549120,7168x4x1,64x4x1,14336x1x1x1
ffn_swiglu-26,kernel_swiglu,0.011008,512x1x1,512x1x1,14336x1x1x1
ffn_out-26,kernel_gemv_noshuffle,0.517888,2048x4x1,64x4x1,4096x1x1x1
l_out-26,kernel_add_row,0.002048,1024x0x0,64x0x0,4096x1x1x1
attn_norm-27,kernel_rms_norm_mul,0.005888,1024x1x1,1024x1x1,4096x1x1x1
Qcur-27,kernel_gemv_noshuffle,0.147968,2048x4x1,64x4x1,4096x1x1x1
Qcur-27,kernel_rope_norm_f32,0.003072,2048x1x1,64x1x1,128x32x1x1
Vcur-27,kernel_gemv_noshuffle,0.060928,512x4x1,64x4x1,1024x1x1x1
Kcur-27,kernel_gemv_noshuffle,0.060928,512x4x1,64x4x1,1024x1x1x1
Kcur-27,kernel_rope_norm_f32,0.002048,512x1x1,64x1x1,128x8x1x1
cache_k_l27 (view),kernel_set_rows_f16_i64,0.003072,1024x1x1,1024x1x1,1024x4096x1x1
cache_v_l27 (reshaped) (view),kernel_set_rows_f16_i64,0.006912,16x64x1,1x64x1,1x4194304x1x1
kq-27,kernel_mul_mat_f16_f32_l4,0.077824,16384x1x32,64x1x1,256x1x32x1
kq_soft_max-27,kernel_soft_max_4,0.004096,64x32x1,64x1x1,256x1x32x1
kqv-27,kernel_mul_mat_f16_f32_l4,0.039936,8192x1x32,64x1x1,128x1x32x1
kqv_out-27,kernel_cpy_f32_f32,0.002048,2048x1x1,64x1x1,4096x1x1x1
attn_out-27,kernel_gemv_noshuffle,0.145920,2048x4x1,64x4x1,4096x1x1x1
ffn_inp-27,kernel_add_row,0.002048,1024x0x0,64x0x0,4096x1x1x1
ffn_norm-27,kernel_rms_norm_mul,0.006144,1024x1x1,1024x1x1,4096x1x1x1
ffn_gate-27,kernel_gemv_noshuffle,0.553984,7168x4x1,64x4x1,14336x1x1x1
ffn_up-27,kernel_gemv_noshuffle,0.536064,7168x4x1,64x4x1,14336x1x1x1
ffn_swiglu-27,kernel_swiglu,0.011008,512x1x1,512x1x1,14336x1x1x1
ffn_out-27,kernel_gemv_noshuffle,0.516096,2048x4x1,64x4x1,4096x1x1x1
l_out-27,kernel_add_row,0.002048,1024x0x0,64x0x0,4096x1x1x1
attn_norm-28,kernel_rms_norm_mul,0.006144,1024x1x1,1024x1x1,4096x1x1x1
Qcur-28,kernel_gemv_noshuffle,0.155904,2048x4x1,64x4x1,4096x1x1x1
Qcur-28,kernel_rope_norm_f32,0.002048,2048x1x1,64x1x1,128x32x1x1
Vcur-28,kernel_gemv_noshuffle,0.061952,512x4x1,64x4x1,1024x1x1x1
Kcur-28,kernel_gemv_noshuffle,0.060928,512x4x1,64x4x1,1024x1x1x1
Kcur-28,kernel_rope_norm_f32,0.002048,512x1x1,64x1x1,128x8x1x1
cache_k_l28 (view),kernel_set_rows_f16_i64,0.003072,1024x1x1,1024x1x1,1024x4096x1x1
cache_v_l28 (reshaped) (view),kernel_set_rows_f16_i64,0.007168,16x64x1,1x64x1,1x4194304x1x1
kq-28,kernel_mul_mat_f16_f32_l4,0.077056,16384x1x32,64x1x1,256x1x32x1
kq_soft_max-28,kernel_soft_max_4,0.004096,64x32x1,64x1x1,256x1x32x1
kqv-28,kernel_mul_mat_f16_f32_l4,0.039936,8192x1x32,64x1x1,128x1x32x1
kqv_out-28,kernel_cpy_f32_f32,0.001792,2048x1x1,64x1x1,4096x1x1x1
attn_out-28,kernel_gemv_noshuffle,0.157184,2048x4x1,64x4x1,4096x1x1x1
ffn_inp-28,kernel_add_row,0.001792,1024x0x0,64x0x0,4096x1x1x1
ffn_norm-28,kernel_rms_norm_mul,0.006144,1024x1x1,1024x1x1,4096x1x1x1
ffn_gate-28,kernel_gemv_noshuffle,0.546048,7168x4x1,64x4x1,14336x1x1x1
ffn_up-28,kernel_gemv_noshuffle,0.537856,7168x4x1,64x4x1,14336x1x1x1
ffn_swiglu-28,kernel_swiglu,0.011008,512x1x1,512x1x1,14336x1x1x1
ffn_out-28,kernel_gemv_noshuffle,0.528128,2048x4x1,64x4x1,4096x1x1x1
l_out-28,kernel_add_row,0.002048,1024x0x0,64x0x0,4096x1x1x1
attn_norm-29,kernel_rms_norm_mul,0.005888,1024x1x1,1024x1x1,4096x1x1x1
Qcur-29,kernel_gemv_noshuffle,0.152064,2048x4x1,64x4x1,4096x1x1x1
Qcur-29,kernel_rope_norm_f32,0.001792,2048x1x1,64x1x1,128x32x1x1
Vcur-29,kernel_gemv_noshuffle,0.060160,512x4x1,64x4x1,1024x1x1x1
Kcur-29,kernel_gemv_noshuffle,0.060160,512x4x1,64x4x1,1024x1x1x1
Kcur-29,kernel_rope_norm_f32,0.003072,512x1x1,64x1x1,128x8x1x1
cache_k_l29 (view),kernel_set_rows_f16_i64,0.002816,1024x1x1,1024x1x1,1024x4096x1x1
cache_v_l29 (reshaped) (view),kernel_set_rows_f16_i64,0.006912,16x64x1,1x64x1,1x4194304x1x1
kq-29,kernel_mul_mat_f16_f32_l4,0.078080,16384x1x32,64x1x1,256x1x32x1
kq_soft_max-29,kernel_soft_max_4,0.004096,64x32x1,64x1x1,256x1x32x1
kqv-29,kernel_mul_mat_f16_f32_l4,0.040960,8192x1x32,64x1x1,128x1x32x1
kqv_out-29,kernel_cpy_f32_f32,0.001792,2048x1x1,64x1x1,4096x1x1x1
attn_out-29,kernel_gemv_noshuffle,0.151040,2048x4x1,64x4x1,4096x1x1x1
ffn_inp-29,kernel_add_row,0.002048,1024x0x0,64x0x0,4096x1x1x1
ffn_norm-29,kernel_rms_norm_mul,0.005888,1024x1x1,1024x1x1,4096x1x1x1
ffn_gate-29,kernel_gemv_noshuffle,0.539904,7168x4x1,64x4x1,14336x1x1x1
ffn_up-29,kernel_gemv_noshuffle,0.540160,7168x4x1,64x4x1,14336x1x1x1
ffn_swiglu-29,kernel_swiglu,0.011008,512x1x1,512x1x1,14336x1x1x1
ffn_out-29,kernel_gemv_noshuffle,0.521984,2048x4x1,64x4x1,4096x1x1x1
l_out-29,kernel_add_row,0.002048,1024x0x0,64x0x0,4096x1x1x1
attn_norm-30,kernel_rms_norm_mul,0.005888,1024x1x1,1024x1x1,4096x1x1x1
Qcur-30,kernel_gemv_noshuffle,0.151040,2048x4x1,64x4x1,4096x1x1x1
Qcur-30,kernel_rope_norm_f32,0.002048,2048x1x1,64x1x1,128x32x1x1
Vcur-30,kernel_gemv_noshuffle,0.061952,512x4x1,64x4x1,1024x1x1x1
Kcur-30,kernel_gemv_noshuffle,0.060928,512x4x1,64x4x1,1024x1x1x1
Kcur-30,kernel_rope_norm_f32,0.003072,512x1x1,64x1x1,128x8x1x1
cache_k_l30 (view),kernel_set_rows_f16_i64,0.002816,1024x1x1,1024x1x1,1024x4096x1x1
cache_v_l30 (reshaped) (view),kernel_set_rows_f16_i64,0.007168,16x64x1,1x64x1,1x4194304x1x1
kq-30,kernel_mul_mat_f16_f32_l4,0.077056,16384x1x32,64x1x1,256x1x32x1
kq_soft_max-30,kernel_soft_max_4,0.003840,64x32x1,64x1x1,256x1x32x1
kqv-30,kernel_mul_mat_f16_f32_l4,0.040192,8192x1x32,64x1x1,128x1x32x1
kqv_out-30,kernel_cpy_f32_f32,0.002048,2048x1x1,64x1x1,4096x1x1x1
attn_out-30,kernel_gemv_noshuffle,0.150016,2048x4x1,64x4x1,4096x1x1x1
ffn_inp-30,kernel_add_row,0.002048,1024x0x0,64x0x0,4096x1x1x1
ffn_norm-30,kernel_rms_norm_mul,0.005888,1024x1x1,1024x1x1,4096x1x1x1
ffn_gate-30,kernel_gemv_noshuffle,0.546048,7168x4x1,64x4x1,14336x1x1x1
ffn_up-30,kernel_gemv_noshuffle,0.545792,7168x4x1,64x4x1,14336x1x1x1
ffn_swiglu-30,kernel_swiglu,0.011008,512x1x1,512x1x1,14336x1x1x1
ffn_out-30,kernel_gemv_noshuffle,0.515072,2048x4x1,64x4x1,4096x1x1x1
l_out-30,kernel_add_row,0.002048,1024x0x0,64x0x0,4096x1x1x1
attn_norm-31,kernel_rms_norm_mul,0.005888,1024x1x1,1024x1x1,4096x1x1x1
Qcur-31,kernel_gemv_noshuffle,0.148992,2048x4x1,64x4x1,4096x1x1x1
Qcur-31,kernel_rope_norm_f32,0.003072,2048x1x1,64x1x1,128x32x1x1
Vcur-31,kernel_gemv_noshuffle,0.060928,512x4x1,64x4x1,1024x1x1x1
Kcur-31,kernel_gemv_noshuffle,0.060160,512x4x1,64x4x1,1024x1x1x1
Kcur-31,kernel_rope_norm_f32,0.002048,512x1x1,64x1x1,128x8x1x1
cache_k_l31 (view),kernel_set_rows_f16_i64,0.003072,1024x1x1,1024x1x1,1024x4096x1x1
cache_v_l31 (reshaped) (view),kernel_set_rows_f16_i64,0.007936,16x64x1,1x64x1,1x4194304x1x1
kq-31,kernel_mul_mat_f16_f32_l4,0.078080,16384x1x32,64x1x1,256x1x32x1
kq_soft_max-31,kernel_soft_max_4,0.004096,64x32x1,64x1x1,256x1x32x1
kqv-31,kernel_mul_mat_f16_f32_l4,0.040192,8192x1x32,64x1x1,128x1x32x1
kqv_out-31,kernel_cpy_f32_f32,0.001792,2048x1x1,64x1x1,4096x1x1x1
attn_out-31,kernel_gemv_noshuffle,0.148992,2048x4x1,64x4x1,4096x1x1x1
node_1145,kernel_get_rows_f32,0.016896,64x1x1,64x1x1,4096x1x1x1
node_1146,kernel_get_rows_f32,0.017152,64x1x1,64x1x1,4096x1x1x1
ffn_inp-31,kernel_add_row,0.001792,1024x0x0,64x0x0,4096x1x1x1
ffn_norm-31,kernel_rms_norm_mul,0.006144,1024x1x1,1024x1x1,4096x1x1x1
ffn_gate-31,kernel_gemv_noshuffle,0.552960,7168x4x1,64x4x1,14336x1x1x1
ffn_up-31,kernel_gemv_noshuffle,0.549888,7168x4x1,64x4x1,14336x1x1x1
ffn_swiglu-31,kernel_swiglu,0.012032,512x1x1,512x1x1,14336x1x1x1
ffn_out-31,kernel_gemv_noshuffle,0.516864,2048x4x1,64x4x1,4096x1x1x1
l_out-31,kernel_add_row,0.002048,1024x0x0,64x0x0,4096x1x1x1
result_norm,kernel_rms_norm_mul,0.006912,1024x1x1,1024x1x1,4096x1x1x1
result_output,kernel_transpose_32_16,0.006144,4096x2x0,16x1x0,128256x1x1x1
result_output,kernel_mul_mat_Ab_Bi_8x4,5.714944,1x32064x4,1x32x4,128256x1x1x1
attn_norm-0,kernel_rms_norm_mul,0.007936,1024x1x1,1024x1x1,4096x1x1x1
Qcur-0,kernel_gemv_noshuffle,0.163072,2048x4x1,64x4x1,4096x1x1x1
Qcur-0,kernel_rope_norm_f32,0.002816,2048x1x1,64x1x1,128x32x1x1
Vcur-0,kernel_gemv_noshuffle,0.061952,512x4x1,64x4x1,1024x1x1x1
Kcur-0,kernel_gemv_noshuffle,0.061184,512x4x1,64x4x1,1024x1x1x1
Kcur-0,kernel_rope_norm_f32,0.001792,512x1x1,64x1x1,128x8x1x1
cache_k_l0 (view),kernel_set_rows_f16_i64,0.003072,1024x1x1,1024x1x1,1024x4096x1x1
cache_v_l0 (reshaped) (view),kernel_set_rows_f16_i64,0.007936,16x64x1,1x64x1,1x4194304x1x1
kq-0,kernel_mul_mat_f16_f32_l4,0.078080,16384x1x32,64x1x1,256x1x32x1
kq_soft_max-0,kernel_soft_max_4,0.004864,64x32x1,64x1x1,256x1x32x1
kqv-0,kernel_mul_mat_f16_f32_l4,0.040192,8192x1x32,64x1x1,128x1x32x1
kqv_out-0,kernel_cpy_f32_f32,0.001792,2048x1x1,64x1x1,4096x1x1x1
attn_out-0,kernel_gemv_noshuffle,0.152064,2048x4x1,64x4x1,4096x1x1x1
ffn_inp-0,kernel_add_row,0.002048,1024x0x0,64x0x0,4096x1x1x1
ffn_norm-0,kernel_rms_norm_mul,0.005888,1024x1x1,1024x1x1,4096x1x1x1
ffn_gate-0,kernel_gemv_noshuffle,0.566016,7168x4x1,64x4x1,14336x1x1x1
ffn_up-0,kernel_gemv_noshuffle,0.546816,7168x4x1,64x4x1,14336x1x1x1
ffn_swiglu-0,kernel_swiglu,0.011008,512x1x1,512x1x1,14336x1x1x1
ffn_out-0,kernel_gemv_noshuffle,0.520960,2048x4x1,64x4x1,4096x1x1x1
l_out-0,kernel_add_row,0.002048,1024x0x0,64x0x0,4096x1x1x1
attn_norm-1,kernel_rms_norm_mul,0.005888,1024x1x1,1024x1x1,4096x1x1x1
Qcur-1,kernel_gemv_noshuffle,0.150016,2048x4x1,64x4x1,4096x1x1x1
Qcur-1,kernel_rope_norm_f32,0.003072,2048x1x1,64x1x1,128x32x1x1
Vcur-1,kernel_gemv_noshuffle,0.060928,512x4x1,64x4x1,1024x1x1x1
Kcur-1,kernel_gemv_noshuffle,0.060928,512x4x1,64x4x1,1024x1x1x1
Kcur-1,kernel_rope_norm_f32,0.002048,512x1x1,64x1x1,128x8x1x1
cache_k_l1 (view),kernel_set_rows_f16_i64,0.002816,1024x1x1,1024x1x1,1024x4096x1x1
cache_v_l1 (reshaped) (view),kernel_set_rows_f16_i64,0.007168,16x64x1,1x64x1,1x4194304x1x1
kq-1,kernel_mul_mat_f16_f32_l4,0.078080,16384x1x32,64x1x1,256x1x32x1
kq_soft_max-1,kernel_soft_max_4,0.004096,64x32x1,64x1x1,256x1x32x1
kqv-1,kernel_mul_mat_f16_f32_l4,0.039936,8192x1x32,64x1x1,128x1x32x1
kqv_out-1,kernel_cpy_f32_f32,0.002048,2048x1x1,64x1x1,4096x1x1x1
attn_out-1,kernel_gemv_noshuffle,0.150016,2048x4x1,64x4x1,4096x1x1x1
ffn_inp-1,kernel_add_row,0.002048,1024x0x0,64x0x0,4096x1x1x1
ffn_norm-1,kernel_rms_norm_mul,0.005888,1024x1x1,1024x1x1,4096x1x1x1
ffn_gate-1,kernel_gemv_noshuffle,0.557056,7168x4x1,64x4x1,14336x1x1x1
ffn_up-1,kernel_gemv_noshuffle,0.549888,7168x4x1,64x4x1,14336x1x1x1
ffn_swiglu-1,kernel_swiglu,0.011008,512x1x1,512x1x1,14336x1x1x1
ffn_out-1,kernel_gemv_noshuffle,0.528128,2048x4x1,64x4x1,4096x1x1x1
l_out-1,kernel_add_row,0.002048,1024x0x0,64x0x0,4096x1x1x1
attn_norm-2,kernel_rms_norm_mul,0.006144,1024x1x1,1024x1x1,4096x1x1x1
Qcur-2,kernel_gemv_noshuffle,0.148992,2048x4x1,64x4x1,4096x1x1x1
Qcur-2,kernel_rope_norm_f32,0.002048,2048x1x1,64x1x1,128x32x1x1
Vcur-2,kernel_gemv_noshuffle,0.060928,512x4x1,64x4x1,1024x1x1x1
Kcur-2,kernel_gemv_noshuffle,0.060160,512x4x1,64x4x1,1024x1x1x1
Kcur-2,kernel_rope_norm_f32,0.001792,512x1x1,64x1x1,128x8x1x1
cache_k_l2 (view),kernel_set_rows_f16_i64,0.003072,1024x1x1,1024x1x1,1024x4096x1x1
cache_v_l2 (reshaped) (view),kernel_set_rows_f16_i64,0.007936,16x64x1,1x64x1,1x4194304x1x1
kq-2,kernel_mul_mat_f16_f32_l4,0.077056,16384x1x32,64x1x1,256x1x32x1
kq_soft_max-2,kernel_soft_max_4,0.004096,64x32x1,64x1x1,256x1x32x1
kqv-2,kernel_mul_mat_f16_f32_l4,0.039936,8192x1x32,64x1x1,128x1x32x1
kqv_out-2,kernel_cpy_f32_f32,0.002048,2048x1x1,64x1x1,4096x1x1x1
attn_out-2,kernel_gemv_noshuffle,0.153088,2048x4x1,64x4x1,4096x1x1x1
ffn_inp-2,kernel_add_row,0.001792,1024x0x0,64x0x0,4096x1x1x1
ffn_norm-2,kernel_rms_norm_mul,0.006144,1024x1x1,1024x1x1,4096x1x1x1
ffn_gate-2,kernel_gemv_noshuffle,0.556800,7168x4x1,64x4x1,14336x1x1x1
ffn_up-2,kernel_gemv_noshuffle,0.548096,7168x4x1,64x4x1,14336x1x1x1
ffn_swiglu-2,kernel_swiglu,0.011776,512x1x1,512x1x1,14336x1x1x1
ffn_out-2,kernel_gemv_noshuffle,0.525056,2048x4x1,64x4x1,4096x1x1x1
l_out-2,kernel_add_row,0.002048,1024x0x0,64x0x0,4096x1x1x1
attn_norm-3,kernel_rms_norm_mul,0.005888,1024x1x1,1024x1x1,4096x1x1x1
Qcur-3,kernel_gemv_noshuffle,0.146944,2048x4x1,64x4x1,4096x1x1x1
Qcur-3,kernel_rope_norm_f32,0.003072,2048x1x1,64x1x1,128x32x1x1
Vcur-3,kernel_gemv_noshuffle,0.060928,512x4x1,64x4x1,1024x1x1x1
Kcur-3,kernel_gemv_noshuffle,0.059904,512x4x1,64x4x1,1024x1x1x1
Kcur-3,kernel_rope_norm_f32,0.002048,512x1x1,64x1x1,128x8x1x1
cache_k_l3 (view),kernel_set_rows_f16_i64,0.002816,1024x1x1,1024x1x1,1024x4096x1x1
cache_v_l3 (reshaped) (view),kernel_set_rows_f16_i64,0.007168,16x64x1,1x64x1,1x4194304x1x1
kq-3,kernel_mul_mat_f16_f32_l4,0.077824,16384x1x32,64x1x1,256x1x32x1
kq_soft_max-3,kernel_soft_max_4,0.004096,64x32x1,64x1x1,256x1x32x1
kqv-3,kernel_mul_mat_f16_f32_l4,0.040960,8192x1x32,64x1x1,128x1x32x1
kqv_out-3,kernel_cpy_f32_f32,0.002048,2048x1x1,64x1x1,4096x1x1x1
attn_out-3,kernel_gemv_noshuffle,0.148224,2048x4x1,64x4x1,4096x1x1x1
ffn_inp-3,kernel_add_row,0.002048,1024x0x0,64x0x0,4096x1x1x1
ffn_norm-3,kernel_rms_norm_mul,0.006144,1024x1x1,1024x1x1,4096x1x1x1
ffn_gate-3,kernel_gemv_noshuffle,0.551936,7168x4x1,64x4x1,14336x1x1x1
ffn_up-3,kernel_gemv_noshuffle,0.541952,7168x4x1,64x4x1,14336x1x1x1
ffn_swiglu-3,kernel_swiglu,0.012032,512x1x1,512x1x1,14336x1x1x1
ffn_out-3,kernel_gemv_noshuffle,0.519936,2048x4x1,64x4x1,4096x1x1x1
l_out-3,kernel_add_row,0.002048,1024x0x0,64x0x0,4096x1x1x1
attn_norm-4,kernel_rms_norm_mul,0.006144,1024x1x1,1024x1x1,4096x1x1x1
Qcur-4,kernel_gemv_noshuffle,0.155904,2048x4x1,64x4x1,4096x1x1x1
Qcur-4,kernel_rope_norm_f32,0.002048,2048x1x1,64x1x1,128x32x1x1
Vcur-4,kernel_gemv_noshuffle,0.062976,512x4x1,64x4x1,1024x1x1x1
Kcur-4,kernel_gemv_noshuffle,0.060928,512x4x1,64x4x1,1024x1x1x1
Kcur-4,kernel_rope_norm_f32,0.002048,512x1x1,64x1x1,128x8x1x1
cache_k_l4 (view),kernel_set_rows_f16_i64,0.002816,1024x1x1,1024x1x1,1024x4096x1x1
cache_v_l4 (reshaped) (view),kernel_set_rows_f16_i64,0.008192,16x64x1,1x64x1,1x4194304x1x1
kq-4,kernel_mul_mat_f16_f32_l4,0.078080,16384x1x32,64x1x1,256x1x32x1
kq_soft_max-4,kernel_soft_max_4,0.003840,64x32x1,64x1x1,256x1x32x1
kqv-4,kernel_mul_mat_f16_f32_l4,0.039936,8192x1x32,64x1x1,128x1x32x1
kqv_out-4,kernel_cpy_f32_f32,0.002048,2048x1x1,64x1x1,4096x1x1x1
attn_out-4,kernel_gemv_noshuffle,0.154112,2048x4x1,64x4x1,4096x1x1x1
ffn_inp-4,kernel_add_row,0.001792,1024x0x0,64x0x0,4096x1x1x1
ffn_norm-4,kernel_rms_norm_mul,0.006144,1024x1x1,1024x1x1,4096x1x1x1
ffn_gate-4,kernel_gemv_noshuffle,0.540928,7168x4x1,64x4x1,14336x1x1x1
ffn_up-4,kernel_gemv_noshuffle,0.537856,7168x4x1,64x4x1,14336x1x1x1
ffn_swiglu-4,kernel_swiglu,0.011008,512x1x1,512x1x1,14336x1x1x1
ffn_out-4,kernel_gemv_noshuffle,0.527104,2048x4x1,64x4x1,4096x1x1x1
l_out-4,kernel_add_row,0.002048,1024x0x0,64x0x0,4096x1x1x1
attn_norm-5,kernel_rms_norm_mul,0.006144,1024x1x1,1024x1x1,4096x1x1x1
Qcur-5,kernel_gemv_noshuffle,0.153856,2048x4x1,64x4x1,4096x1x1x1
Qcur-5,kernel_rope_norm_f32,0.003072,2048x1x1,64x1x1,128x32x1x1
Vcur-5,kernel_gemv_noshuffle,0.060928,512x4x1,64x4x1,1024x1x1x1
Kcur-5,kernel_gemv_noshuffle,0.060928,512x4x1,64x4x1,1024x1x1x1
Kcur-5,kernel_rope_norm_f32,0.002048,512x1x1,64x1x1,128x8x1x1
cache_k_l5 (view),kernel_set_rows_f16_i64,0.003072,1024x1x1,1024x1x1,1024x4096x1x1
cache_v_l5 (reshaped) (view),kernel_set_rows_f16_i64,0.006912,16x64x1,1x64x1,1x4194304x1x1
kq-5,kernel_mul_mat_f16_f32_l4,0.079104,16384x1x32,64x1x1,256x1x32x1
kq_soft_max-5,kernel_soft_max_4,0.003840,64x32x1,64x1x1,256x1x32x1
kqv-5,kernel_mul_mat_f16_f32_l4,0.040192,8192x1x32,64x1x1,128x1x32x1
kqv_out-5,kernel_cpy_f32_f32,0.001792,2048x1x1,64x1x1,4096x1x1x1
attn_out-5,kernel_gemv_noshuffle,0.152064,2048x4x1,64x4x1,4096x1x1x1
ffn_inp-5,kernel_add_row,0.001792,1024x0x0,64x0x0,4096x1x1x1
ffn_norm-5,kernel_rms_norm_mul,0.006144,1024x1x1,1024x1x1,4096x1x1x1
ffn_gate-5,kernel_gemv_noshuffle,0.549888,7168x4x1,64x4x1,14336x1x1x1
ffn_up-5,kernel_gemv_noshuffle,0.540928,7168x4x1,64x4x1,14336x1x1x1
ffn_swiglu-5,kernel_swiglu,0.011008,512x1x1,512x1x1,14336x1x1x1
ffn_out-5,kernel_gemv_noshuffle,0.536064,2048x4x1,64x4x1,4096x1x1x1
l_out-5,kernel_add_row,0.002048,1024x0x0,64x0x0,4096x1x1x1
attn_norm-6,kernel_rms_norm_mul,0.006144,1024x1x1,1024x1x1,4096x1x1x1
Qcur-6,kernel_gemv_noshuffle,0.158976,2048x4x1,64x4x1,4096x1x1x1
Qcur-6,kernel_rope_norm_f32,0.002048,2048x1x1,64x1x1,128x32x1x1
Vcur-6,kernel_gemv_noshuffle,0.062208,512x4x1,64x4x1,1024x1x1x1
Kcur-6,kernel_gemv_noshuffle,0.058880,512x4x1,64x4x1,1024x1x1x1
Kcur-6,kernel_rope_norm_f32,0.002048,512x1x1,64x1x1,128x8x1x1
cache_k_l6 (view),kernel_set_rows_f16_i64,0.002816,1024x1x1,1024x1x1,1024x4096x1x1
cache_v_l6 (reshaped) (view),kernel_set_rows_f16_i64,0.007168,16x64x1,1x64x1,1x4194304x1x1
kq-6,kernel_mul_mat_f16_f32_l4,0.077056,16384x1x32,64x1x1,256x1x32x1
kq_soft_max-6,kernel_soft_max_4,0.003840,64x32x1,64x1x1,256x1x32x1
kqv-6,kernel_mul_mat_f16_f32_l4,0.040192,8192x1x32,64x1x1,128x1x32x1
kqv_out-6,kernel_cpy_f32_f32,0.002048,2048x1x1,64x1x1,4096x1x1x1
attn_out-6,kernel_gemv_noshuffle,0.153088,2048x4x1,64x4x1,4096x1x1x1
ffn_inp-6,kernel_add_row,0.002048,1024x0x0,64x0x0,4096x1x1x1
ffn_norm-6,kernel_rms_norm_mul,0.005888,1024x1x1,1024x1x1,4096x1x1x1
ffn_gate-6,kernel_gemv_noshuffle,0.550912,7168x4x1,64x4x1,14336x1x1x1
ffn_up-6,kernel_gemv_noshuffle,0.558848,7168x4x1,64x4x1,14336x1x1x1
ffn_swiglu-6,kernel_swiglu,0.011008,512x1x1,512x1x1,14336x1x1x1
ffn_out-6,kernel_gemv_noshuffle,0.530176,2048x4x1,64x4x1,4096x1x1x1
l_out-6,kernel_add_row,0.001792,1024x0x0,64x0x0,4096x1x1x1
attn_norm-7,kernel_rms_norm_mul,0.006144,1024x1x1,1024x1x1,4096x1x1x1
Qcur-7,kernel_gemv_noshuffle,0.161024,2048x4x1,64x4x1,4096x1x1x1
Qcur-7,kernel_rope_norm_f32,0.003072,2048x1x1,64x1x1,128x32x1x1
Vcur-7,kernel_gemv_noshuffle,0.061952,512x4x1,64x4x1,1024x1x1x1
Kcur-7,kernel_gemv_noshuffle,0.061952,512x4x1,64x4x1,1024x1x1x1
Kcur-7,kernel_rope_norm_f32,0.002816,512x1x1,64x1x1,128x8x1x1
cache_k_l7 (view),kernel_set_rows_f16_i64,0.003072,1024x1x1,1024x1x1,1024x4096x1x1
cache_v_l7 (reshaped) (view),kernel_set_rows_f16_i64,0.006912,16x64x1,1x64x1,1x4194304x1x1
kq-7,kernel_mul_mat_f16_f32_l4,0.078080,16384x1x32,64x1x1,256x1x32x1
kq_soft_max-7,kernel_soft_max_4,0.004096,64x32x1,64x1x1,256x1x32x1
kqv-7,kernel_mul_mat_f16_f32_l4,0.040192,8192x1x32,64x1x1,128x1x32x1
kqv_out-7,kernel_cpy_f32_f32,0.001792,2048x1x1,64x1x1,4096x1x1x1
attn_out-7,kernel_gemv_noshuffle,0.154112,2048x4x1,64x4x1,4096x1x1x1
ffn_inp-7,kernel_add_row,0.001792,1024x0x0,64x0x0,4096x1x1x1
ffn_norm-7,kernel_rms_norm_mul,0.006144,1024x1x1,1024x1x1,4096x1x1x1
ffn_gate-7,kernel_gemv_noshuffle,0.559872,7168x4x1,64x4x1,14336x1x1x1
ffn_up-7,kernel_gemv_noshuffle,0.574976,7168x4x1,64x4x1,14336x1x1x1
ffn_swiglu-7,kernel_swiglu,0.011008,512x1x1,512x1x1,14336x1x1x1
ffn_out-7,kernel_gemv_noshuffle,0.538112,2048x4x1,64x4x1,4096x1x1x1
l_out-7,kernel_add_row,0.001792,1024x0x0,64x0x0,4096x1x1x1
attn_norm-8,kernel_rms_norm_mul,0.005888,1024x1x1,1024x1x1,4096x1x1x1
Qcur-8,kernel_gemv_noshuffle,0.153088,2048x4x1,64x4x1,4096x1x1x1
Qcur-8,kernel_rope_norm_f32,0.003072,2048x1x1,64x1x1,128x32x1x1
Vcur-8,kernel_gemv_noshuffle,0.061952,512x4x1,64x4x1,1024x1x1x1
Kcur-8,kernel_gemv_noshuffle,0.060928,512x4x1,64x4x1,1024x1x1x1
Kcur-8,kernel_rope_norm_f32,0.002048,512x1x1,64x1x1,128x8x1x1
cache_k_l8 (view),kernel_set_rows_f16_i64,0.002816,1024x1x1,1024x1x1,1024x4096x1x1
cache_v_l8 (reshaped) (view),kernel_set_rows_f16_i64,0.008192,16x64x1,1x64x1,1x4194304x1x1
kq-8,kernel_mul_mat_f16_f32_l4,0.077056,16384x1x32,64x1x1,256x1x32x1
kq_soft_max-8,kernel_soft_max_4,0.003840,64x32x1,64x1x1,256x1x32x1
kqv-8,kernel_mul_mat_f16_f32_l4,0.039936,8192x1x32,64x1x1,128x1x32x1
kqv_out-8,kernel_cpy_f32_f32,0.002048,2048x1x1,64x1x1,4096x1x1x1
attn_out-8,kernel_gemv_noshuffle,0.151040,2048x4x1,64x4x1,4096x1x1x1
ffn_inp-8,kernel_add_row,0.002048,1024x0x0,64x0x0,4096x1x1x1
ffn_norm-8,kernel_rms_norm_mul,0.005888,1024x1x1,1024x1x1,4096x1x1x1
ffn_gate-8,kernel_gemv_noshuffle,0.545024,7168x4x1,64x4x1,14336x1x1x1
ffn_up-8,kernel_gemv_noshuffle,0.546048,7168x4x1,64x4x1,14336x1x1x1
ffn_swiglu-8,kernel_swiglu,0.012032,512x1x1,512x1x1,14336x1x1x1
ffn_out-8,kernel_gemv_noshuffle,0.529920,2048x4x1,64x4x1,4096x1x1x1
l_out-8,kernel_add_row,0.002048,1024x0x0,64x0x0,4096x1x1x1
attn_norm-9,kernel_rms_norm_mul,0.006144,1024x1x1,1024x1x1,4096x1x1x1
Qcur-9,kernel_gemv_noshuffle,0.151040,2048x4x1,64x4x1,4096x1x1x1
Qcur-9,kernel_rope_norm_f32,0.003072,2048x1x1,64x1x1,128x32x1x1
Vcur-9,kernel_gemv_noshuffle,0.059904,512x4x1,64x4x1,1024x1x1x1
Kcur-9,kernel_gemv_noshuffle,0.060928,512x4x1,64x4x1,1024x1x1x1
Kcur-9,kernel_rope_norm_f32,0.002048,512x1x1,64x1x1,128x8x1x1
cache_k_l9 (view),kernel_set_rows_f16_i64,0.003072,1024x1x1,1024x1x1,1024x4096x1x1
cache_v_l9 (reshaped) (view),kernel_set_rows_f16_i64,0.008192,16x64x1,1x64x1,1x4194304x1x1
kq-9,kernel_mul_mat_f16_f32_l4,0.077824,16384x1x32,64x1x1,256x1x32x1
kq_soft_max-9,kernel_soft_max_4,0.005120,64x32x1,64x1x1,256x1x32x1
kqv-9,kernel_mul_mat_f16_f32_l4,0.039936,8192x1x32,64x1x1,128x1x32x1
kqv_out-9,kernel_cpy_f32_f32,0.002048,2048x1x1,64x1x1,4096x1x1x1
attn_out-9,kernel_gemv_noshuffle,0.151040,2048x4x1,64x4x1,4096x1x1x1
ffn_inp-9,kernel_add_row,0.002048,1024x0x0,64x0x0,4096x1x1x1
ffn_norm-9,kernel_rms_norm_mul,0.005888,1024x1x1,1024x1x1,4096x1x1x1
ffn_gate-9,kernel_gemv_noshuffle,0.549120,7168x4x1,64x4x1,14336x1x1x1
ffn_up-9,kernel_gemv_noshuffle,0.541952,7168x4x1,64x4x1,14336x1x1x1
ffn_swiglu-9,kernel_swiglu,0.012032,512x1x1,512x1x1,14336x1x1x1
ffn_out-9,kernel_gemv_noshuffle,0.515840,2048x4x1,64x4x1,4096x1x1x1
l_out-9,kernel_add_row,0.003072,1024x0x0,64x0x0,4096x1x1x1
attn_norm-10,kernel_rms_norm_mul,0.005888,1024x1x1,1024x1x1,4096x1x1x1
Qcur-10,kernel_gemv_noshuffle,0.152064,2048x4x1,64x4x1,4096x1x1x1
Qcur-10,kernel_rope_norm_f32,0.002816,2048x1x1,64x1x1,128x32x1x1
Vcur-10,kernel_gemv_noshuffle,0.062208,512x4x1,64x4x1,1024x1x1x1
Kcur-10,kernel_gemv_noshuffle,0.061184,512x4x1,64x4x1,1024x1x1x1
Kcur-10,kernel_rope_norm_f32,0.002048,512x1x1,64x1x1,128x8x1x1
cache_k_l10 (view),kernel_set_rows_f16_i64,0.003072,1024x1x1,1024x1x1,1024x4096x1x1
cache_v_l10 (reshaped) (view),kernel_set_rows_f16_i64,0.006912,16x64x1,1x64x1,1x4194304x1x1
kq-10,kernel_mul_mat_f16_f32_l4,0.078080,16384x1x32,64x1x1,256x1x32x1
kq_soft_max-10,kernel_soft_max_4,0.003840,64x32x1,64x1x1,256x1x32x1
kqv-10,kernel_mul_mat_f16_f32_l4,0.039936,8192x1x32,64x1x1,128x1x32x1
kqv_out-10,kernel_cpy_f32_f32,0.002048,2048x1x1,64x1x1,4096x1x1x1
attn_out-10,kernel_gemv_noshuffle,0.151040,2048x4x1,64x4x1,4096x1x1x1
ffn_inp-10,kernel_add_row,0.002048,1024x0x0,64x0x0,4096x1x1x1
ffn_norm-10,kernel_rms_norm_mul,0.005888,1024x1x1,1024x1x1,4096x1x1x1
ffn_gate-10,kernel_gemv_noshuffle,0.553984,7168x4x1,64x4x1,14336x1x1x1
ffn_up-10,kernel_gemv_noshuffle,0.544768,7168x4x1,64x4x1,14336x1x1x1
ffn_swiglu-10,kernel_swiglu,0.012032,512x1x1,512x1x1,14336x1x1x1
ffn_out-10,kernel_gemv_noshuffle,0.515072,2048x4x1,64x4x1,4096x1x1x1
l_out-10,kernel_add_row,0.002048,1024x0x0,64x0x0,4096x1x1x1
attn_norm-11,kernel_rms_norm_mul,0.005888,1024x1x1,1024x1x1,4096x1x1x1
Qcur-11,kernel_gemv_noshuffle,0.150016,2048x4x1,64x4x1,4096x1x1x1
Qcur-11,kernel_rope_norm_f32,0.003072,2048x1x1,64x1x1,128x32x1x1
Vcur-11,kernel_gemv_noshuffle,0.061952,512x4x1,64x4x1,1024x1x1x1
Kcur-11,kernel_gemv_noshuffle,0.061952,512x4x1,64x4x1,1024x1x1x1
Kcur-11,kernel_rope_norm_f32,0.002048,512x1x1,64x1x1,128x8x1x1
cache_k_l11 (view),kernel_set_rows_f16_i64,0.003072,1024x1x1,1024x1x1,1024x4096x1x1
cache_v_l11 (reshaped) (view),kernel_set_rows_f16_i64,0.006912,16x64x1,1x64x1,1x4194304x1x1
kq-11,kernel_mul_mat_f16_f32_l4,0.078080,16384x1x32,64x1x1,256x1x32x1
kq_soft_max-11,kernel_soft_max_4,0.003840,64x32x1,64x1x1,256x1x32x1
kqv-11,kernel_mul_mat_f16_f32_l4,0.039936,8192x1x32,64x1x1,128x1x32x1
kqv_out-11,kernel_cpy_f32_f32,0.002048,2048x1x1,64x1x1,4096x1x1x1
attn_out-11,kernel_gemv_noshuffle,0.148992,2048x4x1,64x4x1,4096x1x1x1
ffn_inp-11,kernel_add_row,0.001792,1024x0x0,64x0x0,4096x1x1x1
ffn_norm-11,kernel_rms_norm_mul,0.006144,1024x1x1,1024x1x1,4096x1x1x1
ffn_gate-11,kernel_gemv_noshuffle,0.553984,7168x4x1,64x4x1,14336x1x1x1
ffn_up-11,kernel_gemv_noshuffle,0.546816,7168x4x1,64x4x1,14336x1x1x1
ffn_swiglu-11,kernel_swiglu,0.011008,512x1x1,512x1x1,14336x1x1x1
ffn_out-11,kernel_gemv_noshuffle,0.516096,2048x4x1,64x4x1,4096x1x1x1
l_out-11,kernel_add_row,0.002048,1024x0x0,64x0x0,4096x1x1x1
attn_norm-12,kernel_rms_norm_mul,0.006144,1024x1x1,1024x1x1,4096x1x1x1
Qcur-12,kernel_gemv_noshuffle,0.151040,2048x4x1,64x4x1,4096x1x1x1
Qcur-12,kernel_rope_norm_f32,0.003072,2048x1x1,64x1x1,128x32x1x1
Vcur-12,kernel_gemv_noshuffle,0.061952,512x4x1,64x4x1,1024x1x1x1
Kcur-12,kernel_gemv_noshuffle,0.061184,512x4x1,64x4x1,1024x1x1x1
Kcur-12,kernel_rope_norm_f32,0.002048,512x1x1,64x1x1,128x8x1x1
cache_k_l12 (view),kernel_set_rows_f16_i64,0.003072,1024x1x1,1024x1x1,1024x4096x1x1
cache_v_l12 (reshaped) (view),kernel_set_rows_f16_i64,0.007936,16x64x1,1x64x1,1x4194304x1x1
kq-12,kernel_mul_mat_f16_f32_l4,0.076800,16384x1x32,64x1x1,256x1x32x1
kq_soft_max-12,kernel_soft_max_4,0.004096,64x32x1,64x1x1,256x1x32x1
kqv-12,kernel_mul_mat_f16_f32_l4,0.039936,8192x1x32,64x1x1,128x1x32x1
kqv_out-12,kernel_cpy_f32_f32,0.002048,2048x1x1,64x1x1,4096x1x1x1
attn_out-12,kernel_gemv_noshuffle,0.153856,2048x4x1,64x4x1,4096x1x1x1
ffn_inp-12,kernel_add_row,0.002048,1024x0x0,64x0x0,4096x1x1x1
ffn_norm-12,kernel_rms_norm_mul,0.005888,1024x1x1,1024x1x1,4096x1x1x1
ffn_gate-12,kernel_gemv_noshuffle,0.546048,7168x4x1,64x4x1,14336x1x1x1
ffn_up-12,kernel_gemv_noshuffle,0.540928,7168x4x1,64x4x1,14336x1x1x1
ffn_swiglu-12,kernel_swiglu,0.011008,512x1x1,512x1x1,14336x1x1x1
ffn_out-12,kernel_gemv_noshuffle,0.521984,2048x4x1,64x4x1,4096x1x1x1
l_out-12,kernel_add_row,0.002048,1024x0x0,64x0x0,4096x1x1x1
attn_norm-13,kernel_rms_norm_mul,0.006144,1024x1x1,1024x1x1,4096x1x1x1
Qcur-13,kernel_gemv_noshuffle,0.152064,2048x4x1,64x4x1,4096x1x1x1
Qcur-13,kernel_rope_norm_f32,0.002816,2048x1x1,64x1x1,128x32x1x1
Vcur-13,kernel_gemv_noshuffle,0.061184,512x4x1,64x4x1,1024x1x1x1
Kcur-13,kernel_gemv_noshuffle,0.060928,512x4x1,64x4x1,1024x1x1x1
Kcur-13,kernel_rope_norm_f32,0.002048,512x1x1,64x1x1,128x8x1x1
cache_k_l13 (view),kernel_set_rows_f16_i64,0.003072,1024x1x1,1024x1x1,1024x4096x1x1
cache_v_l13 (reshaped) (view),kernel_set_rows_f16_i64,0.007936,16x64x1,1x64x1,1x4194304x1x1
kq-13,kernel_mul_mat_f16_f32_l4,0.078080,16384x1x32,64x1x1,256x1x32x1
kq_soft_max-13,kernel_soft_max_4,0.003840,64x32x1,64x1x1,256x1x32x1
kqv-13,kernel_mul_mat_f16_f32_l4,0.039936,8192x1x32,64x1x1,128x1x32x1
kqv_out-13,kernel_cpy_f32_f32,0.002048,2048x1x1,64x1x1,4096x1x1x1
attn_out-13,kernel_gemv_noshuffle,0.151040,2048x4x1,64x4x1,4096x1x1x1
ffn_inp-13,kernel_add_row,0.002048,1024x0x0,64x0x0,4096x1x1x1
ffn_norm-13,kernel_rms_norm_mul,0.005888,1024x1x1,1024x1x1,4096x1x1x1
ffn_gate-13,kernel_gemv_noshuffle,0.539136,7168x4x1,64x4x1,14336x1x1x1
ffn_up-13,kernel_gemv_noshuffle,0.548864,7168x4x1,64x4x1,14336x1x1x1
ffn_swiglu-13,kernel_swiglu,0.011008,512x1x1,512x1x1,14336x1x1x1
ffn_out-13,kernel_gemv_noshuffle,0.512000,2048x4x1,64x4x1,4096x1x1x1
l_out-13,kernel_add_row,0.002048,1024x0x0,64x0x0,4096x1x1x1
attn_norm-14,kernel_rms_norm_mul,0.006144,1024x1x1,1024x1x1,4096x1x1x1
Qcur-14,kernel_gemv_noshuffle,0.150016,2048x4x1,64x4x1,4096x1x1x1
Qcur-14,kernel_rope_norm_f32,0.002816,2048x1x1,64x1x1,128x32x1x1
Vcur-14,kernel_gemv_noshuffle,0.060928,512x4x1,64x4x1,1024x1x1x1
Kcur-14,kernel_gemv_noshuffle,0.060160,512x4x1,64x4x1,1024x1x1x1
Kcur-14,kernel_rope_norm_f32,0.001792,512x1x1,64x1x1,128x8x1x1
cache_k_l14 (view),kernel_set_rows_f16_i64,0.003072,1024x1x1,1024x1x1,1024x4096x1x1
cache_v_l14 (reshaped) (view),kernel_set_rows_f16_i64,0.006912,16x64x1,1x64x1,1x4194304x1x1
kq-14,kernel_mul_mat_f16_f32_l4,0.078080,16384x1x32,64x1x1,256x1x32x1
kq_soft_max-14,kernel_soft_max_4,0.003840,64x32x1,64x1x1,256x1x32x1
kqv-14,kernel_mul_mat_f16_f32_l4,0.039936,8192x1x32,64x1x1,128x1x32x1
kqv_out-14,kernel_cpy_f32_f32,0.002048,2048x1x1,64x1x1,4096x1x1x1
attn_out-14,kernel_gemv_noshuffle,0.151040,2048x4x1,64x4x1,4096x1x1x1
ffn_inp-14,kernel_add_row,0.002048,1024x0x0,64x0x0,4096x1x1x1
ffn_norm-14,kernel_rms_norm_mul,0.006144,1024x1x1,1024x1x1,4096x1x1x1
ffn_gate-14,kernel_gemv_noshuffle,0.547840,7168x4x1,64x4x1,14336x1x1x1
ffn_up-14,kernel_gemv_noshuffle,0.549888,7168x4x1,64x4x1,14336x1x1x1
ffn_swiglu-14,kernel_swiglu,0.011008,512x1x1,512x1x1,14336x1x1x1
ffn_out-14,kernel_gemv_noshuffle,0.514048,2048x4x1,64x4x1,4096x1x1x1
l_out-14,kernel_add_row,0.002048,1024x0x0,64x0x0,4096x1x1x1
attn_norm-15,kernel_rms_norm_mul,0.005888,1024x1x1,1024x1x1,4096x1x1x1
Qcur-15,kernel_gemv_noshuffle,0.145920,2048x4x1,64x4x1,4096x1x1x1
Qcur-15,kernel_rope_norm_f32,0.003072,2048x1x1,64x1x1,128x32x1x1
Vcur-15,kernel_gemv_noshuffle,0.059904,512x4x1,64x4x1,1024x1x1x1
Kcur-15,kernel_gemv_noshuffle,0.059904,512x4x1,64x4x1,1024x1x1x1
Kcur-15,kernel_rope_norm_f32,0.003072,512x1x1,64x1x1,128x8x1x1
cache_k_l15 (view),kernel_set_rows_f16_i64,0.003072,1024x1x1,1024x1x1,1024x4096x1x1
cache_v_l15 (reshaped) (view),kernel_set_rows_f16_i64,0.006912,16x64x1,1x64x1,1x4194304x1x1
kq-15,kernel_mul_mat_f16_f32_l4,0.077056,16384x1x32,64x1x1,256x1x32x1
kq_soft_max-15,kernel_soft_max_4,0.004096,64x32x1,64x1x1,256x1x32x1
kqv-15,kernel_mul_mat_f16_f32_l4,0.039936,8192x1x32,64x1x1,128x1x32x1
kqv_out-15,kernel_cpy_f32_f32,0.002048,2048x1x1,64x1x1,4096x1x1x1
attn_out-15,kernel_gemv_noshuffle,0.143872,2048x4x1,64x4x1,4096x1x1x1
ffn_inp-15,kernel_add_row,0.002048,1024x0x0,64x0x0,4096x1x1x1
ffn_norm-15,kernel_rms_norm_mul,0.005888,1024x1x1,1024x1x1,4096x1x1x1
ffn_gate-15,kernel_gemv_noshuffle,0.553984,7168x4x1,64x4x1,14336x1x1x1
ffn_up-15,kernel_gemv_noshuffle,0.547072,7168x4x1,64x4x1,14336x1x1x1
ffn_swiglu-15,kernel_swiglu,0.012032,512x1x1,512x1x1,14336x1x1x1
ffn_out-15,kernel_gemv_noshuffle,0.510976,2048x4x1,64x4x1,4096x1x1x1
l_out-15,kernel_add_row,0.002048,1024x0x0,64x0x0,4096x1x1x1
attn_norm-16,kernel_rms_norm_mul,0.005888,1024x1x1,1024x1x1,4096x1x1x1
Qcur-16,kernel_gemv_noshuffle,0.151040,2048x4x1,64x4x1,4096x1x1x1
Qcur-16,kernel_rope_norm_f32,0.002048,2048x1x1,64x1x1,128x32x1x1
Vcur-16,kernel_gemv_noshuffle,0.060928,512x4x1,64x4x1,1024x1x1x1
Kcur-16,kernel_gemv_noshuffle,0.058880,512x4x1,64x4x1,1024x1x1x1
Kcur-16,kernel_rope_norm_f32,0.002048,512x1x1,64x1x1,128x8x1x1
cache_k_l16 (view),kernel_set_rows_f16_i64,0.003072,1024x1x1,1024x1x1,1024x4096x1x1
cache_v_l16 (reshaped) (view),kernel_set_rows_f16_i64,0.006912,16x64x1,1x64x1,1x4194304x1x1
kq-16,kernel_mul_mat_f16_f32_l4,0.076800,16384x1x32,64x1x1,256x1x32x1
kq_soft_max-16,kernel_soft_max_4,0.005120,64x32x1,64x1x1,256x1x32x1
kqv-16,kernel_mul_mat_f16_f32_l4,0.039936,8192x1x32,64x1x1,128x1x32x1
kqv_out-16,kernel_cpy_f32_f32,0.003072,2048x1x1,64x1x1,4096x1x1x1
attn_out-16,kernel_gemv_noshuffle,0.147968,2048x4x1,64x4x1,4096x1x1x1
ffn_inp-16,kernel_add_row,0.001792,1024x0x0,64x0x0,4096x1x1x1
ffn_norm-16,kernel_rms_norm_mul,0.006144,1024x1x1,1024x1x1,4096x1x1x1
ffn_gate-16,kernel_gemv_noshuffle,0.536832,7168x4x1,64x4x1,14336x1x1x1
ffn_up-16,kernel_gemv_noshuffle,0.548864,7168x4x1,64x4x1,14336x1x1x1
ffn_swiglu-16,kernel_swiglu,0.011008,512x1x1,512x1x1,14336x1x1x1
ffn_out-16,kernel_gemv_noshuffle,0.510976,2048x4x1,64x4x1,4096x1x1x1
l_out-16,kernel_add_row,0.002048,1024x0x0,64x0x0,4096x1x1x1
attn_norm-17,kernel_rms_norm_mul,0.006144,1024x1x1,1024x1x1,4096x1x1x1
Qcur-17,kernel_gemv_noshuffle,0.148992,2048x4x1,64x4x1,4096x1x1x1
Qcur-17,kernel_rope_norm_f32,0.003072,2048x1x1,64x1x1,128x32x1x1
Vcur-17,kernel_gemv_noshuffle,0.062976,512x4x1,64x4x1,1024x1x1x1
Kcur-17,kernel_gemv_noshuffle,0.060928,512x4x1,64x4x1,1024x1x1x1
Kcur-17,kernel_rope_norm_f32,0.002048,512x1x1,64x1x1,128x8x1x1
cache_k_l17 (view),kernel_set_rows_f16_i64,0.003072,1024x1x1,1024x1x1,1024x4096x1x1
cache_v_l17 (reshaped) (view),kernel_set_rows_f16_i64,0.007936,16x64x1,1x64x1,1x4194304x1x1
kq-17,kernel_mul_mat_f16_f32_l4,0.077824,16384x1x32,64x1x1,256x1x32x1
kq_soft_max-17,kernel_soft_max_4,0.004096,64x32x1,64x1x1,256x1x32x1
kqv-17,kernel_mul_mat_f16_f32_l4,0.040960,8192x1x32,64x1x1,128x1x32x1
kqv_out-17,kernel_cpy_f32_f32,0.002048,2048x1x1,64x1x1,4096x1x1x1
attn_out-17,kernel_gemv_noshuffle,0.145920,2048x4x1,64x4x1,4096x1x1x1
ffn_inp-17,kernel_add_row,0.002048,1024x0x0,64x0x0,4096x1x1x1
ffn_norm-17,kernel_rms_norm_mul,0.006144,1024x1x1,1024x1x1,4096x1x1x1
ffn_gate-17,kernel_gemv_noshuffle,0.536832,7168x4x1,64x4x1,14336x1x1x1
ffn_up-17,kernel_gemv_noshuffle,0.550144,7168x4x1,64x4x1,14336x1x1x1
ffn_swiglu-17,kernel_swiglu,0.011008,512x1x1,512x1x1,14336x1x1x1
ffn_out-17,kernel_gemv_noshuffle,0.515072,2048x4x1,64x4x1,4096x1x1x1
l_out-17,kernel_add_row,0.002048,1024x0x0,64x0x0,4096x1x1x1
attn_norm-18,kernel_rms_norm_mul,0.006144,1024x1x1,1024x1x1,4096x1x1x1
Qcur-18,kernel_gemv_noshuffle,0.146944,2048x4x1,64x4x1,4096x1x1x1
Qcur-18,kernel_rope_norm_f32,0.003072,2048x1x1,64x1x1,128x32x1x1
Vcur-18,kernel_gemv_noshuffle,0.059904,512x4x1,64x4x1,1024x1x1x1
Kcur-18,kernel_gemv_noshuffle,0.058880,512x4x1,64x4x1,1024x1x1x1
Kcur-18,kernel_rope_norm_f32,0.002048,512x1x1,64x1x1,128x8x1x1
cache_k_l18 (view),kernel_set_rows_f16_i64,0.003072,1024x1x1,1024x1x1,1024x4096x1x1
cache_v_l18 (reshaped) (view),kernel_set_rows_f16_i64,0.006912,16x64x1,1x64x1,1x4194304x1x1
kq-18,kernel_mul_mat_f16_f32_l4,0.077056,16384x1x32,64x1x1,256x1x32x1
kq_soft_max-18,kernel_soft_max_4,0.004096,64x32x1,64x1x1,256x1x32x1
kqv-18,kernel_mul_mat_f16_f32_l4,0.039936,8192x1x32,64x1x1,128x1x32x1
kqv_out-18,kernel_cpy_f32_f32,0.002048,2048x1x1,64x1x1,4096x1x1x1
attn_out-18,kernel_gemv_noshuffle,0.147968,2048x4x1,64x4x1,4096x1x1x1
ffn_inp-18,kernel_add_row,0.001792,1024x0x0,64x0x0,4096x1x1x1
ffn_norm-18,kernel_rms_norm_mul,0.006144,1024x1x1,1024x1x1,4096x1x1x1
ffn_gate-18,kernel_gemv_noshuffle,0.539904,7168x4x1,64x4x1,14336x1x1x1
ffn_up-18,kernel_gemv_noshuffle,0.527872,7168x4x1,64x4x1,14336x1x1x1
ffn_swiglu-18,kernel_swiglu,0.012032,512x1x1,512x1x1,14336x1x1x1
ffn_out-18,kernel_gemv_noshuffle,0.515840,2048x4x1,64x4x1,4096x1x1x1
l_out-18,kernel_add_row,0.002048,1024x0x0,64x0x0,4096x1x1x1
attn_norm-19,kernel_rms_norm_mul,0.006144,1024x1x1,1024x1x1,4096x1x1x1
Qcur-19,kernel_gemv_noshuffle,0.145920,2048x4x1,64x4x1,4096x1x1x1
Qcur-19,kernel_rope_norm_f32,0.003072,2048x1x1,64x1x1,128x32x1x1
Vcur-19,kernel_gemv_noshuffle,0.059904,512x4x1,64x4x1,1024x1x1x1
Kcur-19,kernel_gemv_noshuffle,0.060160,512x4x1,64x4x1,1024x1x1x1
Kcur-19,kernel_rope_norm_f32,0.002048,512x1x1,64x1x1,128x8x1x1
cache_k_l19 (view),kernel_set_rows_f16_i64,0.003072,1024x1x1,1024x1x1,1024x4096x1x1
cache_v_l19 (reshaped) (view),kernel_set_rows_f16_i64,0.006912,16x64x1,1x64x1,1x4194304x1x1
kq-19,kernel_mul_mat_f16_f32_l4,0.078080,16384x1x32,64x1x1,256x1x32x1
kq_soft_max-19,kernel_soft_max_4,0.003840,64x32x1,64x1x1,256x1x32x1
kqv-19,kernel_mul_mat_f16_f32_l4,0.040192,8192x1x32,64x1x1,128x1x32x1
kqv_out-19,kernel_cpy_f32_f32,0.001792,2048x1x1,64x1x1,4096x1x1x1
attn_out-19,kernel_gemv_noshuffle,0.146944,2048x4x1,64x4x1,4096x1x1x1
ffn_inp-19,kernel_add_row,0.002048,1024x0x0,64x0x0,4096x1x1x1
ffn_norm-19,kernel_rms_norm_mul,0.005888,1024x1x1,1024x1x1,4096x1x1x1
ffn_gate-19,kernel_gemv_noshuffle,0.541952,7168x4x1,64x4x1,14336x1x1x1
ffn_up-19,kernel_gemv_noshuffle,0.540160,7168x4x1,64x4x1,14336x1x1x1
ffn_swiglu-19,kernel_swiglu,0.012032,512x1x1,512x1x1,14336x1x1x1
ffn_out-19,kernel_gemv_noshuffle,0.514816,2048x4x1,64x4x1,4096x1x1x1
l_out-19,kernel_add_row,0.003072,1024x0x0,64x0x0,4096x1x1x1
attn_norm-20,kernel_rms_norm_mul,0.005888,1024x1x1,1024x1x1,4096x1x1x1
Qcur-20,kernel_gemv_noshuffle,0.152064,2048x4x1,64x4x1,4096x1x1x1
Qcur-20,kernel_rope_norm_f32,0.002048,2048x1x1,64x1x1,128x32x1x1
Vcur-20,kernel_gemv_noshuffle,0.060928,512x4x1,64x4x1,1024x1x1x1
Kcur-20,kernel_gemv_noshuffle,0.060160,512x4x1,64x4x1,1024x1x1x1
Kcur-20,kernel_rope_norm_f32,0.002048,512x1x1,64x1x1,128x8x1x1
cache_k_l20 (view),kernel_set_rows_f16_i64,0.003072,1024x1x1,1024x1x1,1024x4096x1x1
cache_v_l20 (reshaped) (view),kernel_set_rows_f16_i64,0.006912,16x64x1,1x64x1,1x4194304x1x1
kq-20,kernel_mul_mat_f16_f32_l4,0.077056,16384x1x32,64x1x1,256x1x32x1
kq_soft_max-20,kernel_soft_max_4,0.003840,64x32x1,64x1x1,256x1x32x1
kqv-20,kernel_mul_mat_f16_f32_l4,0.039936,8192x1x32,64x1x1,128x1x32x1
kqv_out-20,kernel_cpy_f32_f32,0.002048,2048x1x1,64x1x1,4096x1x1x1
attn_out-20,kernel_gemv_noshuffle,0.147968,2048x4x1,64x4x1,4096x1x1x1
ffn_inp-20,kernel_add_row,0.002048,1024x0x0,64x0x0,4096x1x1x1
ffn_norm-20,kernel_rms_norm_mul,0.005888,1024x1x1,1024x1x1,4096x1x1x1
ffn_gate-20,kernel_gemv_noshuffle,0.529920,7168x4x1,64x4x1,14336x1x1x1
ffn_up-20,kernel_gemv_noshuffle,0.539136,7168x4x1,64x4x1,14336x1x1x1
ffn_swiglu-20,kernel_swiglu,0.010752,512x1x1,512x1x1,14336x1x1x1
ffn_out-20,kernel_gemv_noshuffle,0.513024,2048x4x1,64x4x1,4096x1x1x1
l_out-20,kernel_add_row,0.002048,1024x0x0,64x0x0,4096x1x1x1
attn_norm-21,kernel_rms_norm_mul,0.005888,1024x1x1,1024x1x1,4096x1x1x1
Qcur-21,kernel_gemv_noshuffle,0.147968,2048x4x1,64x4x1,4096x1x1x1
Qcur-21,kernel_rope_norm_f32,0.003072,2048x1x1,64x1x1,128x32x1x1
Vcur-21,kernel_gemv_noshuffle,0.060928,512x4x1,64x4x1,1024x1x1x1
Kcur-21,kernel_gemv_noshuffle,0.059904,512x4x1,64x4x1,1024x1x1x1
Kcur-21,kernel_rope_norm_f32,0.002048,512x1x1,64x1x1,128x8x1x1
cache_k_l21 (view),kernel_set_rows_f16_i64,0.003072,1024x1x1,1024x1x1,1024x4096x1x1
cache_v_l21 (reshaped) (view),kernel_set_rows_f16_i64,0.007936,16x64x1,1x64x1,1x4194304x1x1
kq-21,kernel_mul_mat_f16_f32_l4,0.077824,16384x1x32,64x1x1,256x1x32x1
kq_soft_max-21,kernel_soft_max_4,0.004096,64x32x1,64x1x1,256x1x32x1
kqv-21,kernel_mul_mat_f16_f32_l4,0.039936,8192x1x32,64x1x1,128x1x32x1
kqv_out-21,kernel_cpy_f32_f32,0.002048,2048x1x1,64x1x1,4096x1x1x1
attn_out-21,kernel_gemv_noshuffle,0.146176,2048x4x1,64x4x1,4096x1x1x1
ffn_inp-21,kernel_add_row,0.001792,1024x0x0,64x0x0,4096x1x1x1
ffn_norm-21,kernel_rms_norm_mul,0.006144,1024x1x1,1024x1x1,4096x1x1x1
ffn_gate-21,kernel_gemv_noshuffle,0.555008,7168x4x1,64x4x1,14336x1x1x1
ffn_up-21,kernel_gemv_noshuffle,0.538880,7168x4x1,64x4x1,14336x1x1x1
ffn_swiglu-21,kernel_swiglu,0.011008,512x1x1,512x1x1,14336x1x1x1
ffn_out-21,kernel_gemv_noshuffle,0.508928,2048x4x1,64x4x1,4096x1x1x1
l_out-21,kernel_add_row,0.002048,1024x0x0,64x0x0,4096x1x1x1
attn_norm-22,kernel_rms_norm_mul,0.005888,1024x1x1,1024x1x1,4096x1x1x1
Qcur-22,kernel_gemv_noshuffle,0.150016,2048x4x1,64x4x1,4096x1x1x1
Qcur-22,kernel_rope_norm_f32,0.002048,2048x1x1,64x1x1,128x32x1x1
Vcur-22,kernel_gemv_noshuffle,0.060928,512x4x1,64x4x1,1024x1x1x1
Kcur-22,kernel_gemv_noshuffle,0.059904,512x4x1,64x4x1,1024x1x1x1
Kcur-22,kernel_rope_norm_f32,0.002048,512x1x1,64x1x1,128x8x1x1
cache_k_l22 (view),kernel_set_rows_f16_i64,0.002816,1024x1x1,1024x1x1,1024x4096x1x1
cache_v_l22 (reshaped) (view),kernel_set_rows_f16_i64,0.008192,16x64x1,1x64x1,1x4194304x1x1
kq-22,kernel_mul_mat_f16_f32_l4,0.077056,16384x1x32,64x1x1,256x1x32x1
kq_soft_max-22,kernel_soft_max_4,0.004096,64x32x1,64x1x1,256x1x32x1
kqv-22,kernel_mul_mat_f16_f32_l4,0.040192,8192x1x32,64x1x1,128x1x32x1
kqv_out-22,kernel_cpy_f32_f32,0.001792,2048x1x1,64x1x1,4096x1x1x1
attn_out-22,kernel_gemv_noshuffle,0.150016,2048x4x1,64x4x1,4096x1x1x1
ffn_inp-22,kernel_add_row,0.002048,1024x0x0,64x0x0,4096x1x1x1
ffn_norm-22,kernel_rms_norm_mul,0.005888,1024x1x1,1024x1x1,4096x1x1x1
ffn_gate-22,kernel_gemv_noshuffle,0.536064,7168x4x1,64x4x1,14336x1x1x1
ffn_up-22,kernel_gemv_noshuffle,0.532992,7168x4x1,64x4x1,14336x1x1x1
ffn_swiglu-22,kernel_swiglu,0.011008,512x1x1,512x1x1,14336x1x1x1
ffn_out-22,kernel_gemv_noshuffle,0.512768,2048x4x1,64x4x1,4096x1x1x1
l_out-22,kernel_add_row,0.002048,1024x0x0,64x0x0,4096x1x1x1
attn_norm-23,kernel_rms_norm_mul,0.005888,1024x1x1,1024x1x1,4096x1x1x1
Qcur-23,kernel_gemv_noshuffle,0.144128,2048x4x1,64x4x1,4096x1x1x1
Qcur-23,kernel_rope_norm_f32,0.003072,2048x1x1,64x1x1,128x32x1x1
Vcur-23,kernel_gemv_noshuffle,0.059904,512x4x1,64x4x1,1024x1x1x1
Kcur-23,kernel_gemv_noshuffle,0.059904,512x4x1,64x4x1,1024x1x1x1
Kcur-23,kernel_rope_norm_f32,0.002048,512x1x1,64x1x1,128x8x1x1
cache_k_l23 (view),kernel_set_rows_f16_i64,0.002816,1024x1x1,1024x1x1,1024x4096x1x1
cache_v_l23 (reshaped) (view),kernel_set_rows_f16_i64,0.008192,16x64x1,1x64x1,1x4194304x1x1
kq-23,kernel_mul_mat_f16_f32_l4,0.077056,16384x1x32,64x1x1,256x1x32x1
kq_soft_max-23,kernel_soft_max_4,0.004096,64x32x1,64x1x1,256x1x32x1
kqv-23,kernel_mul_mat_f16_f32_l4,0.039936,8192x1x32,64x1x1,128x1x32x1
kqv_out-23,kernel_cpy_f32_f32,0.002048,2048x1x1,64x1x1,4096x1x1x1
attn_out-23,kernel_gemv_noshuffle,0.146176,2048x4x1,64x4x1,4096x1x1x1
ffn_inp-23,kernel_add_row,0.001792,1024x0x0,64x0x0,4096x1x1x1
ffn_norm-23,kernel_rms_norm_mul,0.006144,1024x1x1,1024x1x1,4096x1x1x1
ffn_gate-23,kernel_gemv_noshuffle,0.555008,7168x4x1,64x4x1,14336x1x1x1
ffn_up-23,kernel_gemv_noshuffle,0.548864,7168x4x1,64x4x1,14336x1x1x1
ffn_swiglu-23,kernel_swiglu,0.011008,512x1x1,512x1x1,14336x1x1x1
ffn_out-23,kernel_gemv_noshuffle,0.520960,2048x4x1,64x4x1,4096x1x1x1
l_out-23,kernel_add_row,0.002048,1024x0x0,64x0x0,4096x1x1x1
attn_norm-24,kernel_rms_norm_mul,0.006144,1024x1x1,1024x1x1,4096x1x1x1
Qcur-24,kernel_gemv_noshuffle,0.152064,2048x4x1,64x4x1,4096x1x1x1
Qcur-24,kernel_rope_norm_f32,0.003072,2048x1x1,64x1x1,128x32x1x1
Vcur-24,kernel_gemv_noshuffle,0.060160,512x4x1,64x4x1,1024x1x1x1
Kcur-24,kernel_gemv_noshuffle,0.059136,512x4x1,64x4x1,1024x1x1x1
Kcur-24,kernel_rope_norm_f32,0.002048,512x1x1,64x1x1,128x8x1x1
cache_k_l24 (view),kernel_set_rows_f16_i64,0.002816,1024x1x1,1024x1x1,1024x4096x1x1
cache_v_l24 (reshaped) (view),kernel_set_rows_f16_i64,0.006912,16x64x1,1x64x1,1x4194304x1x1
kq-24,kernel_mul_mat_f16_f32_l4,0.077056,16384x1x32,64x1x1,256x1x32x1
kq_soft_max-24,kernel_soft_max_4,0.004864,64x32x1,64x1x1,256x1x32x1
kqv-24,kernel_mul_mat_f16_f32_l4,0.040960,8192x1x32,64x1x1,128x1x32x1
kqv_out-24,kernel_cpy_f32_f32,0.003072,2048x1x1,64x1x1,4096x1x1x1
attn_out-24,kernel_gemv_noshuffle,0.146944,2048x4x1,64x4x1,4096x1x1x1
ffn_inp-24,kernel_add_row,0.002048,1024x0x0,64x0x0,4096x1x1x1
ffn_norm-24,kernel_rms_norm_mul,0.005888,1024x1x1,1024x1x1,4096x1x1x1
ffn_gate-24,kernel_gemv_noshuffle,0.561152,7168x4x1,64x4x1,14336x1x1x1
ffn_up-24,kernel_gemv_noshuffle,0.540160,7168x4x1,64x4x1,14336x1x1x1
ffn_swiglu-24,kernel_swiglu,0.011776,512x1x1,512x1x1,14336x1x1x1
ffn_out-24,kernel_gemv_noshuffle,0.516096,2048x4x1,64x4x1,4096x1x1x1
l_out-24,kernel_add_row,0.002048,1024x0x0,64x0x0,4096x1x1x1
attn_norm-25,kernel_rms_norm_mul,0.005888,1024x1x1,1024x1x1,4096x1x1x1
Qcur-25,kernel_gemv_noshuffle,0.147968,2048x4x1,64x4x1,4096x1x1x1
Qcur-25,kernel_rope_norm_f32,0.003072,2048x1x1,64x1x1,128x32x1x1
Vcur-25,kernel_gemv_noshuffle,0.059904,512x4x1,64x4x1,1024x1x1x1
Kcur-25,kernel_gemv_noshuffle,0.059904,512x4x1,64x4x1,1024x1x1x1
Kcur-25,kernel_rope_norm_f32,0.002048,512x1x1,64x1x1,128x8x1x1
cache_k_l25 (view),kernel_set_rows_f16_i64,0.003072,1024x1x1,1024x1x1,1024x4096x1x1
cache_v_l25 (reshaped) (view),kernel_set_rows_f16_i64,0.008960,16x64x1,1x64x1,1x4194304x1x1
kq-25,kernel_mul_mat_f16_f32_l4,0.076800,16384x1x32,64x1x1,256x1x32x1
kq_soft_max-25,kernel_soft_max_4,0.004096,64x32x1,64x1x1,256x1x32x1
kqv-25,kernel_mul_mat_f16_f32_l4,0.039936,8192x1x32,64x1x1,128x1x32x1
kqv_out-25,kernel_cpy_f32_f32,0.002048,2048x1x1,64x1x1,4096x1x1x1
attn_out-25,kernel_gemv_noshuffle,0.147200,2048x4x1,64x4x1,4096x1x1x1
ffn_inp-25,kernel_add_row,0.002048,1024x0x0,64x0x0,4096x1x1x1
ffn_norm-25,kernel_rms_norm_mul,0.006144,1024x1x1,1024x1x1,4096x1x1x1
ffn_gate-25,kernel_gemv_noshuffle,0.553984,7168x4x1,64x4x1,14336x1x1x1
ffn_up-25,kernel_gemv_noshuffle,0.545024,7168x4x1,64x4x1,14336x1x1x1
ffn_swiglu-25,kernel_swiglu,0.011776,512x1x1,512x1x1,14336x1x1x1
ffn_out-25,kernel_gemv_noshuffle,0.517120,2048x4x1,64x4x1,4096x1x1x1
l_out-25,kernel_add_row,0.002048,1024x0x0,64x0x0,4096x1x1x1
attn_norm-26,kernel_rms_norm_mul,0.006144,1024x1x1,1024x1x1,4096x1x1x1
Qcur-26,kernel_gemv_noshuffle,0.150784,2048x4x1,64x4x1,4096x1x1x1
Qcur-26,kernel_rope_norm_f32,0.003072,2048x1x1,64x1x1,128x32x1x1
Vcur-26,kernel_gemv_noshuffle,0.060928,512x4x1,64x4x1,1024x1x1x1
Kcur-26,kernel_gemv_noshuffle,0.061184,512x4x1,64x4x1,1024x1x1x1
Kcur-26,kernel_rope_norm_f32,0.002048,512x1x1,64x1x1,128x8x1x1
cache_k_l26 (view),kernel_set_rows_f16_i64,0.003072,1024x1x1,1024x1x1,1024x4096x1x1
cache_v_l26 (reshaped) (view),kernel_set_rows_f16_i64,0.007936,16x64x1,1x64x1,1x4194304x1x1
kq-26,kernel_mul_mat_f16_f32_l4,0.077824,16384x1x32,64x1x1,256x1x32x1
kq_soft_max-26,kernel_soft_max_4,0.004096,64x32x1,64x1x1,256x1x32x1
kqv-26,kernel_mul_mat_f16_f32_l4,0.039936,8192x1x32,64x1x1,128x1x32x1
kqv_out-26,kernel_cpy_f32_f32,0.003072,2048x1x1,64x1x1,4096x1x1x1
attn_out-26,kernel_gemv_noshuffle,0.148992,2048x4x1,64x4x1,4096x1x1x1
ffn_inp-26,kernel_add_row,0.001792,1024x0x0,64x0x0,4096x1x1x1
ffn_norm-26,kernel_rms_norm_mul,0.006144,1024x1x1,1024x1x1,4096x1x1x1
ffn_gate-26,kernel_gemv_noshuffle,0.538880,7168x4x1,64x4x1,14336x1x1x1
ffn_up-26,kernel_gemv_noshuffle,0.538880,7168x4x1,64x4x1,14336x1x1x1
ffn_swiglu-26,kernel_swiglu,0.011008,512x1x1,512x1x1,14336x1x1x1
ffn_out-26,kernel_gemv_noshuffle,0.515072,2048x4x1,64x4x1,4096x1x1x1
l_out-26,kernel_add_row,0.002048,1024x0x0,64x0x0,4096x1x1x1
attn_norm-27,kernel_rms_norm_mul,0.006144,1024x1x1,1024x1x1,4096x1x1x1
Qcur-27,kernel_gemv_noshuffle,0.147968,2048x4x1,64x4x1,4096x1x1x1
Qcur-27,kernel_rope_norm_f32,0.003072,2048x1x1,64x1x1,128x32x1x1
Vcur-27,kernel_gemv_noshuffle,0.059904,512x4x1,64x4x1,1024x1x1x1
Kcur-27,kernel_gemv_noshuffle,0.060928,512x4x1,64x4x1,1024x1x1x1
Kcur-27,kernel_rope_norm_f32,0.002048,512x1x1,64x1x1,128x8x1x1
cache_k_l27 (view),kernel_set_rows_f16_i64,0.002816,1024x1x1,1024x1x1,1024x4096x1x1
cache_v_l27 (reshaped) (view),kernel_set_rows_f16_i64,0.006912,16x64x1,1x64x1,1x4194304x1x1
kq-27,kernel_mul_mat_f16_f32_l4,0.078080,16384x1x32,64x1x1,256x1x32x1
kq_soft_max-27,kernel_soft_max_4,0.004096,64x32x1,64x1x1,256x1x32x1
kqv-27,kernel_mul_mat_f16_f32_l4,0.040960,8192x1x32,64x1x1,128x1x32x1
kqv_out-27,kernel_cpy_f32_f32,0.001792,2048x1x1,64x1x1,4096x1x1x1
attn_out-27,kernel_gemv_noshuffle,0.146944,2048x4x1,64x4x1,4096x1x1x1
ffn_inp-27,kernel_add_row,0.002048,1024x0x0,64x0x0,4096x1x1x1
ffn_norm-27,kernel_rms_norm_mul,0.005888,1024x1x1,1024x1x1,4096x1x1x1
ffn_gate-27,kernel_gemv_noshuffle,0.541952,7168x4x1,64x4x1,14336x1x1x1
ffn_up-27,kernel_gemv_noshuffle,0.538112,7168x4x1,64x4x1,14336x1x1x1
ffn_swiglu-27,kernel_swiglu,0.011008,512x1x1,512x1x1,14336x1x1x1
ffn_out-27,kernel_gemv_noshuffle,0.518912,2048x4x1,64x4x1,4096x1x1x1
l_out-27,kernel_add_row,0.002048,1024x0x0,64x0x0,4096x1x1x1
attn_norm-28,kernel_rms_norm_mul,0.006144,1024x1x1,1024x1x1,4096x1x1x1
Qcur-28,kernel_gemv_noshuffle,0.151808,2048x4x1,64x4x1,4096x1x1x1
Qcur-28,kernel_rope_norm_f32,0.003072,2048x1x1,64x1x1,128x32x1x1
Vcur-28,kernel_gemv_noshuffle,0.061952,512x4x1,64x4x1,1024x1x1x1
Kcur-28,kernel_gemv_noshuffle,0.060928,512x4x1,64x4x1,1024x1x1x1
Kcur-28,kernel_rope_norm_f32,0.002048,512x1x1,64x1x1,128x8x1x1
cache_k_l28 (view),kernel_set_rows_f16_i64,0.003072,1024x1x1,1024x1x1,1024x4096x1x1
cache_v_l28 (reshaped) (view),kernel_set_rows_f16_i64,0.006912,16x64x1,1x64x1,1x4194304x1x1
kq-28,kernel_mul_mat_f16_f32_l4,0.076800,16384x1x32,64x1x1,256x1x32x1
kq_soft_max-28,kernel_soft_max_4,0.004096,64x32x1,64x1x1,256x1x32x1
kqv-28,kernel_mul_mat_f16_f32_l4,0.039936,8192x1x32,64x1x1,128x1x32x1
kqv_out-28,kernel_cpy_f32_f32,0.002048,2048x1x1,64x1x1,4096x1x1x1
attn_out-28,kernel_gemv_noshuffle,0.153856,2048x4x1,64x4x1,4096x1x1x1
ffn_inp-28,kernel_add_row,0.002048,1024x0x0,64x0x0,4096x1x1x1
ffn_norm-28,kernel_rms_norm_mul,0.005888,1024x1x1,1024x1x1,4096x1x1x1
ffn_gate-28,kernel_gemv_noshuffle,0.545024,7168x4x1,64x4x1,14336x1x1x1
ffn_up-28,kernel_gemv_noshuffle,0.544000,7168x4x1,64x4x1,14336x1x1x1
ffn_swiglu-28,kernel_swiglu,0.011008,512x1x1,512x1x1,14336x1x1x1
ffn_out-28,kernel_gemv_noshuffle,0.526848,2048x4x1,64x4x1,4096x1x1x1
l_out-28,kernel_add_row,0.002048,1024x0x0,64x0x0,4096x1x1x1
attn_norm-29,kernel_rms_norm_mul,0.005888,1024x1x1,1024x1x1,4096x1x1x1
Qcur-29,kernel_gemv_noshuffle,0.153088,2048x4x1,64x4x1,4096x1x1x1
Qcur-29,kernel_rope_norm_f32,0.002048,2048x1x1,64x1x1,128x32x1x1
Vcur-29,kernel_gemv_noshuffle,0.060160,512x4x1,64x4x1,1024x1x1x1
Kcur-29,kernel_gemv_noshuffle,0.061184,512x4x1,64x4x1,1024x1x1x1
Kcur-29,kernel_rope_norm_f32,0.002816,512x1x1,64x1x1,128x8x1x1
cache_k_l29 (view),kernel_set_rows_f16_i64,0.003072,1024x1x1,1024x1x1,1024x4096x1x1
cache_v_l29 (reshaped) (view),kernel_set_rows_f16_i64,0.006912,16x64x1,1x64x1,1x4194304x1x1
kq-29,kernel_mul_mat_f16_f32_l4,0.079104,16384x1x32,64x1x1,256x1x32x1
kq_soft_max-29,kernel_soft_max_4,0.003840,64x32x1,64x1x1,256x1x32x1
kqv-29,kernel_mul_mat_f16_f32_l4,0.040192,8192x1x32,64x1x1,128x1x32x1
kqv_out-29,kernel_cpy_f32_f32,0.001792,2048x1x1,64x1x1,4096x1x1x1
attn_out-29,kernel_gemv_noshuffle,0.150016,2048x4x1,64x4x1,4096x1x1x1
ffn_inp-29,kernel_add_row,0.002048,1024x0x0,64x0x0,4096x1x1x1
ffn_norm-29,kernel_rms_norm_mul,0.006144,1024x1x1,1024x1x1,4096x1x1x1
ffn_gate-29,kernel_gemv_noshuffle,0.541952,7168x4x1,64x4x1,14336x1x1x1
ffn_up-29,kernel_gemv_noshuffle,0.544000,7168x4x1,64x4x1,14336x1x1x1
ffn_swiglu-29,kernel_swiglu,0.011008,512x1x1,512x1x1,14336x1x1x1
ffn_out-29,kernel_gemv_noshuffle,0.523008,2048x4x1,64x4x1,4096x1x1x1
l_out-29,kernel_add_row,0.003072,1024x0x0,64x0x0,4096x1x1x1
attn_norm-30,kernel_rms_norm_mul,0.005888,1024x1x1,1024x1x1,4096x1x1x1
Qcur-30,kernel_gemv_noshuffle,0.152064,2048x4x1,64x4x1,4096x1x1x1
Qcur-30,kernel_rope_norm_f32,0.003072,2048x1x1,64x1x1,128x32x1x1
Vcur-30,kernel_gemv_noshuffle,0.061952,512x4x1,64x4x1,1024x1x1x1
Kcur-30,kernel_gemv_noshuffle,0.060928,512x4x1,64x4x1,1024x1x1x1
Kcur-30,kernel_rope_norm_f32,0.002048,512x1x1,64x1x1,128x8x1x1
cache_k_l30 (view),kernel_set_rows_f16_i64,0.002816,1024x1x1,1024x1x1,1024x4096x1x1
cache_v_l30 (reshaped) (view),kernel_set_rows_f16_i64,0.007168,16x64x1,1x64x1,1x4194304x1x1
kq-30,kernel_mul_mat_f16_f32_l4,0.077056,16384x1x32,64x1x1,256x1x32x1
kq_soft_max-30,kernel_soft_max_4,0.003840,64x32x1,64x1x1,256x1x32x1
kqv-30,kernel_mul_mat_f16_f32_l4,0.040192,8192x1x32,64x1x1,128x1x32x1
kqv_out-30,kernel_cpy_f32_f32,0.001792,2048x1x1,64x1x1,4096x1x1x1
attn_out-30,kernel_gemv_noshuffle,0.150016,2048x4x1,64x4x1,4096x1x1x1
ffn_inp-30,kernel_add_row,0.002048,1024x0x0,64x0x0,4096x1x1x1
ffn_norm-30,kernel_rms_norm_mul,0.005888,1024x1x1,1024x1x1,4096x1x1x1
ffn_gate-30,kernel_gemv_noshuffle,0.557056,7168x4x1,64x4x1,14336x1x1x1
ffn_up-30,kernel_gemv_noshuffle,0.542976,7168x4x1,64x4x1,14336x1x1x1
ffn_swiglu-30,kernel_swiglu,0.011008,512x1x1,512x1x1,14336x1x1x1
ffn_out-30,kernel_gemv_noshuffle,0.512000,2048x4x1,64x4x1,4096x1x1x1
l_out-30,kernel_add_row,0.001792,1024x0x0,64x0x0,4096x1x1x1
attn_norm-31,kernel_rms_norm_mul,0.006144,1024x1x1,1024x1x1,4096x1x1x1
Qcur-31,kernel_gemv_noshuffle,0.148992,2048x4x1,64x4x1,4096x1x1x1
Qcur-31,kernel_rope_norm_f32,0.002816,2048x1x1,64x1x1,128x32x1x1
Vcur-31,kernel_gemv_noshuffle,0.061184,512x4x1,64x4x1,1024x1x1x1
Kcur-31,kernel_gemv_noshuffle,0.061184,512x4x1,64x4x1,1024x1x1x1
Kcur-31,kernel_rope_norm_f32,0.002048,512x1x1,64x1x1,128x8x1x1
cache_k_l31 (view),kernel_set_rows_f16_i64,0.003072,1024x1x1,1024x1x1,1024x4096x1x1
cache_v_l31 (reshaped) (view),kernel_set_rows_f16_i64,0.007936,16x64x1,1x64x1,1x4194304x1x1
kq-31,kernel_mul_mat_f16_f32_l4,0.078080,16384x1x32,64x1x1,256x1x32x1
kq_soft_max-31,kernel_soft_max_4,0.003840,64x32x1,64x1x1,256x1x32x1
kqv-31,kernel_mul_mat_f16_f32_l4,0.039936,8192x1x32,64x1x1,128x1x32x1
kqv_out-31,kernel_cpy_f32_f32,0.002048,2048x1x1,64x1x1,4096x1x1x1
attn_out-31,kernel_gemv_noshuffle,0.153088,2048x4x1,64x4x1,4096x1x1x1
node_1145,kernel_get_rows_f32,0.017920,64x1x1,64x1x1,4096x1x1x1
node_1146,kernel_get_rows_f32,0.017152,64x1x1,64x1x1,4096x1x1x1
ffn_inp-31,kernel_add_row,0.001792,1024x0x0,64x0x0,4096x1x1x1
ffn_norm-31,kernel_rms_norm_mul,0.006144,1024x1x1,1024x1x1,4096x1x1x1
ffn_gate-31,kernel_gemv_noshuffle,0.552960,7168x4x1,64x4x1,14336x1x1x1
ffn_up-31,kernel_gemv_noshuffle,0.553984,7168x4x1,64x4x1,14336x1x1x1
ffn_swiglu-31,kernel_swiglu,0.011008,512x1x1,512x1x1,14336x1x1x1
ffn_out-31,kernel_gemv_noshuffle,0.520192,2048x4x1,64x4x1,4096x1x1x1
l_out-31,kernel_add_row,0.001792,1024x0x0,64x0x0,4096x1x1x1
result_norm,kernel_rms_norm_mul,0.007168,1024x1x1,1024x1x1,4096x1x1x1
result_output,kernel_transpose_32_16,0.005888,4096x2x0,16x1x0,128256x1x1x1
result_output,kernel_mul_mat_Ab_Bi_8x4,5.624064,1x32064x4,1x32x4,128256x1x1x1
attn_norm-0,kernel_rms_norm_mul,0.007936,1024x1x1,1024x1x1,4096x1x1x1
Qcur-0,kernel_gemv_noshuffle,0.164096,2048x4x1,64x4x1,4096x1x1x1
Qcur-0,kernel_rope_norm_f32,0.003072,2048x1x1,64x1x1,128x32x1x1
Vcur-0,kernel_gemv_noshuffle,0.062208,512x4x1,64x4x1,1024x1x1x1
Kcur-0,kernel_gemv_noshuffle,0.060928,512x4x1,64x4x1,1024x1x1x1
Kcur-0,kernel_rope_norm_f32,0.002048,512x1x1,64x1x1,128x8x1x1
cache_k_l0 (view),kernel_set_rows_f16_i64,0.002816,1024x1x1,1024x1x1,1024x4096x1x1
cache_v_l0 (reshaped) (view),kernel_set_rows_f16_i64,0.008192,16x64x1,1x64x1,1x4194304x1x1
kq-0,kernel_mul_mat_f16_f32_l4,0.077056,16384x1x32,64x1x1,256x1x32x1
kq_soft_max-0,kernel_soft_max_4,0.005120,64x32x1,64x1x1,256x1x32x1
kqv-0,kernel_mul_mat_f16_f32_l4,0.039936,8192x1x32,64x1x1,128x1x32x1
kqv_out-0,kernel_cpy_f32_f32,0.002048,2048x1x1,64x1x1,4096x1x1x1
attn_out-0,kernel_gemv_noshuffle,0.154880,2048x4x1,64x4x1,4096x1x1x1
ffn_inp-0,kernel_add_row,0.002048,1024x0x0,64x0x0,4096x1x1x1
ffn_norm-0,kernel_rms_norm_mul,0.005888,1024x1x1,1024x1x1,4096x1x1x1
ffn_gate-0,kernel_gemv_noshuffle,0.567040,7168x4x1,64x4x1,14336x1x1x1
ffn_up-0,kernel_gemv_noshuffle,0.567040,7168x4x1,64x4x1,14336x1x1x1
ffn_swiglu-0,kernel_swiglu,0.011008,512x1x1,512x1x1,14336x1x1x1
ffn_out-0,kernel_gemv_noshuffle,0.526080,2048x4x1,64x4x1,4096x1x1x1
l_out-0,kernel_add_row,0.002048,1024x0x0,64x0x0,4096x1x1x1
attn_norm-1,kernel_rms_norm_mul,0.005888,1024x1x1,1024x1x1,4096x1x1x1
Qcur-1,kernel_gemv_noshuffle,0.152064,2048x4x1,64x4x1,4096x1x1x1
Qcur-1,kernel_rope_norm_f32,0.002816,2048x1x1,64x1x1,128x32x1x1
Vcur-1,kernel_gemv_noshuffle,0.061184,512x4x1,64x4x1,1024x1x1x1
Kcur-1,kernel_gemv_noshuffle,0.061184,512x4x1,64x4x1,1024x1x1x1
Kcur-1,kernel_rope_norm_f32,0.002048,512x1x1,64x1x1,128x8x1x1
cache_k_l1 (view),kernel_set_rows_f16_i64,0.003072,1024x1x1,1024x1x1,1024x4096x1x1
cache_v_l1 (reshaped) (view),kernel_set_rows_f16_i64,0.007936,16x64x1,1x64x1,1x4194304x1x1
kq-1,kernel_mul_mat_f16_f32_l4,0.078080,16384x1x32,64x1x1,256x1x32x1
kq_soft_max-1,kernel_soft_max_4,0.003840,64x32x1,64x1x1,256x1x32x1
kqv-1,kernel_mul_mat_f16_f32_l4,0.040192,8192x1x32,64x1x1,128x1x32x1
kqv_out-1,kernel_cpy_f32_f32,0.002048,2048x1x1,64x1x1,4096x1x1x1
attn_out-1,kernel_gemv_noshuffle,0.150016,2048x4x1,64x4x1,4096x1x1x1
ffn_inp-1,kernel_add_row,0.002048,1024x0x0,64x0x0,4096x1x1x1
ffn_norm-1,kernel_rms_norm_mul,0.006144,1024x1x1,1024x1x1,4096x1x1x1
ffn_gate-1,kernel_gemv_noshuffle,0.558080,7168x4x1,64x4x1,14336x1x1x1
ffn_up-1,kernel_gemv_noshuffle,0.556032,7168x4x1,64x4x1,14336x1x1x1
ffn_swiglu-1,kernel_swiglu,0.011008,512x1x1,512x1x1,14336x1x1x1
ffn_out-1,kernel_gemv_noshuffle,0.528128,2048x4x1,64x4x1,4096x1x1x1
l_out-1,kernel_add_row,0.001792,1024x0x0,64x0x0,4096x1x1x1
attn_norm-2,kernel_rms_norm_mul,0.005888,1024x1x1,1024x1x1,4096x1x1x1
Qcur-2,kernel_gemv_noshuffle,0.151040,2048x4x1,64x4x1,4096x1x1x1
Qcur-2,kernel_rope_norm_f32,0.002048,2048x1x1,64x1x1,128x32x1x1
Vcur-2,kernel_gemv_noshuffle,0.061952,512x4x1,64x4x1,1024x1x1x1
Kcur-2,kernel_gemv_noshuffle,0.059904,512x4x1,64x4x1,1024x1x1x1
Kcur-2,kernel_rope_norm_f32,0.002048,512x1x1,64x1x1,128x8x1x1
cache_k_l2 (view),kernel_set_rows_f16_i64,0.003072,1024x1x1,1024x1x1,1024x4096x1x1
cache_v_l2 (reshaped) (view),kernel_set_rows_f16_i64,0.006912,16x64x1,1x64x1,1x4194304x1x1
kq-2,kernel_mul_mat_f16_f32_l4,0.077056,16384x1x32,64x1x1,256x1x32x1
kq_soft_max-2,kernel_soft_max_4,0.004096,64x32x1,64x1x1,256x1x32x1
kqv-2,kernel_mul_mat_f16_f32_l4,0.039936,8192x1x32,64x1x1,128x1x32x1
kqv_out-2,kernel_cpy_f32_f32,0.002048,2048x1x1,64x1x1,4096x1x1x1
attn_out-2,kernel_gemv_noshuffle,0.151808,2048x4x1,64x4x1,4096x1x1x1
ffn_inp-2,kernel_add_row,0.002048,1024x0x0,64x0x0,4096x1x1x1
ffn_norm-2,kernel_rms_norm_mul,0.005888,1024x1x1,1024x1x1,4096x1x1x1
ffn_gate-2,kernel_gemv_noshuffle,0.564992,7168x4x1,64x4x1,14336x1x1x1
ffn_up-2,kernel_gemv_noshuffle,0.562944,7168x4x1,64x4x1,14336x1x1x1
ffn_swiglu-2,kernel_swiglu,0.011008,512x1x1,512x1x1,14336x1x1x1
ffn_out-2,kernel_gemv_noshuffle,0.527104,2048x4x1,64x4x1,4096x1x1x1
l_out-2,kernel_add_row,0.002048,1024x0x0,64x0x0,4096x1x1x1
attn_norm-3,kernel_rms_norm_mul,0.006144,1024x1x1,1024x1x1,4096x1x1x1
Qcur-3,kernel_gemv_noshuffle,0.145920,2048x4x1,64x4x1,4096x1x1x1
Qcur-3,kernel_rope_norm_f32,0.003072,2048x1x1,64x1x1,128x32x1x1
Vcur-3,kernel_gemv_noshuffle,0.061184,512x4x1,64x4x1,1024x1x1x1
Kcur-3,kernel_gemv_noshuffle,0.060160,512x4x1,64x4x1,1024x1x1x1
Kcur-3,kernel_rope_norm_f32,0.001792,512x1x1,64x1x1,128x8x1x1
cache_k_l3 (view),kernel_set_rows_f16_i64,0.003072,1024x1x1,1024x1x1,1024x4096x1x1
cache_v_l3 (reshaped) (view),kernel_set_rows_f16_i64,0.007936,16x64x1,1x64x1,1x4194304x1x1
kq-3,kernel_mul_mat_f16_f32_l4,0.078080,16384x1x32,64x1x1,256x1x32x1
kq_soft_max-3,kernel_soft_max_4,0.003840,64x32x1,64x1x1,256x1x32x1
kqv-3,kernel_mul_mat_f16_f32_l4,0.040192,8192x1x32,64x1x1,128x1x32x1
kqv_out-3,kernel_cpy_f32_f32,0.001792,2048x1x1,64x1x1,4096x1x1x1
attn_out-3,kernel_gemv_noshuffle,0.147968,2048x4x1,64x4x1,4096x1x1x1
ffn_inp-3,kernel_add_row,0.002048,1024x0x0,64x0x0,4096x1x1x1
ffn_norm-3,kernel_rms_norm_mul,0.005888,1024x1x1,1024x1x1,4096x1x1x1
ffn_gate-3,kernel_gemv_noshuffle,0.557056,7168x4x1,64x4x1,14336x1x1x1
ffn_up-3,kernel_gemv_noshuffle,0.558848,7168x4x1,64x4x1,14336x1x1x1
ffn_swiglu-3,kernel_swiglu,0.012032,512x1x1,512x1x1,14336x1x1x1
ffn_out-3,kernel_gemv_noshuffle,0.523008,2048x4x1,64x4x1,4096x1x1x1
l_out-3,kernel_add_row,0.002048,1024x0x0,64x0x0,4096x1x1x1
attn_norm-4,kernel_rms_norm_mul,0.006144,1024x1x1,1024x1x1,4096x1x1x1
Qcur-4,kernel_gemv_noshuffle,0.151040,2048x4x1,64x4x1,4096x1x1x1
Qcur-4,kernel_rope_norm_f32,0.002048,2048x1x1,64x1x1,128x32x1x1
Vcur-4,kernel_gemv_noshuffle,0.062976,512x4x1,64x4x1,1024x1x1x1
Kcur-4,kernel_gemv_noshuffle,0.061952,512x4x1,64x4x1,1024x1x1x1
Kcur-4,kernel_rope_norm_f32,0.002048,512x1x1,64x1x1,128x8x1x1
cache_k_l4 (view),kernel_set_rows_f16_i64,0.003072,1024x1x1,1024x1x1,1024x4096x1x1
cache_v_l4 (reshaped) (view),kernel_set_rows_f16_i64,0.007936,16x64x1,1x64x1,1x4194304x1x1
kq-4,kernel_mul_mat_f16_f32_l4,0.078080,16384x1x32,64x1x1,256x1x32x1
kq_soft_max-4,kernel_soft_max_4,0.004096,64x32x1,64x1x1,256x1x32x1
kqv-4,kernel_mul_mat_f16_f32_l4,0.040192,8192x1x32,64x1x1,128x1x32x1
kqv_out-4,kernel_cpy_f32_f32,0.001792,2048x1x1,64x1x1,4096x1x1x1
attn_out-4,kernel_gemv_noshuffle,0.154112,2048x4x1,64x4x1,4096x1x1x1
ffn_inp-4,kernel_add_row,0.002048,1024x0x0,64x0x0,4096x1x1x1
ffn_norm-4,kernel_rms_norm_mul,0.005888,1024x1x1,1024x1x1,4096x1x1x1
ffn_gate-4,kernel_gemv_noshuffle,0.552960,7168x4x1,64x4x1,14336x1x1x1
ffn_up-4,kernel_gemv_noshuffle,0.553984,7168x4x1,64x4x1,14336x1x1x1
ffn_swiglu-4,kernel_swiglu,0.011008,512x1x1,512x1x1,14336x1x1x1
ffn_out-4,kernel_gemv_noshuffle,0.525056,2048x4x1,64x4x1,4096x1x1x1
l_out-4,kernel_add_row,0.002048,1024x0x0,64x0x0,4096x1x1x1
attn_norm-5,kernel_rms_norm_mul,0.005888,1024x1x1,1024x1x1,4096x1x1x1
Qcur-5,kernel_gemv_noshuffle,0.155136,2048x4x1,64x4x1,4096x1x1x1
Qcur-5,kernel_rope_norm_f32,0.003072,2048x1x1,64x1x1,128x32x1x1
Vcur-5,kernel_gemv_noshuffle,0.062208,512x4x1,64x4x1,1024x1x1x1
Kcur-5,kernel_gemv_noshuffle,0.061184,512x4x1,64x4x1,1024x1x1x1
Kcur-5,kernel_rope_norm_f32,0.003072,512x1x1,64x1x1,128x8x1x1
cache_k_l5 (view),kernel_set_rows_f16_i64,0.003072,1024x1x1,1024x1x1,1024x4096x1x1
cache_v_l5 (reshaped) (view),kernel_set_rows_f16_i64,0.006912,16x64x1,1x64x1,1x4194304x1x1
kq-5,kernel_mul_mat_f16_f32_l4,0.078080,16384x1x32,64x1x1,256x1x32x1
kq_soft_max-5,kernel_soft_max_4,0.003840,64x32x1,64x1x1,256x1x32x1
kqv-5,kernel_mul_mat_f16_f32_l4,0.039936,8192x1x32,64x1x1,128x1x32x1
kqv_out-5,kernel_cpy_f32_f32,0.002048,2048x1x1,64x1x1,4096x1x1x1
attn_out-5,kernel_gemv_noshuffle,0.154880,2048x4x1,64x4x1,4096x1x1x1
ffn_inp-5,kernel_add_row,0.002048,1024x0x0,64x0x0,4096x1x1x1
ffn_norm-5,kernel_rms_norm_mul,0.005888,1024x1x1,1024x1x1,4096x1x1x1
ffn_gate-5,kernel_gemv_noshuffle,0.546048,7168x4x1,64x4x1,14336x1x1x1
ffn_up-5,kernel_gemv_noshuffle,0.540928,7168x4x1,64x4x1,14336x1x1x1
ffn_swiglu-5,kernel_swiglu,0.011008,512x1x1,512x1x1,14336x1x1x1
ffn_out-5,kernel_gemv_noshuffle,0.523008,2048x4x1,64x4x1,4096x1x1x1
l_out-5,kernel_add_row,0.002048,1024x0x0,64x0x0,4096x1x1x1
attn_norm-6,kernel_rms_norm_mul,0.006144,1024x1x1,1024x1x1,4096x1x1x1
Qcur-6,kernel_gemv_noshuffle,0.150016,2048x4x1,64x4x1,4096x1x1x1
Qcur-6,kernel_rope_norm_f32,0.001792,2048x1x1,64x1x1,128x32x1x1
Vcur-6,kernel_gemv_noshuffle,0.061952,512x4x1,64x4x1,1024x1x1x1
Kcur-6,kernel_gemv_noshuffle,0.060160,512x4x1,64x4x1,1024x1x1x1
Kcur-6,kernel_rope_norm_f32,0.001792,512x1x1,64x1x1,128x8x1x1
cache_k_l6 (view),kernel_set_rows_f16_i64,0.003072,1024x1x1,1024x1x1,1024x4096x1x1
cache_v_l6 (reshaped) (view),kernel_set_rows_f16_i64,0.007936,16x64x1,1x64x1,1x4194304x1x1
kq-6,kernel_mul_mat_f16_f32_l4,0.077056,16384x1x32,64x1x1,256x1x32x1
kq_soft_max-6,kernel_soft_max_4,0.003840,64x32x1,64x1x1,256x1x32x1
kqv-6,kernel_mul_mat_f16_f32_l4,0.039936,8192x1x32,64x1x1,128x1x32x1
kqv_out-6,kernel_cpy_f32_f32,0.002048,2048x1x1,64x1x1,4096x1x1x1
attn_out-6,kernel_gemv_noshuffle,0.153088,2048x4x1,64x4x1,4096x1x1x1
ffn_inp-6,kernel_add_row,0.001792,1024x0x0,64x0x0,4096x1x1x1
ffn_norm-6,kernel_rms_norm_mul,0.006144,1024x1x1,1024x1x1,4096x1x1x1
ffn_gate-6,kernel_gemv_noshuffle,0.541952,7168x4x1,64x4x1,14336x1x1x1
ffn_up-6,kernel_gemv_noshuffle,0.552192,7168x4x1,64x4x1,14336x1x1x1
ffn_swiglu-6,kernel_swiglu,0.011008,512x1x1,512x1x1,14336x1x1x1
ffn_out-6,kernel_gemv_noshuffle,0.526848,2048x4x1,64x4x1,4096x1x1x1
l_out-6,kernel_add_row,0.002048,1024x0x0,64x0x0,4096x1x1x1
attn_norm-7,kernel_rms_norm_mul,0.005888,1024x1x1,1024x1x1,4096x1x1x1
Qcur-7,kernel_gemv_noshuffle,0.151040,2048x4x1,64x4x1,4096x1x1x1
Qcur-7,kernel_rope_norm_f32,0.003072,2048x1x1,64x1x1,128x32x1x1
Vcur-7,kernel_gemv_noshuffle,0.061952,512x4x1,64x4x1,1024x1x1x1
Kcur-7,kernel_gemv_noshuffle,0.061184,512x4x1,64x4x1,1024x1x1x1
Kcur-7,kernel_rope_norm_f32,0.001792,512x1x1,64x1x1,128x8x1x1
cache_k_l7 (view),kernel_set_rows_f16_i64,0.003072,1024x1x1,1024x1x1,1024x4096x1x1
cache_v_l7 (reshaped) (view),kernel_set_rows_f16_i64,0.006912,16x64x1,1x64x1,1x4194304x1x1
kq-7,kernel_mul_mat_f16_f32_l4,0.078080,16384x1x32,64x1x1,256x1x32x1
kq_soft_max-7,kernel_soft_max_4,0.004864,64x32x1,64x1x1,256x1x32x1
kqv-7,kernel_mul_mat_f16_f32_l4,0.040192,8192x1x32,64x1x1,128x1x32x1
kqv_out-7,kernel_cpy_f32_f32,0.001792,2048x1x1,64x1x1,4096x1x1x1
attn_out-7,kernel_gemv_noshuffle,0.153088,2048x4x1,64x4x1,4096x1x1x1
ffn_inp-7,kernel_add_row,0.002048,1024x0x0,64x0x0,4096x1x1x1
ffn_norm-7,kernel_rms_norm_mul,0.006144,1024x1x1,1024x1x1,4096x1x1x1
ffn_gate-7,kernel_gemv_noshuffle,0.541952,7168x4x1,64x4x1,14336x1x1x1
ffn_up-7,kernel_gemv_noshuffle,0.559872,7168x4x1,64x4x1,14336x1x1x1
ffn_swiglu-7,kernel_swiglu,0.012032,512x1x1,512x1x1,14336x1x1x1
ffn_out-7,kernel_gemv_noshuffle,0.529920,2048x4x1,64x4x1,4096x1x1x1
l_out-7,kernel_add_row,0.002048,1024x0x0,64x0x0,4096x1x1x1
attn_norm-8,kernel_rms_norm_mul,0.006144,1024x1x1,1024x1x1,4096x1x1x1
Qcur-8,kernel_gemv_noshuffle,0.152832,2048x4x1,64x4x1,4096x1x1x1
Qcur-8,kernel_rope_norm_f32,0.002048,2048x1x1,64x1x1,128x32x1x1
Vcur-8,kernel_gemv_noshuffle,0.061952,512x4x1,64x4x1,1024x1x1x1
Kcur-8,kernel_gemv_noshuffle,0.061184,512x4x1,64x4x1,1024x1x1x1
Kcur-8,kernel_rope_norm_f32,0.002048,512x1x1,64x1x1,128x8x1x1
cache_k_l8 (view),kernel_set_rows_f16_i64,0.003072,1024x1x1,1024x1x1,1024x4096x1x1
cache_v_l8 (reshaped) (view),kernel_set_rows_f16_i64,0.007936,16x64x1,1x64x1,1x4194304x1x1
kq-8,kernel_mul_mat_f16_f32_l4,0.077824,16384x1x32,64x1x1,256x1x32x1
kq_soft_max-8,kernel_soft_max_4,0.004096,64x32x1,64x1x1,256x1x32x1
kqv-8,kernel_mul_mat_f16_f32_l4,0.039936,8192x1x32,64x1x1,128x1x32x1
kqv_out-8,kernel_cpy_f32_f32,0.002048,2048x1x1,64x1x1,4096x1x1x1
attn_out-8,kernel_gemv_noshuffle,0.152832,2048x4x1,64x4x1,4096x1x1x1
ffn_inp-8,kernel_add_row,0.002048,1024x0x0,64x0x0,4096x1x1x1
ffn_norm-8,kernel_rms_norm_mul,0.005888,1024x1x1,1024x1x1,4096x1x1x1
ffn_gate-8,kernel_gemv_noshuffle,0.544000,7168x4x1,64x4x1,14336x1x1x1
ffn_up-8,kernel_gemv_noshuffle,0.542976,7168x4x1,64x4x1,14336x1x1x1
ffn_swiglu-8,kernel_swiglu,0.011008,512x1x1,512x1x1,14336x1x1x1
ffn_out-8,kernel_gemv_noshuffle,0.528896,2048x4x1,64x4x1,4096x1x1x1
l_out-8,kernel_add_row,0.002048,1024x0x0,64x0x0,4096x1x1x1
attn_norm-9,kernel_rms_norm_mul,0.005888,1024x1x1,1024x1x1,4096x1x1x1
Qcur-9,kernel_gemv_noshuffle,0.150016,2048x4x1,64x4x1,4096x1x1x1
Qcur-9,kernel_rope_norm_f32,0.003072,2048x1x1,64x1x1,128x32x1x1
Vcur-9,kernel_gemv_noshuffle,0.059904,512x4x1,64x4x1,1024x1x1x1
Kcur-9,kernel_gemv_noshuffle,0.060928,512x4x1,64x4x1,1024x1x1x1
Kcur-9,kernel_rope_norm_f32,0.002048,512x1x1,64x1x1,128x8x1x1
cache_k_l9 (view),kernel_set_rows_f16_i64,0.002816,1024x1x1,1024x1x1,1024x4096x1x1
cache_v_l9 (reshaped) (view),kernel_set_rows_f16_i64,0.008192,16x64x1,1x64x1,1x4194304x1x1
kq-9,kernel_mul_mat_f16_f32_l4,0.078080,16384x1x32,64x1x1,256x1x32x1
kq_soft_max-9,kernel_soft_max_4,0.004096,64x32x1,64x1x1,256x1x32x1
kqv-9,kernel_mul_mat_f16_f32_l4,0.039936,8192x1x32,64x1x1,128x1x32x1
kqv_out-9,kernel_cpy_f32_f32,0.002048,2048x1x1,64x1x1,4096x1x1x1
attn_out-9,kernel_gemv_noshuffle,0.151040,2048x4x1,64x4x1,4096x1x1x1
ffn_inp-9,kernel_add_row,0.002048,1024x0x0,64x0x0,4096x1x1x1
ffn_norm-9,kernel_rms_norm_mul,0.005888,1024x1x1,1024x1x1,4096x1x1x1
ffn_gate-9,kernel_gemv_noshuffle,0.560128,7168x4x1,64x4x1,14336x1x1x1
ffn_up-9,kernel_gemv_noshuffle,0.553984,7168x4x1,64x4x1,14336x1x1x1
ffn_swiglu-9,kernel_swiglu,0.012032,512x1x1,512x1x1,14336x1x1x1
ffn_out-9,kernel_gemv_noshuffle,0.518144,2048x4x1,64x4x1,4096x1x1x1
l_out-9,kernel_add_row,0.001792,1024x0x0,64x0x0,4096x1x1x1
attn_norm-10,kernel_rms_norm_mul,0.005888,1024x1x1,1024x1x1,4096x1x1x1
Qcur-10,kernel_gemv_noshuffle,0.153088,2048x4x1,64x4x1,4096x1x1x1
Qcur-10,kernel_rope_norm_f32,0.003072,2048x1x1,64x1x1,128x32x1x1
Vcur-10,kernel_gemv_noshuffle,0.061952,512x4x1,64x4x1,1024x1x1x1
Kcur-10,kernel_gemv_noshuffle,0.060928,512x4x1,64x4x1,1024x1x1x1
Kcur-10,kernel_rope_norm_f32,0.002048,512x1x1,64x1x1,128x8x1x1
cache_k_l10 (view),kernel_set_rows_f16_i64,0.002816,1024x1x1,1024x1x1,1024x4096x1x1
cache_v_l10 (reshaped) (view),kernel_set_rows_f16_i64,0.007168,16x64x1,1x64x1,1x4194304x1x1
kq-10,kernel_mul_mat_f16_f32_l4,0.078080,16384x1x32,64x1x1,256x1x32x1
kq_soft_max-10,kernel_soft_max_4,0.004096,64x32x1,64x1x1,256x1x32x1
kqv-10,kernel_mul_mat_f16_f32_l4,0.040192,8192x1x32,64x1x1,128x1x32x1
kqv_out-10,kernel_cpy_f32_f32,0.001792,2048x1x1,64x1x1,4096x1x1x1
attn_out-10,kernel_gemv_noshuffle,0.153088,2048x4x1,64x4x1,4096x1x1x1
ffn_inp-10,kernel_add_row,0.002048,1024x0x0,64x0x0,4096x1x1x1
ffn_norm-10,kernel_rms_norm_mul,0.006144,1024x1x1,1024x1x1,4096x1x1x1
ffn_gate-10,kernel_gemv_noshuffle,0.549888,7168x4x1,64x4x1,14336x1x1x1
ffn_up-10,kernel_gemv_noshuffle,0.542976,7168x4x1,64x4x1,14336x1x1x1
ffn_swiglu-10,kernel_swiglu,0.012032,512x1x1,512x1x1,14336x1x1x1
ffn_out-10,kernel_gemv_noshuffle,0.516096,2048x4x1,64x4x1,4096x1x1x1
l_out-10,kernel_add_row,0.002048,1024x0x0,64x0x0,4096x1x1x1
attn_norm-11,kernel_rms_norm_mul,0.006144,1024x1x1,1024x1x1,4096x1x1x1
Qcur-11,kernel_gemv_noshuffle,0.150784,2048x4x1,64x4x1,4096x1x1x1
Qcur-11,kernel_rope_norm_f32,0.002048,2048x1x1,64x1x1,128x32x1x1
Vcur-11,kernel_gemv_noshuffle,0.061952,512x4x1,64x4x1,1024x1x1x1
Kcur-11,kernel_gemv_noshuffle,0.061952,512x4x1,64x4x1,1024x1x1x1
Kcur-11,kernel_rope_norm_f32,0.002048,512x1x1,64x1x1,128x8x1x1
cache_k_l11 (view),kernel_set_rows_f16_i64,0.002816,1024x1x1,1024x1x1,1024x4096x1x1
cache_v_l11 (reshaped) (view),kernel_set_rows_f16_i64,0.007168,16x64x1,1x64x1,1x4194304x1x1
kq-11,kernel_mul_mat_f16_f32_l4,0.077824,16384x1x32,64x1x1,256x1x32x1
kq_soft_max-11,kernel_soft_max_4,0.004096,64x32x1,64x1x1,256x1x32x1
kqv-11,kernel_mul_mat_f16_f32_l4,0.040960,8192x1x32,64x1x1,128x1x32x1
kqv_out-11,kernel_cpy_f32_f32,0.002048,2048x1x1,64x1x1,4096x1x1x1
attn_out-11,kernel_gemv_noshuffle,0.148992,2048x4x1,64x4x1,4096x1x1x1
ffn_inp-11,kernel_add_row,0.002048,1024x0x0,64x0x0,4096x1x1x1
ffn_norm-11,kernel_rms_norm_mul,0.005888,1024x1x1,1024x1x1,4096x1x1x1
ffn_gate-11,kernel_gemv_noshuffle,0.555008,7168x4x1,64x4x1,14336x1x1x1
ffn_up-11,kernel_gemv_noshuffle,0.541952,7168x4x1,64x4x1,14336x1x1x1
ffn_swiglu-11,kernel_swiglu,0.011008,512x1x1,512x1x1,14336x1x1x1
ffn_out-11,kernel_gemv_noshuffle,0.519168,2048x4x1,64x4x1,4096x1x1x1
l_out-11,kernel_add_row,0.002048,1024x0x0,64x0x0,4096x1x1x1
attn_norm-12,kernel_rms_norm_mul,0.005888,1024x1x1,1024x1x1,4096x1x1x1
Qcur-12,kernel_gemv_noshuffle,0.153088,2048x4x1,64x4x1,4096x1x1x1
Qcur-12,kernel_rope_norm_f32,0.002816,2048x1x1,64x1x1,128x32x1x1
Vcur-12,kernel_gemv_noshuffle,0.062208,512x4x1,64x4x1,1024x1x1x1
Kcur-12,kernel_gemv_noshuffle,0.060928,512x4x1,64x4x1,1024x1x1x1
Kcur-12,kernel_rope_norm_f32,0.002048,512x1x1,64x1x1,128x8x1x1
cache_k_l12 (view),kernel_set_rows_f16_i64,0.003072,1024x1x1,1024x1x1,1024x4096x1x1
cache_v_l12 (reshaped) (view),kernel_set_rows_f16_i64,0.006912,16x64x1,1x64x1,1x4194304x1x1
kq-12,kernel_mul_mat_f16_f32_l4,0.077056,16384x1x32,64x1x1,256x1x32x1
kq_soft_max-12,kernel_soft_max_4,0.003840,64x32x1,64x1x1,256x1x32x1
kqv-12,kernel_mul_mat_f16_f32_l4,0.039936,8192x1x32,64x1x1,128x1x32x1
kqv_out-12,kernel_cpy_f32_f32,0.002048,2048x1x1,64x1x1,4096x1x1x1
attn_out-12,kernel_gemv_noshuffle,0.152064,2048x4x1,64x4x1,4096x1x1x1
ffn_inp-12,kernel_add_row,0.001792,1024x0x0,64x0x0,4096x1x1x1
ffn_norm-12,kernel_rms_norm_mul,0.006144,1024x1x1,1024x1x1,4096x1x1x1
ffn_gate-12,kernel_gemv_noshuffle,0.545024,7168x4x1,64x4x1,14336x1x1x1
ffn_up-12,kernel_gemv_noshuffle,0.549120,7168x4x1,64x4x1,14336x1x1x1
ffn_swiglu-12,kernel_swiglu,0.011008,512x1x1,512x1x1,14336x1x1x1
ffn_out-12,kernel_gemv_noshuffle,0.521984,2048x4x1,64x4x1,4096x1x1x1
l_out-12,kernel_add_row,0.001792,1024x0x0,64x0x0,4096x1x1x1
attn_norm-13,kernel_rms_norm_mul,0.006144,1024x1x1,1024x1x1,4096x1x1x1
Qcur-13,kernel_gemv_noshuffle,0.150016,2048x4x1,64x4x1,4096x1x1x1
Qcur-13,kernel_rope_norm_f32,0.002816,2048x1x1,64x1x1,128x32x1x1
Vcur-13,kernel_gemv_noshuffle,0.061184,512x4x1,64x4x1,1024x1x1x1
Kcur-13,kernel_gemv_noshuffle,0.059904,512x4x1,64x4x1,1024x1x1x1
Kcur-13,kernel_rope_norm_f32,0.002048,512x1x1,64x1x1,128x8x1x1
cache_k_l13 (view),kernel_set_rows_f16_i64,0.003072,1024x1x1,1024x1x1,1024x4096x1x1
cache_v_l13 (reshaped) (view),kernel_set_rows_f16_i64,0.007936,16x64x1,1x64x1,1x4194304x1x1
kq-13,kernel_mul_mat_f16_f32_l4,0.078080,16384x1x32,64x1x1,256x1x32x1
kq_soft_max-13,kernel_soft_max_4,0.004096,64x32x1,64x1x1,256x1x32x1
kqv-13,kernel_mul_mat_f16_f32_l4,0.039936,8192x1x32,64x1x1,128x1x32x1
kqv_out-13,kernel_cpy_f32_f32,0.002048,2048x1x1,64x1x1,4096x1x1x1
attn_out-13,kernel_gemv_noshuffle,0.150784,2048x4x1,64x4x1,4096x1x1x1
ffn_inp-13,kernel_add_row,0.002048,1024x0x0,64x0x0,4096x1x1x1
ffn_norm-13,kernel_rms_norm_mul,0.006144,1024x1x1,1024x1x1,4096x1x1x1
ffn_gate-13,kernel_gemv_noshuffle,0.550912,7168x4x1,64x4x1,14336x1x1x1
ffn_up-13,kernel_gemv_noshuffle,0.532992,7168x4x1,64x4x1,14336x1x1x1
ffn_swiglu-13,kernel_swiglu,0.012032,512x1x1,512x1x1,14336x1x1x1
ffn_out-13,kernel_gemv_noshuffle,0.513024,2048x4x1,64x4x1,4096x1x1x1
l_out-13,kernel_add_row,0.002048,1024x0x0,64x0x0,4096x1x1x1
attn_norm-14,kernel_rms_norm_mul,0.005888,1024x1x1,1024x1x1,4096x1x1x1
Qcur-14,kernel_gemv_noshuffle,0.148992,2048x4x1,64x4x1,4096x1x1x1
Qcur-14,kernel_rope_norm_f32,0.003072,2048x1x1,64x1x1,128x32x1x1
Vcur-14,kernel_gemv_noshuffle,0.061952,512x4x1,64x4x1,1024x1x1x1
Kcur-14,kernel_gemv_noshuffle,0.059904,512x4x1,64x4x1,1024x1x1x1
Kcur-14,kernel_rope_norm_f32,0.002048,512x1x1,64x1x1,128x8x1x1
cache_k_l14 (view),kernel_set_rows_f16_i64,0.003072,1024x1x1,1024x1x1,1024x4096x1x1
cache_v_l14 (reshaped) (view),kernel_set_rows_f16_i64,0.006912,16x64x1,1x64x1,1x4194304x1x1
kq-14,kernel_mul_mat_f16_f32_l4,0.077824,16384x1x32,64x1x1,256x1x32x1
kq_soft_max-14,kernel_soft_max_4,0.004096,64x32x1,64x1x1,256x1x32x1
kqv-14,kernel_mul_mat_f16_f32_l4,0.039936,8192x1x32,64x1x1,128x1x32x1
kqv_out-14,kernel_cpy_f32_f32,0.002048,2048x1x1,64x1x1,4096x1x1x1
attn_out-14,kernel_gemv_noshuffle,0.152832,2048x4x1,64x4x1,4096x1x1x1
ffn_inp-14,kernel_add_row,0.002048,1024x0x0,64x0x0,4096x1x1x1
ffn_norm-14,kernel_rms_norm_mul,0.005888,1024x1x1,1024x1x1,4096x1x1x1
ffn_gate-14,kernel_gemv_noshuffle,0.553984,7168x4x1,64x4x1,14336x1x1x1
ffn_up-14,kernel_gemv_noshuffle,0.561920,7168x4x1,64x4x1,14336x1x1x1
ffn_swiglu-14,kernel_swiglu,0.012032,512x1x1,512x1x1,14336x1x1x1
ffn_out-14,kernel_gemv_noshuffle,0.541952,2048x4x1,64x4x1,4096x1x1x1
l_out-14,kernel_add_row,0.002048,1024x0x0,64x0x0,4096x1x1x1
attn_norm-15,kernel_rms_norm_mul,0.005888,1024x1x1,1024x1x1,4096x1x1x1
Qcur-15,kernel_gemv_noshuffle,0.153088,2048x4x1,64x4x1,4096x1x1x1
Qcur-15,kernel_rope_norm_f32,0.002816,2048x1x1,64x1x1,128x32x1x1
Vcur-15,kernel_gemv_noshuffle,0.060160,512x4x1,64x4x1,1024x1x1x1
Kcur-15,kernel_gemv_noshuffle,0.062976,512x4x1,64x4x1,1024x1x1x1
Kcur-15,kernel_rope_norm_f32,0.002048,512x1x1,64x1x1,128x8x1x1
cache_k_l15 (view),kernel_set_rows_f16_i64,0.003072,1024x1x1,1024x1x1,1024x4096x1x1
cache_v_l15 (reshaped) (view),kernel_set_rows_f16_i64,0.006912,16x64x1,1x64x1,1x4194304x1x1
kq-15,kernel_mul_mat_f16_f32_l4,0.078080,16384x1x32,64x1x1,256x1x32x1
kq_soft_max-15,kernel_soft_max_4,0.003840,64x32x1,64x1x1,256x1x32x1
kqv-15,kernel_mul_mat_f16_f32_l4,0.041984,8192x1x32,64x1x1,128x1x32x1
kqv_out-15,kernel_cpy_f32_f32,0.002048,2048x1x1,64x1x1,4096x1x1x1
attn_out-15,kernel_gemv_noshuffle,0.162048,2048x4x1,64x4x1,4096x1x1x1
ffn_inp-15,kernel_add_row,0.002048,1024x0x0,64x0x0,4096x1x1x1
ffn_norm-15,kernel_rms_norm_mul,0.005888,1024x1x1,1024x1x1,4096x1x1x1
ffn_gate-15,kernel_gemv_noshuffle,0.574976,7168x4x1,64x4x1,14336x1x1x1
ffn_up-15,kernel_gemv_noshuffle,2.729984,7168x4x1,64x4x1,14336x1x1x1
ffn_swiglu-15,kernel_swiglu,0.011008,512x1x1,512x1x1,14336x1x1x1
ffn_out-15,kernel_gemv_noshuffle,0.504064,2048x4x1,64x4x1,4096x1x1x1
l_out-15,kernel_add_row,0.002048,1024x0x0,64x0x0,4096x1x1x1
attn_norm-16,kernel_rms_norm_mul,0.006144,1024x1x1,1024x1x1,4096x1x1x1
Qcur-16,kernel_gemv_noshuffle,0.147968,2048x4x1,64x4x1,4096x1x1x1
Qcur-16,kernel_rope_norm_f32,0.002816,2048x1x1,64x1x1,128x32x1x1
Vcur-16,kernel_gemv_noshuffle,0.061184,512x4x1,64x4x1,1024x1x1x1
Kcur-16,kernel_gemv_noshuffle,0.059904,512x4x1,64x4x1,1024x1x1x1
Kcur-16,kernel_rope_norm_f32,0.002048,512x1x1,64x1x1,128x8x1x1
cache_k_l16 (view),kernel_set_rows_f16_i64,0.002816,1024x1x1,1024x1x1,1024x4096x1x1
cache_v_l16 (reshaped) (view),kernel_set_rows_f16_i64,0.007168,16x64x1,1x64x1,1x4194304x1x1
kq-16,kernel_mul_mat_f16_f32_l4,0.077056,16384x1x32,64x1x1,256x1x32x1
kq_soft_max-16,kernel_soft_max_4,0.004096,64x32x1,64x1x1,256x1x32x1
kqv-16,kernel_mul_mat_f16_f32_l4,0.039936,8192x1x32,64x1x1,128x1x32x1
kqv_out-16,kernel_cpy_f32_f32,0.001792,2048x1x1,64x1x1,4096x1x1x1
attn_out-16,kernel_gemv_noshuffle,0.148224,2048x4x1,64x4x1,4096x1x1x1
ffn_inp-16,kernel_add_row,0.002048,1024x0x0,64x0x0,4096x1x1x1
ffn_norm-16,kernel_rms_norm_mul,0.006144,1024x1x1,1024x1x1,4096x1x1x1
ffn_gate-16,kernel_gemv_noshuffle,0.545792,7168x4x1,64x4x1,14336x1x1x1
ffn_up-16,kernel_gemv_noshuffle,0.563968,7168x4x1,64x4x1,14336x1x1x1
ffn_swiglu-16,kernel_swiglu,0.012032,512x1x1,512x1x1,14336x1x1x1
ffn_out-16,kernel_gemv_noshuffle,0.534016,2048x4x1,64x4x1,4096x1x1x1
l_out-16,kernel_add_row,0.001792,1024x0x0,64x0x0,4096x1x1x1
attn_norm-17,kernel_rms_norm_mul,0.006144,1024x1x1,1024x1x1,4096x1x1x1
Qcur-17,kernel_gemv_noshuffle,0.153856,2048x4x1,64x4x1,4096x1x1x1
Qcur-17,kernel_rope_norm_f32,0.003072,2048x1x1,64x1x1,128x32x1x1
Vcur-17,kernel_gemv_noshuffle,0.061952,512x4x1,64x4x1,1024x1x1x1
Kcur-17,kernel_gemv_noshuffle,0.060928,512x4x1,64x4x1,1024x1x1x1
Kcur-17,kernel_rope_norm_f32,0.002048,512x1x1,64x1x1,128x8x1x1
cache_k_l17 (view),kernel_set_rows_f16_i64,0.002816,1024x1x1,1024x1x1,1024x4096x1x1
cache_v_l17 (reshaped) (view),kernel_set_rows_f16_i64,0.008192,16x64x1,1x64x1,1x4194304x1x1
kq-17,kernel_mul_mat_f16_f32_l4,0.077824,16384x1x32,64x1x1,256x1x32x1
kq_soft_max-17,kernel_soft_max_4,0.004096,64x32x1,64x1x1,256x1x32x1
kqv-17,kernel_mul_mat_f16_f32_l4,0.039936,8192x1x32,64x1x1,128x1x32x1
kqv_out-17,kernel_cpy_f32_f32,0.002048,2048x1x1,64x1x1,4096x1x1x1
attn_out-17,kernel_gemv_noshuffle,0.147968,2048x4x1,64x4x1,4096x1x1x1
ffn_inp-17,kernel_add_row,0.002048,1024x0x0,64x0x0,4096x1x1x1
ffn_norm-17,kernel_rms_norm_mul,0.005888,1024x1x1,1024x1x1,4096x1x1x1
ffn_gate-17,kernel_gemv_noshuffle,0.557056,7168x4x1,64x4x1,14336x1x1x1
ffn_up-17,kernel_gemv_noshuffle,0.561920,7168x4x1,64x4x1,14336x1x1x1
ffn_swiglu-17,kernel_swiglu,0.011008,512x1x1,512x1x1,14336x1x1x1
ffn_out-17,kernel_gemv_noshuffle,0.521984,2048x4x1,64x4x1,4096x1x1x1
l_out-17,kernel_add_row,0.002048,1024x0x0,64x0x0,4096x1x1x1
attn_norm-18,kernel_rms_norm_mul,0.006144,1024x1x1,1024x1x1,4096x1x1x1
Qcur-18,kernel_gemv_noshuffle,0.148992,2048x4x1,64x4x1,4096x1x1x1
Qcur-18,kernel_rope_norm_f32,0.002048,2048x1x1,64x1x1,128x32x1x1
Vcur-18,kernel_gemv_noshuffle,0.061184,512x4x1,64x4x1,1024x1x1x1
Kcur-18,kernel_gemv_noshuffle,0.059904,512x4x1,64x4x1,1024x1x1x1
Kcur-18,kernel_rope_norm_f32,0.002048,512x1x1,64x1x1,128x8x1x1
cache_k_l18 (view),kernel_set_rows_f16_i64,0.002816,1024x1x1,1024x1x1,1024x4096x1x1
cache_v_l18 (reshaped) (view),kernel_set_rows_f16_i64,0.007168,16x64x1,1x64x1,1x4194304x1x1
kq-18,kernel_mul_mat_f16_f32_l4,0.078080,16384x1x32,64x1x1,256x1x32x1
kq_soft_max-18,kernel_soft_max_4,0.003840,64x32x1,64x1x1,256x1x32x1
kqv-18,kernel_mul_mat_f16_f32_l4,0.040192,8192x1x32,64x1x1,128x1x32x1
kqv_out-18,kernel_cpy_f32_f32,0.001792,2048x1x1,64x1x1,4096x1x1x1
attn_out-18,kernel_gemv_noshuffle,0.150016,2048x4x1,64x4x1,4096x1x1x1
ffn_inp-18,kernel_add_row,0.002048,1024x0x0,64x0x0,4096x1x1x1
ffn_norm-18,kernel_rms_norm_mul,0.005888,1024x1x1,1024x1x1,4096x1x1x1
ffn_gate-18,kernel_gemv_noshuffle,0.562176,7168x4x1,64x4x1,14336x1x1x1
ffn_up-18,kernel_gemv_noshuffle,0.545024,7168x4x1,64x4x1,14336x1x1x1
ffn_swiglu-18,kernel_swiglu,0.012032,512x1x1,512x1x1,14336x1x1x1
ffn_out-18,kernel_gemv_noshuffle,0.518912,2048x4x1,64x4x1,4096x1x1x1
l_out-18,kernel_add_row,0.003072,1024x0x0,64x0x0,4096x1x1x1
attn_norm-19,kernel_rms_norm_mul,0.005888,1024x1x1,1024x1x1,4096x1x1x1
Qcur-19,kernel_gemv_noshuffle,0.146944,2048x4x1,64x4x1,4096x1x1x1
Qcur-19,kernel_rope_norm_f32,0.003072,2048x1x1,64x1x1,128x32x1x1
Vcur-19,kernel_gemv_noshuffle,0.059904,512x4x1,64x4x1,1024x1x1x1
Kcur-19,kernel_gemv_noshuffle,0.059904,512x4x1,64x4x1,1024x1x1x1
Kcur-19,kernel_rope_norm_f32,0.002048,512x1x1,64x1x1,128x8x1x1
cache_k_l19 (view),kernel_set_rows_f16_i64,0.003072,1024x1x1,1024x1x1,1024x4096x1x1
cache_v_l19 (reshaped) (view),kernel_set_rows_f16_i64,0.006912,16x64x1,1x64x1,1x4194304x1x1
kq-19,kernel_mul_mat_f16_f32_l4,0.078080,16384x1x32,64x1x1,256x1x32x1
kq_soft_max-19,kernel_soft_max_4,0.003840,64x32x1,64x1x1,256x1x32x1
kqv-19,kernel_mul_mat_f16_f32_l4,0.040960,8192x1x32,64x1x1,128x1x32x1
kqv_out-19,kernel_cpy_f32_f32,0.002048,2048x1x1,64x1x1,4096x1x1x1
attn_out-19,kernel_gemv_noshuffle,0.146944,2048x4x1,64x4x1,4096x1x1x1
ffn_inp-19,kernel_add_row,0.001792,1024x0x0,64x0x0,4096x1x1x1
ffn_norm-19,kernel_rms_norm_mul,0.006144,1024x1x1,1024x1x1,4096x1x1x1
ffn_gate-19,kernel_gemv_noshuffle,0.537088,7168x4x1,64x4x1,14336x1x1x1
ffn_up-19,kernel_gemv_noshuffle,0.551168,7168x4x1,64x4x1,14336x1x1x1
ffn_swiglu-19,kernel_swiglu,0.012032,512x1x1,512x1x1,14336x1x1x1
ffn_out-19,kernel_gemv_noshuffle,0.515840,2048x4x1,64x4x1,4096x1x1x1
l_out-19,kernel_add_row,0.002048,1024x0x0,64x0x0,4096x1x1x1
attn_norm-20,kernel_rms_norm_mul,0.005888,1024x1x1,1024x1x1,4096x1x1x1
Qcur-20,kernel_gemv_noshuffle,0.152064,2048x4x1,64x4x1,4096x1x1x1
Qcur-20,kernel_rope_norm_f32,0.001792,2048x1x1,64x1x1,128x32x1x1
Vcur-20,kernel_gemv_noshuffle,0.061184,512x4x1,64x4x1,1024x1x1x1
Kcur-20,kernel_gemv_noshuffle,0.059136,512x4x1,64x4x1,1024x1x1x1
Kcur-20,kernel_rope_norm_f32,0.002048,512x1x1,64x1x1,128x8x1x1
cache_k_l20 (view),kernel_set_rows_f16_i64,0.002816,1024x1x1,1024x1x1,1024x4096x1x1
cache_v_l20 (reshaped) (view),kernel_set_rows_f16_i64,0.007168,16x64x1,1x64x1,1x4194304x1x1
kq-20,kernel_mul_mat_f16_f32_l4,0.077056,16384x1x32,64x1x1,256x1x32x1
kq_soft_max-20,kernel_soft_max_4,0.003840,64x32x1,64x1x1,256x1x32x1
kqv-20,kernel_mul_mat_f16_f32_l4,0.039936,8192x1x32,64x1x1,128x1x32x1
kqv_out-20,kernel_cpy_f32_f32,0.002048,2048x1x1,64x1x1,4096x1x1x1
attn_out-20,kernel_gemv_noshuffle,0.147968,2048x4x1,64x4x1,4096x1x1x1
ffn_inp-20,kernel_add_row,0.002048,1024x0x0,64x0x0,4096x1x1x1
ffn_norm-20,kernel_rms_norm_mul,0.005888,1024x1x1,1024x1x1,4096x1x1x1
ffn_gate-20,kernel_gemv_noshuffle,0.530944,7168x4x1,64x4x1,14336x1x1x1
ffn_up-20,kernel_gemv_noshuffle,0.556032,7168x4x1,64x4x1,14336x1x1x1
ffn_swiglu-20,kernel_swiglu,0.011008,512x1x1,512x1x1,14336x1x1x1
ffn_out-20,kernel_gemv_noshuffle,0.508928,2048x4x1,64x4x1,4096x1x1x1
l_out-20,kernel_add_row,0.002048,1024x0x0,64x0x0,4096x1x1x1
attn_norm-21,kernel_rms_norm_mul,0.005888,1024x1x1,1024x1x1,4096x1x1x1
Qcur-21,kernel_gemv_noshuffle,0.145152,2048x4x1,64x4x1,4096x1x1x1
Qcur-21,kernel_rope_norm_f32,0.002816,2048x1x1,64x1x1,128x32x1x1
Vcur-21,kernel_gemv_noshuffle,0.060160,512x4x1,64x4x1,1024x1x1x1
Kcur-21,kernel_gemv_noshuffle,0.059136,512x4x1,64x4x1,1024x1x1x1
Kcur-21,kernel_rope_norm_f32,0.001792,512x1x1,64x1x1,128x8x1x1
cache_k_l21 (view),kernel_set_rows_f16_i64,0.003072,1024x1x1,1024x1x1,1024x4096x1x1
cache_v_l21 (reshaped) (view),kernel_set_rows_f16_i64,0.007936,16x64x1,1x64x1,1x4194304x1x1
kq-21,kernel_mul_mat_f16_f32_l4,0.078080,16384x1x32,64x1x1,256x1x32x1
kq_soft_max-21,kernel_soft_max_4,0.004096,64x32x1,64x1x1,256x1x32x1
kqv-21,kernel_mul_mat_f16_f32_l4,0.040192,8192x1x32,64x1x1,128x1x32x1
kqv_out-21,kernel_cpy_f32_f32,0.001792,2048x1x1,64x1x1,4096x1x1x1
attn_out-21,kernel_gemv_noshuffle,0.145920,2048x4x1,64x4x1,4096x1x1x1
ffn_inp-21,kernel_add_row,0.002048,1024x0x0,64x0x0,4096x1x1x1
ffn_norm-21,kernel_rms_norm_mul,0.005888,1024x1x1,1024x1x1,4096x1x1x1
ffn_gate-21,kernel_gemv_noshuffle,0.553984,7168x4x1,64x4x1,14336x1x1x1
ffn_up-21,kernel_gemv_noshuffle,0.548096,7168x4x1,64x4x1,14336x1x1x1
ffn_swiglu-21,kernel_swiglu,0.011008,512x1x1,512x1x1,14336x1x1x1
ffn_out-21,kernel_gemv_noshuffle,0.512000,2048x4x1,64x4x1,4096x1x1x1
l_out-21,kernel_add_row,0.002048,1024x0x0,64x0x0,4096x1x1x1
attn_norm-22,kernel_rms_norm_mul,0.006144,1024x1x1,1024x1x1,4096x1x1x1
Qcur-22,kernel_gemv_noshuffle,0.148992,2048x4x1,64x4x1,4096x1x1x1
Qcur-22,kernel_rope_norm_f32,0.003072,2048x1x1,64x1x1,128x32x1x1
Vcur-22,kernel_gemv_noshuffle,0.060928,512x4x1,64x4x1,1024x1x1x1
Kcur-22,kernel_gemv_noshuffle,0.060160,512x4x1,64x4x1,1024x1x1x1
Kcur-22,kernel_rope_norm_f32,0.001792,512x1x1,64x1x1,128x8x1x1
cache_k_l22 (view),kernel_set_rows_f16_i64,0.003072,1024x1x1,1024x1x1,1024x4096x1x1
cache_v_l22 (reshaped) (view),kernel_set_rows_f16_i64,0.007936,16x64x1,1x64x1,1x4194304x1x1
kq-22,kernel_mul_mat_f16_f32_l4,0.077056,16384x1x32,64x1x1,256x1x32x1
kq_soft_max-22,kernel_soft_max_4,0.003840,64x32x1,64x1x1,256x1x32x1
kqv-22,kernel_mul_mat_f16_f32_l4,0.039936,8192x1x32,64x1x1,128x1x32x1
kqv_out-22,kernel_cpy_f32_f32,0.002048,2048x1x1,64x1x1,4096x1x1x1
attn_out-22,kernel_gemv_noshuffle,0.148992,2048x4x1,64x4x1,4096x1x1x1
ffn_inp-22,kernel_add_row,0.002048,1024x0x0,64x0x0,4096x1x1x1
ffn_norm-22,kernel_rms_norm_mul,0.005888,1024x1x1,1024x1x1,4096x1x1x1
ffn_gate-22,kernel_gemv_noshuffle,0.536064,7168x4x1,64x4x1,14336x1x1x1
ffn_up-22,kernel_gemv_noshuffle,0.549120,7168x4x1,64x4x1,14336x1x1x1
ffn_swiglu-22,kernel_swiglu,0.012032,512x1x1,512x1x1,14336x1x1x1
ffn_out-22,kernel_gemv_noshuffle,0.512000,2048x4x1,64x4x1,4096x1x1x1
l_out-22,kernel_add_row,0.001792,1024x0x0,64x0x0,4096x1x1x1
attn_norm-23,kernel_rms_norm_mul,0.006144,1024x1x1,1024x1x1,4096x1x1x1
Qcur-23,kernel_gemv_noshuffle,0.144896,2048x4x1,64x4x1,4096x1x1x1
Qcur-23,kernel_rope_norm_f32,0.003072,2048x1x1,64x1x1,128x32x1x1
Vcur-23,kernel_gemv_noshuffle,0.059904,512x4x1,64x4x1,1024x1x1x1
Kcur-23,kernel_gemv_noshuffle,0.058880,512x4x1,64x4x1,1024x1x1x1
Kcur-23,kernel_rope_norm_f32,0.002048,512x1x1,64x1x1,128x8x1x1
cache_k_l23 (view),kernel_set_rows_f16_i64,0.003072,1024x1x1,1024x1x1,1024x4096x1x1
cache_v_l23 (reshaped) (view),kernel_set_rows_f16_i64,0.007936,16x64x1,1x64x1,1x4194304x1x1
kq-23,kernel_mul_mat_f16_f32_l4,0.077824,16384x1x32,64x1x1,256x1x32x1
kq_soft_max-23,kernel_soft_max_4,0.004096,64x32x1,64x1x1,256x1x32x1
kqv-23,kernel_mul_mat_f16_f32_l4,0.039936,8192x1x32,64x1x1,128x1x32x1
kqv_out-23,kernel_cpy_f32_f32,0.002048,2048x1x1,64x1x1,4096x1x1x1
attn_out-23,kernel_gemv_noshuffle,0.145152,2048x4x1,64x4x1,4096x1x1x1
ffn_inp-23,kernel_add_row,0.001792,1024x0x0,64x0x0,4096x1x1x1
ffn_norm-23,kernel_rms_norm_mul,0.006144,1024x1x1,1024x1x1,4096x1x1x1
ffn_gate-23,kernel_gemv_noshuffle,0.560896,7168x4x1,64x4x1,14336x1x1x1
ffn_up-23,kernel_gemv_noshuffle,0.555008,7168x4x1,64x4x1,14336x1x1x1
ffn_swiglu-23,kernel_swiglu,0.012032,512x1x1,512x1x1,14336x1x1x1
ffn_out-23,kernel_gemv_noshuffle,0.518912,2048x4x1,64x4x1,4096x1x1x1
l_out-23,kernel_add_row,0.003072,1024x0x0,64x0x0,4096x1x1x1
attn_norm-24,kernel_rms_norm_mul,0.005888,1024x1x1,1024x1x1,4096x1x1x1
Qcur-24,kernel_gemv_noshuffle,0.148992,2048x4x1,64x4x1,4096x1x1x1
Qcur-24,kernel_rope_norm_f32,0.003072,2048x1x1,64x1x1,128x32x1x1
Vcur-24,kernel_gemv_noshuffle,0.060928,512x4x1,64x4x1,1024x1x1x1
Kcur-24,kernel_gemv_noshuffle,0.058880,512x4x1,64x4x1,1024x1x1x1
Kcur-24,kernel_rope_norm_f32,0.002048,512x1x1,64x1x1,128x8x1x1
cache_k_l24 (view),kernel_set_rows_f16_i64,0.003072,1024x1x1,1024x1x1,1024x4096x1x1
cache_v_l24 (reshaped) (view),kernel_set_rows_f16_i64,0.006912,16x64x1,1x64x1,1x4194304x1x1
kq-24,kernel_mul_mat_f16_f32_l4,0.077056,16384x1x32,64x1x1,256x1x32x1
kq_soft_max-24,kernel_soft_max_4,0.004096,64x32x1,64x1x1,256x1x32x1
kqv-24,kernel_mul_mat_f16_f32_l4,0.039936,8192x1x32,64x1x1,128x1x32x1
kqv_out-24,kernel_cpy_f32_f32,0.002048,2048x1x1,64x1x1,4096x1x1x1
attn_out-24,kernel_gemv_noshuffle,0.146176,2048x4x1,64x4x1,4096x1x1x1
ffn_inp-24,kernel_add_row,0.001792,1024x0x0,64x0x0,4096x1x1x1
ffn_norm-24,kernel_rms_norm_mul,0.006144,1024x1x1,1024x1x1,4096x1x1x1
ffn_gate-24,kernel_gemv_noshuffle,0.547840,7168x4x1,64x4x1,14336x1x1x1
ffn_up-24,kernel_gemv_noshuffle,0.556032,7168x4x1,64x4x1,14336x1x1x1
ffn_swiglu-24,kernel_swiglu,0.012032,512x1x1,512x1x1,14336x1x1x1
ffn_out-24,kernel_gemv_noshuffle,0.514048,2048x4x1,64x4x1,4096x1x1x1
l_out-24,kernel_add_row,0.001792,1024x0x0,64x0x0,4096x1x1x1
attn_norm-25,kernel_rms_norm_mul,0.006144,1024x1x1,1024x1x1,4096x1x1x1
Qcur-25,kernel_gemv_noshuffle,0.150784,2048x4x1,64x4x1,4096x1x1x1
Qcur-25,kernel_rope_norm_f32,0.003072,2048x1x1,64x1x1,128x32x1x1
Vcur-25,kernel_gemv_noshuffle,0.060928,512x4x1,64x4x1,1024x1x1x1
Kcur-25,kernel_gemv_noshuffle,0.059904,512x4x1,64x4x1,1024x1x1x1
Kcur-25,kernel_rope_norm_f32,0.002048,512x1x1,64x1x1,128x8x1x1
cache_k_l25 (view),kernel_set_rows_f16_i64,0.003072,1024x1x1,1024x1x1,1024x4096x1x1
cache_v_l25 (reshaped) (view),kernel_set_rows_f16_i64,0.008960,16x64x1,1x64x1,1x4194304x1x1
kq-25,kernel_mul_mat_f16_f32_l4,0.077824,16384x1x32,64x1x1,256x1x32x1
kq_soft_max-25,kernel_soft_max_4,0.004096,64x32x1,64x1x1,256x1x32x1
kqv-25,kernel_mul_mat_f16_f32_l4,0.039936,8192x1x32,64x1x1,128x1x32x1
kqv_out-25,kernel_cpy_f32_f32,0.002048,2048x1x1,64x1x1,4096x1x1x1
attn_out-25,kernel_gemv_noshuffle,0.144128,2048x4x1,64x4x1,4096x1x1x1
ffn_inp-25,kernel_add_row,0.002048,1024x0x0,64x0x0,4096x1x1x1
ffn_norm-25,kernel_rms_norm_mul,0.006144,1024x1x1,1024x1x1,4096x1x1x1
ffn_gate-25,kernel_gemv_noshuffle,0.535040,7168x4x1,64x4x1,14336x1x1x1
ffn_up-25,kernel_gemv_noshuffle,0.548864,7168x4x1,64x4x1,14336x1x1x1
ffn_swiglu-25,kernel_swiglu,0.012032,512x1x1,512x1x1,14336x1x1x1
ffn_out-25,kernel_gemv_noshuffle,0.513024,2048x4x1,64x4x1,4096x1x1x1
l_out-25,kernel_add_row,0.001792,1024x0x0,64x0x0,4096x1x1x1
attn_norm-26,kernel_rms_norm_mul,0.005888,1024x1x1,1024x1x1,4096x1x1x1
Qcur-26,kernel_gemv_noshuffle,0.147200,2048x4x1,64x4x1,4096x1x1x1
Qcur-26,kernel_rope_norm_f32,0.002048,2048x1x1,64x1x1,128x32x1x1
Vcur-26,kernel_gemv_noshuffle,0.060928,512x4x1,64x4x1,1024x1x1x1
Kcur-26,kernel_gemv_noshuffle,0.060160,512x4x1,64x4x1,1024x1x1x1
Kcur-26,kernel_rope_norm_f32,0.001792,512x1x1,64x1x1,128x8x1x1
cache_k_l26 (view),kernel_set_rows_f16_i64,0.003072,1024x1x1,1024x1x1,1024x4096x1x1
cache_v_l26 (reshaped) (view),kernel_set_rows_f16_i64,0.007936,16x64x1,1x64x1,1x4194304x1x1
kq-26,kernel_mul_mat_f16_f32_l4,0.077056,16384x1x32,64x1x1,256x1x32x1
kq_soft_max-26,kernel_soft_max_4,0.004864,64x32x1,64x1x1,256x1x32x1
kqv-26,kernel_mul_mat_f16_f32_l4,0.040960,8192x1x32,64x1x1,128x1x32x1
kqv_out-26,kernel_cpy_f32_f32,0.002048,2048x1x1,64x1x1,4096x1x1x1
attn_out-26,kernel_gemv_noshuffle,0.148992,2048x4x1,64x4x1,4096x1x1x1
ffn_inp-26,kernel_add_row,0.002048,1024x0x0,64x0x0,4096x1x1x1
ffn_norm-26,kernel_rms_norm_mul,0.005888,1024x1x1,1024x1x1,4096x1x1x1
ffn_gate-26,kernel_gemv_noshuffle,0.546048,7168x4x1,64x4x1,14336x1x1x1
ffn_up-26,kernel_gemv_noshuffle,0.558080,7168x4x1,64x4x1,14336x1x1x1
ffn_swiglu-26,kernel_swiglu,0.012032,512x1x1,512x1x1,14336x1x1x1
ffn_out-26,kernel_gemv_noshuffle,0.517888,2048x4x1,64x4x1,4096x1x1x1
l_out-26,kernel_add_row,0.002048,1024x0x0,64x0x0,4096x1x1x1
attn_norm-27,kernel_rms_norm_mul,0.005888,1024x1x1,1024x1x1,4096x1x1x1
Qcur-27,kernel_gemv_noshuffle,0.148224,2048x4x1,64x4x1,4096x1x1x1
Qcur-27,kernel_rope_norm_f32,0.002048,2048x1x1,64x1x1,128x32x1x1
Vcur-27,kernel_gemv_noshuffle,0.060160,512x4x1,64x4x1,1024x1x1x1
Kcur-27,kernel_gemv_noshuffle,0.060160,512x4x1,64x4x1,1024x1x1x1
Kcur-27,kernel_rope_norm_f32,0.002048,512x1x1,64x1x1,128x8x1x1
cache_k_l27 (view),kernel_set_rows_f16_i64,0.003072,1024x1x1,1024x1x1,1024x4096x1x1
cache_v_l27 (reshaped) (view),kernel_set_rows_f16_i64,0.006912,16x64x1,1x64x1,1x4194304x1x1
kq-27,kernel_mul_mat_f16_f32_l4,0.078080,16384x1x32,64x1x1,256x1x32x1
kq_soft_max-27,kernel_soft_max_4,0.003840,64x32x1,64x1x1,256x1x32x1
kqv-27,kernel_mul_mat_f16_f32_l4,0.040192,8192x1x32,64x1x1,128x1x32x1
kqv_out-27,kernel_cpy_f32_f32,0.002048,2048x1x1,64x1x1,4096x1x1x1
attn_out-27,kernel_gemv_noshuffle,0.147968,2048x4x1,64x4x1,4096x1x1x1
ffn_inp-27,kernel_add_row,0.001792,1024x0x0,64x0x0,4096x1x1x1
ffn_norm-27,kernel_rms_norm_mul,0.006144,1024x1x1,1024x1x1,4096x1x1x1
ffn_gate-27,kernel_gemv_noshuffle,0.553984,7168x4x1,64x4x1,14336x1x1x1
ffn_up-27,kernel_gemv_noshuffle,0.544000,7168x4x1,64x4x1,14336x1x1x1
ffn_swiglu-27,kernel_swiglu,0.011008,512x1x1,512x1x1,14336x1x1x1
ffn_out-27,kernel_gemv_noshuffle,0.515840,2048x4x1,64x4x1,4096x1x1x1
l_out-27,kernel_add_row,0.002048,1024x0x0,64x0x0,4096x1x1x1
attn_norm-28,kernel_rms_norm_mul,0.005888,1024x1x1,1024x1x1,4096x1x1x1
Qcur-28,kernel_gemv_noshuffle,0.153088,2048x4x1,64x4x1,4096x1x1x1
Qcur-28,kernel_rope_norm_f32,0.002816,2048x1x1,64x1x1,128x32x1x1
Vcur-28,kernel_gemv_noshuffle,0.061952,512x4x1,64x4x1,1024x1x1x1
Kcur-28,kernel_gemv_noshuffle,0.061184,512x4x1,64x4x1,1024x1x1x1
Kcur-28,kernel_rope_norm_f32,0.002816,512x1x1,64x1x1,128x8x1x1
cache_k_l28 (view),kernel_set_rows_f16_i64,0.003072,1024x1x1,1024x1x1,1024x4096x1x1
cache_v_l28 (reshaped) (view),kernel_set_rows_f16_i64,0.006912,16x64x1,1x64x1,1x4194304x1x1
kq-28,kernel_mul_mat_f16_f32_l4,0.077824,16384x1x32,64x1x1,256x1x32x1
kq_soft_max-28,kernel_soft_max_4,0.004096,64x32x1,64x1x1,256x1x32x1
kqv-28,kernel_mul_mat_f16_f32_l4,0.039936,8192x1x32,64x1x1,128x1x32x1
kqv_out-28,kernel_cpy_f32_f32,0.002048,2048x1x1,64x1x1,4096x1x1x1
attn_out-28,kernel_gemv_noshuffle,0.155904,2048x4x1,64x4x1,4096x1x1x1
ffn_inp-28,kernel_add_row,0.002048,1024x0x0,64x0x0,4096x1x1x1
ffn_norm-28,kernel_rms_norm_mul,0.005888,1024x1x1,1024x1x1,4096x1x1x1
ffn_gate-28,kernel_gemv_noshuffle,0.545024,7168x4x1,64x4x1,14336x1x1x1
ffn_up-28,kernel_gemv_noshuffle,0.539904,7168x4x1,64x4x1,14336x1x1x1
ffn_swiglu-28,kernel_swiglu,0.011008,512x1x1,512x1x1,14336x1x1x1
ffn_out-28,kernel_gemv_noshuffle,0.525056,2048x4x1,64x4x1,4096x1x1x1
l_out-28,kernel_add_row,0.002048,1024x0x0,64x0x0,4096x1x1x1
attn_norm-29,kernel_rms_norm_mul,0.006144,1024x1x1,1024x1x1,4096x1x1x1
Qcur-29,kernel_gemv_noshuffle,0.152832,2048x4x1,64x4x1,4096x1x1x1
Qcur-29,kernel_rope_norm_f32,0.003072,2048x1x1,64x1x1,128x32x1x1
Vcur-29,kernel_gemv_noshuffle,0.060928,512x4x1,64x4x1,1024x1x1x1
Kcur-29,kernel_gemv_noshuffle,0.059904,512x4x1,64x4x1,1024x1x1x1
Kcur-29,kernel_rope_norm_f32,0.002048,512x1x1,64x1x1,128x8x1x1
cache_k_l29 (view),kernel_set_rows_f16_i64,0.002816,1024x1x1,1024x1x1,1024x4096x1x1
cache_v_l29 (reshaped) (view),kernel_set_rows_f16_i64,0.007168,16x64x1,1x64x1,1x4194304x1x1
kq-29,kernel_mul_mat_f16_f32_l4,0.078848,16384x1x32,64x1x1,256x1x32x1
kq_soft_max-29,kernel_soft_max_4,0.004096,64x32x1,64x1x1,256x1x32x1
kqv-29,kernel_mul_mat_f16_f32_l4,0.039936,8192x1x32,64x1x1,128x1x32x1
kqv_out-29,kernel_cpy_f32_f32,0.002048,2048x1x1,64x1x1,4096x1x1x1
attn_out-29,kernel_gemv_noshuffle,0.160000,2048x4x1,64x4x1,4096x1x1x1
ffn_inp-29,kernel_add_row,0.002048,1024x0x0,64x0x0,4096x1x1x1
ffn_norm-29,kernel_rms_norm_mul,0.005888,1024x1x1,1024x1x1,4096x1x1x1
ffn_gate-29,kernel_gemv_noshuffle,0.555008,7168x4x1,64x4x1,14336x1x1x1
ffn_up-29,kernel_gemv_noshuffle,0.559104,7168x4x1,64x4x1,14336x1x1x1
ffn_swiglu-29,kernel_swiglu,0.012032,512x1x1,512x1x1,14336x1x1x1
ffn_out-29,kernel_gemv_noshuffle,0.521984,2048x4x1,64x4x1,4096x1x1x1
l_out-29,kernel_add_row,0.001792,1024x0x0,64x0x0,4096x1x1x1
attn_norm-30,kernel_rms_norm_mul,0.005888,1024x1x1,1024x1x1,4096x1x1x1
Qcur-30,kernel_gemv_noshuffle,0.151040,2048x4x1,64x4x1,4096x1x1x1
Qcur-30,kernel_rope_norm_f32,0.003072,2048x1x1,64x1x1,128x32x1x1
Vcur-30,kernel_gemv_noshuffle,0.061952,512x4x1,64x4x1,1024x1x1x1
Kcur-30,kernel_gemv_noshuffle,0.060928,512x4x1,64x4x1,1024x1x1x1
Kcur-30,kernel_rope_norm_f32,0.002048,512x1x1,64x1x1,128x8x1x1
cache_k_l30 (view),kernel_set_rows_f16_i64,0.003072,1024x1x1,1024x1x1,1024x4096x1x1
cache_v_l30 (reshaped) (view),kernel_set_rows_f16_i64,0.007168,16x64x1,1x64x1,1x4194304x1x1
kq-30,kernel_mul_mat_f16_f32_l4,0.078080,16384x1x32,64x1x1,256x1x32x1
kq_soft_max-30,kernel_soft_max_4,0.004096,64x32x1,64x1x1,256x1x32x1
kqv-30,kernel_mul_mat_f16_f32_l4,0.039936,8192x1x32,64x1x1,128x1x32x1
kqv_out-30,kernel_cpy_f32_f32,0.002048,2048x1x1,64x1x1,4096x1x1x1
attn_out-30,kernel_gemv_noshuffle,0.148992,2048x4x1,64x4x1,4096x1x1x1
ffn_inp-30,kernel_add_row,0.002048,1024x0x0,64x0x0,4096x1x1x1
ffn_norm-30,kernel_rms_norm_mul,0.005888,1024x1x1,1024x1x1,4096x1x1x1
ffn_gate-30,kernel_gemv_noshuffle,0.547072,7168x4x1,64x4x1,14336x1x1x1
ffn_up-30,kernel_gemv_noshuffle,0.537856,7168x4x1,64x4x1,14336x1x1x1
ffn_swiglu-30,kernel_swiglu,0.011008,512x1x1,512x1x1,14336x1x1x1
ffn_out-30,kernel_gemv_noshuffle,0.510976,2048x4x1,64x4x1,4096x1x1x1
l_out-30,kernel_add_row,0.002048,1024x0x0,64x0x0,4096x1x1x1
attn_norm-31,kernel_rms_norm_mul,0.005888,1024x1x1,1024x1x1,4096x1x1x1
Qcur-31,kernel_gemv_noshuffle,0.147968,2048x4x1,64x4x1,4096x1x1x1
Qcur-31,kernel_rope_norm_f32,0.003072,2048x1x1,64x1x1,128x32x1x1
Vcur-31,kernel_gemv_noshuffle,0.060928,512x4x1,64x4x1,1024x1x1x1
Kcur-31,kernel_gemv_noshuffle,0.060928,512x4x1,64x4x1,1024x1x1x1
Kcur-31,kernel_rope_norm_f32,0.002048,512x1x1,64x1x1,128x8x1x1
cache_k_l31 (view),kernel_set_rows_f16_i64,0.002816,1024x1x1,1024x1x1,1024x4096x1x1
cache_v_l31 (reshaped) (view),kernel_set_rows_f16_i64,0.008192,16x64x1,1x64x1,1x4194304x1x1
kq-31,kernel_mul_mat_f16_f32_l4,0.077824,16384x1x32,64x1x1,256x1x32x1
kq_soft_max-31,kernel_soft_max_4,0.004096,64x32x1,64x1x1,256x1x32x1
kqv-31,kernel_mul_mat_f16_f32_l4,0.039936,8192x1x32,64x1x1,128x1x32x1
kqv_out-31,kernel_cpy_f32_f32,0.002048,2048x1x1,64x1x1,4096x1x1x1
attn_out-31,kernel_gemv_noshuffle,0.150016,2048x4x1,64x4x1,4096x1x1x1
node_1145,kernel_get_rows_f32,0.017920,64x1x1,64x1x1,4096x1x1x1
node_1146,kernel_get_rows_f32,0.018176,64x1x1,64x1x1,4096x1x1x1
ffn_inp-31,kernel_add_row,0.001792,1024x0x0,64x0x0,4096x1x1x1
ffn_norm-31,kernel_rms_norm_mul,0.006144,1024x1x1,1024x1x1,4096x1x1x1
ffn_gate-31,kernel_gemv_noshuffle,0.549888,7168x4x1,64x4x1,14336x1x1x1
ffn_up-31,kernel_gemv_noshuffle,0.544000,7168x4x1,64x4x1,14336x1x1x1
ffn_swiglu-31,kernel_swiglu,0.011008,512x1x1,512x1x1,14336x1x1x1
ffn_out-31,kernel_gemv_noshuffle,0.524032,2048x4x1,64x4x1,4096x1x1x1
l_out-31,kernel_add_row,0.002048,1024x0x0,64x0x0,4096x1x1x1
result_norm,kernel_rms_norm_mul,0.005888,1024x1x1,1024x1x1,4096x1x1x1
result_output,kernel_transpose_32_16,0.006144,4096x2x0,16x1x0,128256x1x1x1
result_output,kernel_mul_mat_Ab_Bi_8x4,5.713920,1x32064x4,1x32x4,128256x1x1x1
attn_norm-0,kernel_rms_norm_mul,0.008960,1024x1x1,1024x1x1,4096x1x1x1
Qcur-0,kernel_gemv_noshuffle,0.160000,2048x4x1,64x4x1,4096x1x1x1
Qcur-0,kernel_rope_norm_f32,0.003072,2048x1x1,64x1x1,128x32x1x1
Vcur-0,kernel_gemv_noshuffle,0.060928,512x4x1,64x4x1,1024x1x1x1
Kcur-0,kernel_gemv_noshuffle,0.060928,512x4x1,64x4x1,1024x1x1x1
Kcur-0,kernel_rope_norm_f32,0.002048,512x1x1,64x1x1,128x8x1x1
cache_k_l0 (view),kernel_set_rows_f16_i64,0.003072,1024x1x1,1024x1x1,1024x4096x1x1
cache_v_l0 (reshaped) (view),kernel_set_rows_f16_i64,0.007936,16x64x1,1x64x1,1x4194304x1x1
kq-0,kernel_mul_mat_f16_f32_l4,0.077056,16384x1x32,64x1x1,256x1x32x1
kq_soft_max-0,kernel_soft_max_4,0.004096,64x32x1,64x1x1,256x1x32x1
kqv-0,kernel_mul_mat_f16_f32_l4,0.039936,8192x1x32,64x1x1,128x1x32x1
kqv_out-0,kernel_cpy_f32_f32,0.002048,2048x1x1,64x1x1,4096x1x1x1
attn_out-0,kernel_gemv_noshuffle,0.154112,2048x4x1,64x4x1,4096x1x1x1
ffn_inp-0,kernel_add_row,0.002048,1024x0x0,64x0x0,4096x1x1x1
ffn_norm-0,kernel_rms_norm_mul,0.005888,1024x1x1,1024x1x1,4096x1x1x1
ffn_gate-0,kernel_gemv_noshuffle,0.571904,7168x4x1,64x4x1,14336x1x1x1
ffn_up-0,kernel_gemv_noshuffle,0.549888,7168x4x1,64x4x1,14336x1x1x1
ffn_swiglu-0,kernel_swiglu,0.011008,512x1x1,512x1x1,14336x1x1x1
ffn_out-0,kernel_gemv_noshuffle,0.520960,2048x4x1,64x4x1,4096x1x1x1
l_out-0,kernel_add_row,0.002048,1024x0x0,64x0x0,4096x1x1x1
attn_norm-1,kernel_rms_norm_mul,0.006144,1024x1x1,1024x1x1,4096x1x1x1
Qcur-1,kernel_gemv_noshuffle,0.151040,2048x4x1,64x4x1,4096x1x1x1
Qcur-1,kernel_rope_norm_f32,0.003072,2048x1x1,64x1x1,128x32x1x1
Vcur-1,kernel_gemv_noshuffle,0.061952,512x4x1,64x4x1,1024x1x1x1
Kcur-1,kernel_gemv_noshuffle,0.060928,512x4x1,64x4x1,1024x1x1x1
Kcur-1,kernel_rope_norm_f32,0.002048,512x1x1,64x1x1,128x8x1x1
cache_k_l1 (view),kernel_set_rows_f16_i64,0.002816,1024x1x1,1024x1x1,1024x4096x1x1
cache_v_l1 (reshaped) (view),kernel_set_rows_f16_i64,0.008192,16x64x1,1x64x1,1x4194304x1x1
kq-1,kernel_mul_mat_f16_f32_l4,0.076800,16384x1x32,64x1x1,256x1x32x1
kq_soft_max-1,kernel_soft_max_4,0.004096,64x32x1,64x1x1,256x1x32x1
kqv-1,kernel_mul_mat_f16_f32_l4,0.040960,8192x1x32,64x1x1,128x1x32x1
kqv_out-1,kernel_cpy_f32_f32,0.002048,2048x1x1,64x1x1,4096x1x1x1
attn_out-1,kernel_gemv_noshuffle,0.152064,2048x4x1,64x4x1,4096x1x1x1
ffn_inp-1,kernel_add_row,0.002048,1024x0x0,64x0x0,4096x1x1x1
ffn_norm-1,kernel_rms_norm_mul,0.005888,1024x1x1,1024x1x1,4096x1x1x1
ffn_gate-1,kernel_gemv_noshuffle,0.546048,7168x4x1,64x4x1,14336x1x1x1
ffn_up-1,kernel_gemv_noshuffle,0.544000,7168x4x1,64x4x1,14336x1x1x1
ffn_swiglu-1,kernel_swiglu,0.012032,512x1x1,512x1x1,14336x1x1x1
ffn_out-1,kernel_gemv_noshuffle,0.551936,2048x4x1,64x4x1,4096x1x1x1
l_out-1,kernel_add_row,0.001792,1024x0x0,64x0x0,4096x1x1x1
attn_norm-2,kernel_rms_norm_mul,0.005888,1024x1x1,1024x1x1,4096x1x1x1
Qcur-2,kernel_gemv_noshuffle,0.165120,2048x4x1,64x4x1,4096x1x1x1
Qcur-2,kernel_rope_norm_f32,0.002816,2048x1x1,64x1x1,128x32x1x1
Vcur-2,kernel_gemv_noshuffle,0.064000,512x4x1,64x4x1,1024x1x1x1
Kcur-2,kernel_gemv_noshuffle,0.060160,512x4x1,64x4x1,1024x1x1x1
Kcur-2,kernel_rope_norm_f32,0.002048,512x1x1,64x1x1,128x8x1x1
cache_k_l2 (view),kernel_set_rows_f16_i64,0.003072,1024x1x1,1024x1x1,1024x4096x1x1
cache_v_l2 (reshaped) (view),kernel_set_rows_f16_i64,0.007936,16x64x1,1x64x1,1x4194304x1x1
kq-2,kernel_mul_mat_f16_f32_l4,0.078080,16384x1x32,64x1x1,256x1x32x1
kq_soft_max-2,kernel_soft_max_4,0.003840,64x32x1,64x1x1,256x1x32x1
kqv-2,kernel_mul_mat_f16_f32_l4,0.039936,8192x1x32,64x1x1,128x1x32x1
kqv_out-2,kernel_cpy_f32_f32,0.002048,2048x1x1,64x1x1,4096x1x1x1
attn_out-2,kernel_gemv_noshuffle,0.152064,2048x4x1,64x4x1,4096x1x1x1
ffn_inp-2,kernel_add_row,0.002048,1024x0x0,64x0x0,4096x1x1x1
ffn_norm-2,kernel_rms_norm_mul,0.005888,1024x1x1,1024x1x1,4096x1x1x1
ffn_gate-2,kernel_gemv_noshuffle,0.548864,7168x4x1,64x4x1,14336x1x1x1
ffn_up-2,kernel_gemv_noshuffle,0.544000,7168x4x1,64x4x1,14336x1x1x1
ffn_swiglu-2,kernel_swiglu,0.011008,512x1x1,512x1x1,14336x1x1x1
ffn_out-2,kernel_gemv_noshuffle,0.526848,2048x4x1,64x4x1,4096x1x1x1
l_out-2,kernel_add_row,0.002048,1024x0x0,64x0x0,4096x1x1x1
attn_norm-3,kernel_rms_norm_mul,0.006144,1024x1x1,1024x1x1,4096x1x1x1
Qcur-3,kernel_gemv_noshuffle,0.148992,2048x4x1,64x4x1,4096x1x1x1
Qcur-3,kernel_rope_norm_f32,0.003072,2048x1x1,64x1x1,128x32x1x1
Vcur-3,kernel_gemv_noshuffle,0.060928,512x4x1,64x4x1,1024x1x1x1
Kcur-3,kernel_gemv_noshuffle,0.060928,512x4x1,64x4x1,1024x1x1x1
Kcur-3,kernel_rope_norm_f32,0.002048,512x1x1,64x1x1,128x8x1x1
cache_k_l3 (view),kernel_set_rows_f16_i64,0.003072,1024x1x1,1024x1x1,1024x4096x1x1
cache_v_l3 (reshaped) (view),kernel_set_rows_f16_i64,0.006912,16x64x1,1x64x1,1x4194304x1x1
kq-3,kernel_mul_mat_f16_f32_l4,0.078080,16384x1x32,64x1x1,256x1x32x1
kq_soft_max-3,kernel_soft_max_4,0.004096,64x32x1,64x1x1,256x1x32x1
kqv-3,kernel_mul_mat_f16_f32_l4,0.040960,8192x1x32,64x1x1,128x1x32x1
kqv_out-3,kernel_cpy_f32_f32,0.002048,2048x1x1,64x1x1,4096x1x1x1
attn_out-3,kernel_gemv_noshuffle,0.152064,2048x4x1,64x4x1,4096x1x1x1
ffn_inp-3,kernel_add_row,0.002048,1024x0x0,64x0x0,4096x1x1x1
ffn_norm-3,kernel_rms_norm_mul,0.005888,1024x1x1,1024x1x1,4096x1x1x1
ffn_gate-3,kernel_gemv_noshuffle,0.563968,7168x4x1,64x4x1,14336x1x1x1
ffn_up-3,kernel_gemv_noshuffle,0.547072,7168x4x1,64x4x1,14336x1x1x1
ffn_swiglu-3,kernel_swiglu,0.011008,512x1x1,512x1x1,14336x1x1x1
ffn_out-3,kernel_gemv_noshuffle,0.524032,2048x4x1,64x4x1,4096x1x1x1
l_out-3,kernel_add_row,0.001792,1024x0x0,64x0x0,4096x1x1x1
attn_norm-4,kernel_rms_norm_mul,0.005888,1024x1x1,1024x1x1,4096x1x1x1
Qcur-4,kernel_gemv_noshuffle,0.152064,2048x4x1,64x4x1,4096x1x1x1
Qcur-4,kernel_rope_norm_f32,0.002048,2048x1x1,64x1x1,128x32x1x1
Vcur-4,kernel_gemv_noshuffle,0.061952,512x4x1,64x4x1,1024x1x1x1
Kcur-4,kernel_gemv_noshuffle,0.060928,512x4x1,64x4x1,1024x1x1x1
Kcur-4,kernel_rope_norm_f32,0.003072,512x1x1,64x1x1,128x8x1x1
cache_k_l4 (view),kernel_set_rows_f16_i64,0.002816,1024x1x1,1024x1x1,1024x4096x1x1
cache_v_l4 (reshaped) (view),kernel_set_rows_f16_i64,0.008192,16x64x1,1x64x1,1x4194304x1x1
kq-4,kernel_mul_mat_f16_f32_l4,0.078080,16384x1x32,64x1x1,256x1x32x1
kq_soft_max-4,kernel_soft_max_4,0.003840,64x32x1,64x1x1,256x1x32x1
kqv-4,kernel_mul_mat_f16_f32_l4,0.040192,8192x1x32,64x1x1,128x1x32x1
kqv_out-4,kernel_cpy_f32_f32,0.001792,2048x1x1,64x1x1,4096x1x1x1
attn_out-4,kernel_gemv_noshuffle,0.152064,2048x4x1,64x4x1,4096x1x1x1
ffn_inp-4,kernel_add_row,0.002048,1024x0x0,64x0x0,4096x1x1x1
ffn_norm-4,kernel_rms_norm_mul,0.005888,1024x1x1,1024x1x1,4096x1x1x1
ffn_gate-4,kernel_gemv_noshuffle,0.555008,7168x4x1,64x4x1,14336x1x1x1
ffn_up-4,kernel_gemv_noshuffle,0.542976,7168x4x1,64x4x1,14336x1x1x1
ffn_swiglu-4,kernel_swiglu,0.011008,512x1x1,512x1x1,14336x1x1x1
ffn_out-4,kernel_gemv_noshuffle,0.528128,2048x4x1,64x4x1,4096x1x1x1
l_out-4,kernel_add_row,0.002048,1024x0x0,64x0x0,4096x1x1x1
attn_norm-5,kernel_rms_norm_mul,0.005888,1024x1x1,1024x1x1,4096x1x1x1
Qcur-5,kernel_gemv_noshuffle,0.154112,2048x4x1,64x4x1,4096x1x1x1
Qcur-5,kernel_rope_norm_f32,0.002816,2048x1x1,64x1x1,128x32x1x1
Vcur-5,kernel_gemv_noshuffle,0.061184,512x4x1,64x4x1,1024x1x1x1
Kcur-5,kernel_gemv_noshuffle,0.061952,512x4x1,64x4x1,1024x1x1x1
Kcur-5,kernel_rope_norm_f32,0.002048,512x1x1,64x1x1,128x8x1x1
cache_k_l5 (view),kernel_set_rows_f16_i64,0.003072,1024x1x1,1024x1x1,1024x4096x1x1
cache_v_l5 (reshaped) (view),kernel_set_rows_f16_i64,0.006912,16x64x1,1x64x1,1x4194304x1x1
kq-5,kernel_mul_mat_f16_f32_l4,0.078080,16384x1x32,64x1x1,256x1x32x1
kq_soft_max-5,kernel_soft_max_4,0.003840,64x32x1,64x1x1,256x1x32x1
kqv-5,kernel_mul_mat_f16_f32_l4,0.039936,8192x1x32,64x1x1,128x1x32x1
kqv_out-5,kernel_cpy_f32_f32,0.002048,2048x1x1,64x1x1,4096x1x1x1
attn_out-5,kernel_gemv_noshuffle,0.151808,2048x4x1,64x4x1,4096x1x1x1
ffn_inp-5,kernel_add_row,0.002048,1024x0x0,64x0x0,4096x1x1x1
ffn_norm-5,kernel_rms_norm_mul,0.006144,1024x1x1,1024x1x1,4096x1x1x1
ffn_gate-5,kernel_gemv_noshuffle,0.571904,7168x4x1,64x4x1,14336x1x1x1
ffn_up-5,kernel_gemv_noshuffle,0.557056,7168x4x1,64x4x1,14336x1x1x1
ffn_swiglu-5,kernel_swiglu,0.011776,512x1x1,512x1x1,14336x1x1x1
ffn_out-5,kernel_gemv_noshuffle,0.525056,2048x4x1,64x4x1,4096x1x1x1
l_out-5,kernel_add_row,0.002048,1024x0x0,64x0x0,4096x1x1x1
attn_norm-6,kernel_rms_norm_mul,0.006144,1024x1x1,1024x1x1,4096x1x1x1
Qcur-6,kernel_gemv_noshuffle,0.151040,2048x4x1,64x4x1,4096x1x1x1
Qcur-6,kernel_rope_norm_f32,0.001792,2048x1x1,64x1x1,128x32x1x1
Vcur-6,kernel_gemv_noshuffle,0.061952,512x4x1,64x4x1,1024x1x1x1
Kcur-6,kernel_gemv_noshuffle,0.060160,512x4x1,64x4x1,1024x1x1x1
Kcur-6,kernel_rope_norm_f32,0.002048,512x1x1,64x1x1,128x8x1x1
cache_k_l6 (view),kernel_set_rows_f16_i64,0.003072,1024x1x1,1024x1x1,1024x4096x1x1
cache_v_l6 (reshaped) (view),kernel_set_rows_f16_i64,0.007936,16x64x1,1x64x1,1x4194304x1x1
kq-6,kernel_mul_mat_f16_f32_l4,0.077824,16384x1x32,64x1x1,256x1x32x1
kq_soft_max-6,kernel_soft_max_4,0.004096,64x32x1,64x1x1,256x1x32x1
kqv-6,kernel_mul_mat_f16_f32_l4,0.039936,8192x1x32,64x1x1,128x1x32x1
kqv_out-6,kernel_cpy_f32_f32,0.002048,2048x1x1,64x1x1,4096x1x1x1
attn_out-6,kernel_gemv_noshuffle,0.153088,2048x4x1,64x4x1,4096x1x1x1
ffn_inp-6,kernel_add_row,0.002048,1024x0x0,64x0x0,4096x1x1x1
ffn_norm-6,kernel_rms_norm_mul,0.006144,1024x1x1,1024x1x1,4096x1x1x1
ffn_gate-6,kernel_gemv_noshuffle,0.542976,7168x4x1,64x4x1,14336x1x1x1
ffn_up-6,kernel_gemv_noshuffle,0.542208,7168x4x1,64x4x1,14336x1x1x1
ffn_swiglu-6,kernel_swiglu,0.011008,512x1x1,512x1x1,14336x1x1x1
ffn_out-6,kernel_gemv_noshuffle,0.524032,2048x4x1,64x4x1,4096x1x1x1
l_out-6,kernel_add_row,0.002048,1024x0x0,64x0x0,4096x1x1x1
attn_norm-7,kernel_rms_norm_mul,0.005888,1024x1x1,1024x1x1,4096x1x1x1
Qcur-7,kernel_gemv_noshuffle,0.153088,2048x4x1,64x4x1,4096x1x1x1
Qcur-7,kernel_rope_norm_f32,0.003072,2048x1x1,64x1x1,128x32x1x1
Vcur-7,kernel_gemv_noshuffle,0.061952,512x4x1,64x4x1,1024x1x1x1
Kcur-7,kernel_gemv_noshuffle,0.062208,512x4x1,64x4x1,1024x1x1x1
Kcur-7,kernel_rope_norm_f32,0.002048,512x1x1,64x1x1,128x8x1x1
cache_k_l7 (view),kernel_set_rows_f16_i64,0.003072,1024x1x1,1024x1x1,1024x4096x1x1
cache_v_l7 (reshaped) (view),kernel_set_rows_f16_i64,0.006912,16x64x1,1x64x1,1x4194304x1x1
kq-7,kernel_mul_mat_f16_f32_l4,0.078080,16384x1x32,64x1x1,256x1x32x1
kq_soft_max-7,kernel_soft_max_4,0.003840,64x32x1,64x1x1,256x1x32x1
kqv-7,kernel_mul_mat_f16_f32_l4,0.040192,8192x1x32,64x1x1,128x1x32x1
kqv_out-7,kernel_cpy_f32_f32,0.002048,2048x1x1,64x1x1,4096x1x1x1
attn_out-7,kernel_gemv_noshuffle,0.151808,2048x4x1,64x4x1,4096x1x1x1
ffn_inp-7,kernel_add_row,0.002048,1024x0x0,64x0x0,4096x1x1x1
ffn_norm-7,kernel_rms_norm_mul,0.006144,1024x1x1,1024x1x1,4096x1x1x1
ffn_gate-7,kernel_gemv_noshuffle,0.542976,7168x4x1,64x4x1,14336x1x1x1
ffn_up-7,kernel_gemv_noshuffle,0.561920,7168x4x1,64x4x1,14336x1x1x1
ffn_swiglu-7,kernel_swiglu,0.012032,512x1x1,512x1x1,14336x1x1x1
ffn_out-7,kernel_gemv_noshuffle,0.526848,2048x4x1,64x4x1,4096x1x1x1
l_out-7,kernel_add_row,0.002048,1024x0x0,64x0x0,4096x1x1x1
attn_norm-8,kernel_rms_norm_mul,0.006912,1024x1x1,1024x1x1,4096x1x1x1
Qcur-8,kernel_gemv_noshuffle,0.155904,2048x4x1,64x4x1,4096x1x1x1
Qcur-8,kernel_rope_norm_f32,0.003072,2048x1x1,64x1x1,128x32x1x1
Vcur-8,kernel_gemv_noshuffle,0.061952,512x4x1,64x4x1,1024x1x1x1
Kcur-8,kernel_gemv_noshuffle,0.060928,512x4x1,64x4x1,1024x1x1x1
Kcur-8,kernel_rope_norm_f32,0.002048,512x1x1,64x1x1,128x8x1x1
cache_k_l8 (view),kernel_set_rows_f16_i64,0.003072,1024x1x1,1024x1x1,1024x4096x1x1
cache_v_l8 (reshaped) (view),kernel_set_rows_f16_i64,0.007936,16x64x1,1x64x1,1x4194304x1x1
kq-8,kernel_mul_mat_f16_f32_l4,0.078080,16384x1x32,64x1x1,256x1x32x1
kq_soft_max-8,kernel_soft_max_4,0.004096,64x32x1,64x1x1,256x1x32x1
kqv-8,kernel_mul_mat_f16_f32_l4,0.039936,8192x1x32,64x1x1,128x1x32x1
kqv_out-8,kernel_cpy_f32_f32,0.002048,2048x1x1,64x1x1,4096x1x1x1
attn_out-8,kernel_gemv_noshuffle,0.151808,2048x4x1,64x4x1,4096x1x1x1
ffn_inp-8,kernel_add_row,0.002048,1024x0x0,64x0x0,4096x1x1x1
ffn_norm-8,kernel_rms_norm_mul,0.005888,1024x1x1,1024x1x1,4096x1x1x1
ffn_gate-8,kernel_gemv_noshuffle,0.539136,7168x4x1,64x4x1,14336x1x1x1
ffn_up-8,kernel_gemv_noshuffle,0.545024,7168x4x1,64x4x1,14336x1x1x1
ffn_swiglu-8,kernel_swiglu,0.011008,512x1x1,512x1x1,14336x1x1x1
ffn_out-8,kernel_gemv_noshuffle,0.527104,2048x4x1,64x4x1,4096x1x1x1
l_out-8,kernel_add_row,0.001792,1024x0x0,64x0x0,4096x1x1x1
attn_norm-9,kernel_rms_norm_mul,0.006144,1024x1x1,1024x1x1,4096x1x1x1
Qcur-9,kernel_gemv_noshuffle,0.150016,2048x4x1,64x4x1,4096x1x1x1
Qcur-9,kernel_rope_norm_f32,0.002816,2048x1x1,64x1x1,128x32x1x1
Vcur-9,kernel_gemv_noshuffle,0.060160,512x4x1,64x4x1,1024x1x1x1
Kcur-9,kernel_gemv_noshuffle,0.061184,512x4x1,64x4x1,1024x1x1x1
Kcur-9,kernel_rope_norm_f32,0.002816,512x1x1,64x1x1,128x8x1x1
cache_k_l9 (view),kernel_set_rows_f16_i64,0.003072,1024x1x1,1024x1x1,1024x4096x1x1
cache_v_l9 (reshaped) (view),kernel_set_rows_f16_i64,0.006912,16x64x1,1x64x1,1x4194304x1x1
kq-9,kernel_mul_mat_f16_f32_l4,0.078080,16384x1x32,64x1x1,256x1x32x1
kq_soft_max-9,kernel_soft_max_4,0.003840,64x32x1,64x1x1,256x1x32x1
kqv-9,kernel_mul_mat_f16_f32_l4,0.040192,8192x1x32,64x1x1,128x1x32x1
kqv_out-9,kernel_cpy_f32_f32,0.001792,2048x1x1,64x1x1,4096x1x1x1
attn_out-9,kernel_gemv_noshuffle,0.151040,2048x4x1,64x4x1,4096x1x1x1
ffn_inp-9,kernel_add_row,0.001792,1024x0x0,64x0x0,4096x1x1x1
ffn_norm-9,kernel_rms_norm_mul,0.006144,1024x1x1,1024x1x1,4096x1x1x1
ffn_gate-9,kernel_gemv_noshuffle,0.550912,7168x4x1,64x4x1,14336x1x1x1
ffn_up-9,kernel_gemv_noshuffle,0.556032,7168x4x1,64x4x1,14336x1x1x1
ffn_swiglu-9,kernel_swiglu,0.012032,512x1x1,512x1x1,14336x1x1x1
ffn_out-9,kernel_gemv_noshuffle,0.518912,2048x4x1,64x4x1,4096x1x1x1
l_out-9,kernel_add_row,0.002048,1024x0x0,64x0x0,4096x1x1x1
attn_norm-10,kernel_rms_norm_mul,0.006144,1024x1x1,1024x1x1,4096x1x1x1
Qcur-10,kernel_gemv_noshuffle,0.152832,2048x4x1,64x4x1,4096x1x1x1
Qcur-10,kernel_rope_norm_f32,0.003072,2048x1x1,64x1x1,128x32x1x1
Vcur-10,kernel_gemv_noshuffle,0.062976,512x4x1,64x4x1,1024x1x1x1
Kcur-10,kernel_gemv_noshuffle,0.059904,512x4x1,64x4x1,1024x1x1x1
Kcur-10,kernel_rope_norm_f32,0.002048,512x1x1,64x1x1,128x8x1x1
cache_k_l10 (view),kernel_set_rows_f16_i64,0.003072,1024x1x1,1024x1x1,1024x4096x1x1
cache_v_l10 (reshaped) (view),kernel_set_rows_f16_i64,0.006912,16x64x1,1x64x1,1x4194304x1x1
kq-10,kernel_mul_mat_f16_f32_l4,0.076800,16384x1x32,64x1x1,256x1x32x1
kq_soft_max-10,kernel_soft_max_4,0.004096,64x32x1,64x1x1,256x1x32x1
kqv-10,kernel_mul_mat_f16_f32_l4,0.039936,8192x1x32,64x1x1,128x1x32x1
kqv_out-10,kernel_cpy_f32_f32,0.002048,2048x1x1,64x1x1,4096x1x1x1
attn_out-10,kernel_gemv_noshuffle,0.150016,2048x4x1,64x4x1,4096x1x1x1
ffn_inp-10,kernel_add_row,0.002048,1024x0x0,64x0x0,4096x1x1x1
ffn_norm-10,kernel_rms_norm_mul,0.006144,1024x1x1,1024x1x1,4096x1x1x1
ffn_gate-10,kernel_gemv_noshuffle,0.539904,7168x4x1,64x4x1,14336x1x1x1
ffn_up-10,kernel_gemv_noshuffle,0.541952,7168x4x1,64x4x1,14336x1x1x1
ffn_swiglu-10,kernel_swiglu,0.011008,512x1x1,512x1x1,14336x1x1x1
ffn_out-10,kernel_gemv_noshuffle,0.515840,2048x4x1,64x4x1,4096x1x1x1
l_out-10,kernel_add_row,0.002048,1024x0x0,64x0x0,4096x1x1x1
attn_norm-11,kernel_rms_norm_mul,0.005888,1024x1x1,1024x1x1,4096x1x1x1
Qcur-11,kernel_gemv_noshuffle,0.148992,2048x4x1,64x4x1,4096x1x1x1
Qcur-11,kernel_rope_norm_f32,0.003072,2048x1x1,64x1x1,128x32x1x1
Vcur-11,kernel_gemv_noshuffle,0.061952,512x4x1,64x4x1,1024x1x1x1
Kcur-11,kernel_gemv_noshuffle,0.060928,512x4x1,64x4x1,1024x1x1x1
Kcur-11,kernel_rope_norm_f32,0.002048,512x1x1,64x1x1,128x8x1x1
cache_k_l11 (view),kernel_set_rows_f16_i64,0.002816,1024x1x1,1024x1x1,1024x4096x1x1
cache_v_l11 (reshaped) (view),kernel_set_rows_f16_i64,0.007168,16x64x1,1x64x1,1x4194304x1x1
kq-11,kernel_mul_mat_f16_f32_l4,0.077824,16384x1x32,64x1x1,256x1x32x1
kq_soft_max-11,kernel_soft_max_4,0.004096,64x32x1,64x1x1,256x1x32x1
kqv-11,kernel_mul_mat_f16_f32_l4,0.039936,8192x1x32,64x1x1,128x1x32x1
kqv_out-11,kernel_cpy_f32_f32,0.002048,2048x1x1,64x1x1,4096x1x1x1
attn_out-11,kernel_gemv_noshuffle,0.150016,2048x4x1,64x4x1,4096x1x1x1
ffn_inp-11,kernel_add_row,0.002048,1024x0x0,64x0x0,4096x1x1x1
ffn_norm-11,kernel_rms_norm_mul,0.005888,1024x1x1,1024x1x1,4096x1x1x1
ffn_gate-11,kernel_gemv_noshuffle,0.551936,7168x4x1,64x4x1,14336x1x1x1
ffn_up-11,kernel_gemv_noshuffle,0.541184,7168x4x1,64x4x1,14336x1x1x1
ffn_swiglu-11,kernel_swiglu,0.010752,512x1x1,512x1x1,14336x1x1x1
ffn_out-11,kernel_gemv_noshuffle,0.515072,2048x4x1,64x4x1,4096x1x1x1
l_out-11,kernel_add_row,0.002048,1024x0x0,64x0x0,4096x1x1x1
attn_norm-12,kernel_rms_norm_mul,0.006144,1024x1x1,1024x1x1,4096x1x1x1
Qcur-12,kernel_gemv_noshuffle,0.150016,2048x4x1,64x4x1,4096x1x1x1
Qcur-12,kernel_rope_norm_f32,0.001792,2048x1x1,64x1x1,128x32x1x1
Vcur-12,kernel_gemv_noshuffle,0.062208,512x4x1,64x4x1,1024x1x1x1
Kcur-12,kernel_gemv_noshuffle,0.061184,512x4x1,64x4x1,1024x1x1x1
Kcur-12,kernel_rope_norm_f32,0.002816,512x1x1,64x1x1,128x8x1x1
cache_k_l12 (view),kernel_set_rows_f16_i64,0.003072,1024x1x1,1024x1x1,1024x4096x1x1
cache_v_l12 (reshaped) (view),kernel_set_rows_f16_i64,0.007936,16x64x1,1x64x1,1x4194304x1x1
kq-12,kernel_mul_mat_f16_f32_l4,0.077056,16384x1x32,64x1x1,256x1x32x1
kq_soft_max-12,kernel_soft_max_4,0.004096,64x32x1,64x1x1,256x1x32x1
kqv-12,kernel_mul_mat_f16_f32_l4,0.040960,8192x1x32,64x1x1,128x1x32x1
kqv_out-12,kernel_cpy_f32_f32,0.002048,2048x1x1,64x1x1,4096x1x1x1
attn_out-12,kernel_gemv_noshuffle,0.152832,2048x4x1,64x4x1,4096x1x1x1
ffn_inp-12,kernel_add_row,0.002048,1024x0x0,64x0x0,4096x1x1x1
ffn_norm-12,kernel_rms_norm_mul,0.006144,1024x1x1,1024x1x1,4096x1x1x1
ffn_gate-12,kernel_gemv_noshuffle,0.538880,7168x4x1,64x4x1,14336x1x1x1
ffn_up-12,kernel_gemv_noshuffle,0.558080,7168x4x1,64x4x1,14336x1x1x1
ffn_swiglu-12,kernel_swiglu,0.012032,512x1x1,512x1x1,14336x1x1x1
ffn_out-12,kernel_gemv_noshuffle,0.523008,2048x4x1,64x4x1,4096x1x1x1
l_out-12,kernel_add_row,0.002048,1024x0x0,64x0x0,4096x1x1x1
attn_norm-13,kernel_rms_norm_mul,0.005888,1024x1x1,1024x1x1,4096x1x1x1
Qcur-13,kernel_gemv_noshuffle,0.150016,2048x4x1,64x4x1,4096x1x1x1
Qcur-13,kernel_rope_norm_f32,0.003072,2048x1x1,64x1x1,128x32x1x1
Vcur-13,kernel_gemv_noshuffle,0.060928,512x4x1,64x4x1,1024x1x1x1
Kcur-13,kernel_gemv_noshuffle,0.058880,512x4x1,64x4x1,1024x1x1x1
Kcur-13,kernel_rope_norm_f32,0.002048,512x1x1,64x1x1,128x8x1x1
cache_k_l13 (view),kernel_set_rows_f16_i64,0.002816,1024x1x1,1024x1x1,1024x4096x1x1
cache_v_l13 (reshaped) (view),kernel_set_rows_f16_i64,0.008192,16x64x1,1x64x1,1x4194304x1x1
kq-13,kernel_mul_mat_f16_f32_l4,0.076800,16384x1x32,64x1x1,256x1x32x1
kq_soft_max-13,kernel_soft_max_4,0.004096,64x32x1,64x1x1,256x1x32x1
kqv-13,kernel_mul_mat_f16_f32_l4,0.039936,8192x1x32,64x1x1,128x1x32x1
kqv_out-13,kernel_cpy_f32_f32,0.002048,2048x1x1,64x1x1,4096x1x1x1
attn_out-13,kernel_gemv_noshuffle,0.152064,2048x4x1,64x4x1,4096x1x1x1
ffn_inp-13,kernel_add_row,0.002048,1024x0x0,64x0x0,4096x1x1x1
ffn_norm-13,kernel_rms_norm_mul,0.005888,1024x1x1,1024x1x1,4096x1x1x1
ffn_gate-13,kernel_gemv_noshuffle,0.556032,7168x4x1,64x4x1,14336x1x1x1
ffn_up-13,kernel_gemv_noshuffle,0.542976,7168x4x1,64x4x1,14336x1x1x1
ffn_swiglu-13,kernel_swiglu,0.011008,512x1x1,512x1x1,14336x1x1x1
ffn_out-13,kernel_gemv_noshuffle,0.512000,2048x4x1,64x4x1,4096x1x1x1
l_out-13,kernel_add_row,0.001792,1024x0x0,64x0x0,4096x1x1x1
attn_norm-14,kernel_rms_norm_mul,0.005888,1024x1x1,1024x1x1,4096x1x1x1
Qcur-14,kernel_gemv_noshuffle,0.148992,2048x4x1,64x4x1,4096x1x1x1
Qcur-14,kernel_rope_norm_f32,0.003072,2048x1x1,64x1x1,128x32x1x1
Vcur-14,kernel_gemv_noshuffle,0.061952,512x4x1,64x4x1,1024x1x1x1
Kcur-14,kernel_gemv_noshuffle,0.060160,512x4x1,64x4x1,1024x1x1x1
Kcur-14,kernel_rope_norm_f32,0.001792,512x1x1,64x1x1,128x8x1x1
cache_k_l14 (view),kernel_set_rows_f16_i64,0.003072,1024x1x1,1024x1x1,1024x4096x1x1
cache_v_l14 (reshaped) (view),kernel_set_rows_f16_i64,0.006912,16x64x1,1x64x1,1x4194304x1x1
kq-14,kernel_mul_mat_f16_f32_l4,0.077824,16384x1x32,64x1x1,256x1x32x1
kq_soft_max-14,kernel_soft_max_4,0.004096,64x32x1,64x1x1,256x1x32x1
kqv-14,kernel_mul_mat_f16_f32_l4,0.039936,8192x1x32,64x1x1,128x1x32x1
kqv_out-14,kernel_cpy_f32_f32,0.002048,2048x1x1,64x1x1,4096x1x1x1
attn_out-14,kernel_gemv_noshuffle,0.154880,2048x4x1,64x4x1,4096x1x1x1
ffn_inp-14,kernel_add_row,0.002048,1024x0x0,64x0x0,4096x1x1x1
ffn_norm-14,kernel_rms_norm_mul,0.005888,1024x1x1,1024x1x1,4096x1x1x1
ffn_gate-14,kernel_gemv_noshuffle,0.555008,7168x4x1,64x4x1,14336x1x1x1
ffn_up-14,kernel_gemv_noshuffle,0.538880,7168x4x1,64x4x1,14336x1x1x1
ffn_swiglu-14,kernel_swiglu,0.011008,512x1x1,512x1x1,14336x1x1x1
ffn_out-14,kernel_gemv_noshuffle,0.510976,2048x4x1,64x4x1,4096x1x1x1
l_out-14,kernel_add_row,0.002048,1024x0x0,64x0x0,4096x1x1x1
attn_norm-15,kernel_rms_norm_mul,0.005888,1024x1x1,1024x1x1,4096x1x1x1
Qcur-15,kernel_gemv_noshuffle,0.142080,2048x4x1,64x4x1,4096x1x1x1
Qcur-15,kernel_rope_norm_f32,0.002816,2048x1x1,64x1x1,128x32x1x1
Vcur-15,kernel_gemv_noshuffle,0.059136,512x4x1,64x4x1,1024x1x1x1
Kcur-15,kernel_gemv_noshuffle,0.059136,512x4x1,64x4x1,1024x1x1x1
Kcur-15,kernel_rope_norm_f32,0.002048,512x1x1,64x1x1,128x8x1x1
cache_k_l15 (view),kernel_set_rows_f16_i64,0.003072,1024x1x1,1024x1x1,1024x4096x1x1
cache_v_l15 (reshaped) (view),kernel_set_rows_f16_i64,0.007168,16x64x1,1x64x1,1x4194304x1x1
kq-15,kernel_mul_mat_f16_f32_l4,0.077056,16384x1x32,64x1x1,256x1x32x1
kq_soft_max-15,kernel_soft_max_4,0.004096,64x32x1,64x1x1,256x1x32x1
kqv-15,kernel_mul_mat_f16_f32_l4,0.039936,8192x1x32,64x1x1,128x1x32x1
kqv_out-15,kernel_cpy_f32_f32,0.002048,2048x1x1,64x1x1,4096x1x1x1
attn_out-15,kernel_gemv_noshuffle,0.145152,2048x4x1,64x4x1,4096x1x1x1
ffn_inp-15,kernel_add_row,0.002048,1024x0x0,64x0x0,4096x1x1x1
ffn_norm-15,kernel_rms_norm_mul,0.006144,1024x1x1,1024x1x1,4096x1x1x1
ffn_gate-15,kernel_gemv_noshuffle,0.563968,7168x4x1,64x4x1,14336x1x1x1
ffn_up-15,kernel_gemv_noshuffle,0.531968,7168x4x1,64x4x1,14336x1x1x1
ffn_swiglu-15,kernel_swiglu,0.011776,512x1x1,512x1x1,14336x1x1x1
ffn_out-15,kernel_gemv_noshuffle,0.507136,2048x4x1,64x4x1,4096x1x1x1
l_out-15,kernel_add_row,0.002048,1024x0x0,64x0x0,4096x1x1x1
attn_norm-16,kernel_rms_norm_mul,0.006144,1024x1x1,1024x1x1,4096x1x1x1
Qcur-16,kernel_gemv_noshuffle,0.146944,2048x4x1,64x4x1,4096x1x1x1
Qcur-16,kernel_rope_norm_f32,0.003072,2048x1x1,64x1x1,128x32x1x1
Vcur-16,kernel_gemv_noshuffle,0.060928,512x4x1,64x4x1,1024x1x1x1
Kcur-16,kernel_gemv_noshuffle,0.058880,512x4x1,64x4x1,1024x1x1x1
Kcur-16,kernel_rope_norm_f32,0.003072,512x1x1,64x1x1,128x8x1x1
cache_k_l16 (view),kernel_set_rows_f16_i64,0.003072,1024x1x1,1024x1x1,1024x4096x1x1
cache_v_l16 (reshaped) (view),kernel_set_rows_f16_i64,0.006912,16x64x1,1x64x1,1x4194304x1x1
kq-16,kernel_mul_mat_f16_f32_l4,0.077056,16384x1x32,64x1x1,256x1x32x1
kq_soft_max-16,kernel_soft_max_4,0.004096,64x32x1,64x1x1,256x1x32x1
kqv-16,kernel_mul_mat_f16_f32_l4,0.040192,8192x1x32,64x1x1,128x1x32x1
kqv_out-16,kernel_cpy_f32_f32,0.001792,2048x1x1,64x1x1,4096x1x1x1
attn_out-16,kernel_gemv_noshuffle,0.147968,2048x4x1,64x4x1,4096x1x1x1
ffn_inp-16,kernel_add_row,0.002048,1024x0x0,64x0x0,4096x1x1x1
ffn_norm-16,kernel_rms_norm_mul,0.006144,1024x1x1,1024x1x1,4096x1x1x1
ffn_gate-16,kernel_gemv_noshuffle,0.530944,7168x4x1,64x4x1,14336x1x1x1
ffn_up-16,kernel_gemv_noshuffle,0.545024,7168x4x1,64x4x1,14336x1x1x1
ffn_swiglu-16,kernel_swiglu,0.011008,512x1x1,512x1x1,14336x1x1x1
ffn_out-16,kernel_gemv_noshuffle,0.515072,2048x4x1,64x4x1,4096x1x1x1
l_out-16,kernel_add_row,0.001792,1024x0x0,64x0x0,4096x1x1x1
attn_norm-17,kernel_rms_norm_mul,0.006144,1024x1x1,1024x1x1,4096x1x1x1
Qcur-17,kernel_gemv_noshuffle,0.148992,2048x4x1,64x4x1,4096x1x1x1
Qcur-17,kernel_rope_norm_f32,0.002048,2048x1x1,64x1x1,128x32x1x1
Vcur-17,kernel_gemv_noshuffle,0.063232,512x4x1,64x4x1,1024x1x1x1
Kcur-17,kernel_gemv_noshuffle,0.059904,512x4x1,64x4x1,1024x1x1x1
Kcur-17,kernel_rope_norm_f32,0.002048,512x1x1,64x1x1,128x8x1x1
cache_k_l17 (view),kernel_set_rows_f16_i64,0.003072,1024x1x1,1024x1x1,1024x4096x1x1
cache_v_l17 (reshaped) (view),kernel_set_rows_f16_i64,0.007936,16x64x1,1x64x1,1x4194304x1x1
kq-17,kernel_mul_mat_f16_f32_l4,0.077056,16384x1x32,64x1x1,256x1x32x1
kq_soft_max-17,kernel_soft_max_4,0.003840,64x32x1,64x1x1,256x1x32x1
kqv-17,kernel_mul_mat_f16_f32_l4,0.039936,8192x1x32,64x1x1,128x1x32x1
kqv_out-17,kernel_cpy_f32_f32,0.002048,2048x1x1,64x1x1,4096x1x1x1
attn_out-17,kernel_gemv_noshuffle,0.145920,2048x4x1,64x4x1,4096x1x1x1
ffn_inp-17,kernel_add_row,0.002048,1024x0x0,64x0x0,4096x1x1x1
ffn_norm-17,kernel_rms_norm_mul,0.005888,1024x1x1,1024x1x1,4096x1x1x1
ffn_gate-17,kernel_gemv_noshuffle,0.531968,7168x4x1,64x4x1,14336x1x1x1
ffn_up-17,kernel_gemv_noshuffle,0.537088,7168x4x1,64x4x1,14336x1x1x1
ffn_swiglu-17,kernel_swiglu,0.012032,512x1x1,512x1x1,14336x1x1x1
ffn_out-17,kernel_gemv_noshuffle,0.514816,2048x4x1,64x4x1,4096x1x1x1
l_out-17,kernel_add_row,0.002048,1024x0x0,64x0x0,4096x1x1x1
attn_norm-18,kernel_rms_norm_mul,0.006144,1024x1x1,1024x1x1,4096x1x1x1
Qcur-18,kernel_gemv_noshuffle,0.145920,2048x4x1,64x4x1,4096x1x1x1
Qcur-18,kernel_rope_norm_f32,0.002048,2048x1x1,64x1x1,128x32x1x1
Vcur-18,kernel_gemv_noshuffle,0.059904,512x4x1,64x4x1,1024x1x1x1
Kcur-18,kernel_gemv_noshuffle,0.059136,512x4x1,64x4x1,1024x1x1x1
Kcur-18,kernel_rope_norm_f32,0.002048,512x1x1,64x1x1,128x8x1x1
cache_k_l18 (view),kernel_set_rows_f16_i64,0.003072,1024x1x1,1024x1x1,1024x4096x1x1
cache_v_l18 (reshaped) (view),kernel_set_rows_f16_i64,0.006912,16x64x1,1x64x1,1x4194304x1x1
kq-18,kernel_mul_mat_f16_f32_l4,0.077056,16384x1x32,64x1x1,256x1x32x1
kq_soft_max-18,kernel_soft_max_4,0.004096,64x32x1,64x1x1,256x1x32x1
kqv-18,kernel_mul_mat_f16_f32_l4,0.040960,8192x1x32,64x1x1,128x1x32x1
kqv_out-18,kernel_cpy_f32_f32,0.002048,2048x1x1,64x1x1,4096x1x1x1
attn_out-18,kernel_gemv_noshuffle,0.146944,2048x4x1,64x4x1,4096x1x1x1
ffn_inp-18,kernel_add_row,0.002048,1024x0x0,64x0x0,4096x1x1x1
ffn_norm-18,kernel_rms_norm_mul,0.005888,1024x1x1,1024x1x1,4096x1x1x1
ffn_gate-18,kernel_gemv_noshuffle,0.539904,7168x4x1,64x4x1,14336x1x1x1
ffn_up-18,kernel_gemv_noshuffle,0.538880,7168x4x1,64x4x1,14336x1x1x1
ffn_swiglu-18,kernel_swiglu,0.012032,512x1x1,512x1x1,14336x1x1x1
ffn_out-18,kernel_gemv_noshuffle,0.516096,2048x4x1,64x4x1,4096x1x1x1
l_out-18,kernel_add_row,0.002048,1024x0x0,64x0x0,4096x1x1x1
attn_norm-19,kernel_rms_norm_mul,0.006144,1024x1x1,1024x1x1,4096x1x1x1
Qcur-19,kernel_gemv_noshuffle,0.148992,2048x4x1,64x4x1,4096x1x1x1
Qcur-19,kernel_rope_norm_f32,0.003072,2048x1x1,64x1x1,128x32x1x1
Vcur-19,kernel_gemv_noshuffle,0.058880,512x4x1,64x4x1,1024x1x1x1
Kcur-19,kernel_gemv_noshuffle,0.059904,512x4x1,64x4x1,1024x1x1x1
Kcur-19,kernel_rope_norm_f32,0.002048,512x1x1,64x1x1,128x8x1x1
cache_k_l19 (view),kernel_set_rows_f16_i64,0.002816,1024x1x1,1024x1x1,1024x4096x1x1
cache_v_l19 (reshaped) (view),kernel_set_rows_f16_i64,0.007168,16x64x1,1x64x1,1x4194304x1x1
kq-19,kernel_mul_mat_f16_f32_l4,0.076800,16384x1x32,64x1x1,256x1x32x1
kq_soft_max-19,kernel_soft_max_4,0.004096,64x32x1,64x1x1,256x1x32x1
kqv-19,kernel_mul_mat_f16_f32_l4,0.040960,8192x1x32,64x1x1,128x1x32x1
kqv_out-19,kernel_cpy_f32_f32,0.002048,2048x1x1,64x1x1,4096x1x1x1
attn_out-19,kernel_gemv_noshuffle,0.146944,2048x4x1,64x4x1,4096x1x1x1
ffn_inp-19,kernel_add_row,0.002048,1024x0x0,64x0x0,4096x1x1x1
ffn_norm-19,kernel_rms_norm_mul,0.006144,1024x1x1,1024x1x1,4096x1x1x1
ffn_gate-19,kernel_gemv_noshuffle,0.542208,7168x4x1,64x4x1,14336x1x1x1
ffn_up-19,kernel_gemv_noshuffle,0.536832,7168x4x1,64x4x1,14336x1x1x1
ffn_swiglu-19,kernel_swiglu,0.011008,512x1x1,512x1x1,14336x1x1x1
ffn_out-19,kernel_gemv_noshuffle,0.516096,2048x4x1,64x4x1,4096x1x1x1
l_out-19,kernel_add_row,0.002048,1024x0x0,64x0x0,4096x1x1x1
attn_norm-20,kernel_rms_norm_mul,0.006144,1024x1x1,1024x1x1,4096x1x1x1
Qcur-20,kernel_gemv_noshuffle,0.151808,2048x4x1,64x4x1,4096x1x1x1
Qcur-20,kernel_rope_norm_f32,0.003072,2048x1x1,64x1x1,128x32x1x1
Vcur-20,kernel_gemv_noshuffle,0.059904,512x4x1,64x4x1,1024x1x1x1
Kcur-20,kernel_gemv_noshuffle,0.060928,512x4x1,64x4x1,1024x1x1x1
Kcur-20,kernel_rope_norm_f32,0.002048,512x1x1,64x1x1,128x8x1x1
cache_k_l20 (view),kernel_set_rows_f16_i64,0.003072,1024x1x1,1024x1x1,1024x4096x1x1
cache_v_l20 (reshaped) (view),kernel_set_rows_f16_i64,0.006912,16x64x1,1x64x1,1x4194304x1x1
kq-20,kernel_mul_mat_f16_f32_l4,0.077824,16384x1x32,64x1x1,256x1x32x1
kq_soft_max-20,kernel_soft_max_4,0.004096,64x32x1,64x1x1,256x1x32x1
kqv-20,kernel_mul_mat_f16_f32_l4,0.039936,8192x1x32,64x1x1,128x1x32x1
kqv_out-20,kernel_cpy_f32_f32,0.002048,2048x1x1,64x1x1,4096x1x1x1
attn_out-20,kernel_gemv_noshuffle,0.146944,2048x4x1,64x4x1,4096x1x1x1
ffn_inp-20,kernel_add_row,0.002048,1024x0x0,64x0x0,4096x1x1x1
ffn_norm-20,kernel_rms_norm_mul,0.005888,1024x1x1,1024x1x1,4096x1x1x1
ffn_gate-20,kernel_gemv_noshuffle,0.531968,7168x4x1,64x4x1,14336x1x1x1
ffn_up-20,kernel_gemv_noshuffle,0.545024,7168x4x1,64x4x1,14336x1x1x1
ffn_swiglu-20,kernel_swiglu,0.011776,512x1x1,512x1x1,14336x1x1x1
ffn_out-20,kernel_gemv_noshuffle,0.508160,2048x4x1,64x4x1,4096x1x1x1
l_out-20,kernel_add_row,0.001792,1024x0x0,64x0x0,4096x1x1x1
attn_norm-21,kernel_rms_norm_mul,0.006144,1024x1x1,1024x1x1,4096x1x1x1
Qcur-21,kernel_gemv_noshuffle,0.144896,2048x4x1,64x4x1,4096x1x1x1
Qcur-21,kernel_rope_norm_f32,0.002048,2048x1x1,64x1x1,128x32x1x1
Vcur-21,kernel_gemv_noshuffle,0.058880,512x4x1,64x4x1,1024x1x1x1
Kcur-21,kernel_gemv_noshuffle,0.058880,512x4x1,64x4x1,1024x1x1x1
Kcur-21,kernel_rope_norm_f32,0.002048,512x1x1,64x1x1,128x8x1x1
cache_k_l21 (view),kernel_set_rows_f16_i64,0.003072,1024x1x1,1024x1x1,1024x4096x1x1
cache_v_l21 (reshaped) (view),kernel_set_rows_f16_i64,0.007936,16x64x1,1x64x1,1x4194304x1x1
kq-21,kernel_mul_mat_f16_f32_l4,0.077056,16384x1x32,64x1x1,256x1x32x1
kq_soft_max-21,kernel_soft_max_4,0.003840,64x32x1,64x1x1,256x1x32x1
kqv-21,kernel_mul_mat_f16_f32_l4,0.039936,8192x1x32,64x1x1,128x1x32x1
kqv_out-21,kernel_cpy_f32_f32,0.002048,2048x1x1,64x1x1,4096x1x1x1
attn_out-21,kernel_gemv_noshuffle,0.145152,2048x4x1,64x4x1,4096x1x1x1
ffn_inp-21,kernel_add_row,0.002048,1024x0x0,64x0x0,4096x1x1x1
ffn_norm-21,kernel_rms_norm_mul,0.006144,1024x1x1,1024x1x1,4096x1x1x1
ffn_gate-21,kernel_gemv_noshuffle,0.558848,7168x4x1,64x4x1,14336x1x1x1
ffn_up-21,kernel_gemv_noshuffle,0.541184,7168x4x1,64x4x1,14336x1x1x1
ffn_swiglu-21,kernel_swiglu,0.011008,512x1x1,512x1x1,14336x1x1x1
ffn_out-21,kernel_gemv_noshuffle,0.511232,2048x4x1,64x4x1,4096x1x1x1
l_out-21,kernel_add_row,0.001792,1024x0x0,64x0x0,4096x1x1x1
attn_norm-22,kernel_rms_norm_mul,0.005888,1024x1x1,1024x1x1,4096x1x1x1
Qcur-22,kernel_gemv_noshuffle,0.151040,2048x4x1,64x4x1,4096x1x1x1
Qcur-22,kernel_rope_norm_f32,0.002048,2048x1x1,64x1x1,128x32x1x1
Vcur-22,kernel_gemv_noshuffle,0.059904,512x4x1,64x4x1,1024x1x1x1
Kcur-22,kernel_gemv_noshuffle,0.060160,512x4x1,64x4x1,1024x1x1x1
Kcur-22,kernel_rope_norm_f32,0.002048,512x1x1,64x1x1,128x8x1x1
cache_k_l22 (view),kernel_set_rows_f16_i64,0.003072,1024x1x1,1024x1x1,1024x4096x1x1
cache_v_l22 (reshaped) (view),kernel_set_rows_f16_i64,0.007936,16x64x1,1x64x1,1x4194304x1x1
kq-22,kernel_mul_mat_f16_f32_l4,0.076800,16384x1x32,64x1x1,256x1x32x1
kq_soft_max-22,kernel_soft_max_4,0.004096,64x32x1,64x1x1,256x1x32x1
kqv-22,kernel_mul_mat_f16_f32_l4,0.039936,8192x1x32,64x1x1,128x1x32x1
kqv_out-22,kernel_cpy_f32_f32,0.003072,2048x1x1,64x1x1,4096x1x1x1
attn_out-22,kernel_gemv_noshuffle,0.147968,2048x4x1,64x4x1,4096x1x1x1
ffn_inp-22,kernel_add_row,0.002048,1024x0x0,64x0x0,4096x1x1x1
ffn_norm-22,kernel_rms_norm_mul,0.005888,1024x1x1,1024x1x1,4096x1x1x1
ffn_gate-22,kernel_gemv_noshuffle,0.537088,7168x4x1,64x4x1,14336x1x1x1
ffn_up-22,kernel_gemv_noshuffle,0.539136,7168x4x1,64x4x1,14336x1x1x1
ffn_swiglu-22,kernel_swiglu,0.011008,512x1x1,512x1x1,14336x1x1x1
ffn_out-22,kernel_gemv_noshuffle,0.510208,2048x4x1,64x4x1,4096x1x1x1
l_out-22,kernel_add_row,0.001792,1024x0x0,64x0x0,4096x1x1x1
attn_norm-23,kernel_rms_norm_mul,0.006144,1024x1x1,1024x1x1,4096x1x1x1
Qcur-23,kernel_gemv_noshuffle,0.143872,2048x4x1,64x4x1,4096x1x1x1
Qcur-23,kernel_rope_norm_f32,0.003072,2048x1x1,64x1x1,128x32x1x1
Vcur-23,kernel_gemv_noshuffle,0.058880,512x4x1,64x4x1,1024x1x1x1
Kcur-23,kernel_gemv_noshuffle,0.059904,512x4x1,64x4x1,1024x1x1x1
Kcur-23,kernel_rope_norm_f32,0.002048,512x1x1,64x1x1,128x8x1x1
cache_k_l23 (view),kernel_set_rows_f16_i64,0.003072,1024x1x1,1024x1x1,1024x4096x1x1
cache_v_l23 (reshaped) (view),kernel_set_rows_f16_i64,0.007936,16x64x1,1x64x1,1x4194304x1x1
kq-23,kernel_mul_mat_f16_f32_l4,0.077056,16384x1x32,64x1x1,256x1x32x1
kq_soft_max-23,kernel_soft_max_4,0.005120,64x32x1,64x1x1,256x1x32x1
kqv-23,kernel_mul_mat_f16_f32_l4,0.039936,8192x1x32,64x1x1,128x1x32x1
kqv_out-23,kernel_cpy_f32_f32,0.003072,2048x1x1,64x1x1,4096x1x1x1
attn_out-23,kernel_gemv_noshuffle,0.146176,2048x4x1,64x4x1,4096x1x1x1
ffn_inp-23,kernel_add_row,0.001792,1024x0x0,64x0x0,4096x1x1x1
ffn_norm-23,kernel_rms_norm_mul,0.006144,1024x1x1,1024x1x1,4096x1x1x1
ffn_gate-23,kernel_gemv_noshuffle,0.540928,7168x4x1,64x4x1,14336x1x1x1
ffn_up-23,kernel_gemv_noshuffle,0.538880,7168x4x1,64x4x1,14336x1x1x1
ffn_swiglu-23,kernel_swiglu,0.011008,512x1x1,512x1x1,14336x1x1x1
ffn_out-23,kernel_gemv_noshuffle,0.519168,2048x4x1,64x4x1,4096x1x1x1
l_out-23,kernel_add_row,0.002048,1024x0x0,64x0x0,4096x1x1x1
attn_norm-24,kernel_rms_norm_mul,0.005888,1024x1x1,1024x1x1,4096x1x1x1
Qcur-24,kernel_gemv_noshuffle,0.148992,2048x4x1,64x4x1,4096x1x1x1
Qcur-24,kernel_rope_norm_f32,0.003072,2048x1x1,64x1x1,128x32x1x1
Vcur-24,kernel_gemv_noshuffle,0.059904,512x4x1,64x4x1,1024x1x1x1
Kcur-24,kernel_gemv_noshuffle,0.059136,512x4x1,64x4x1,1024x1x1x1
Kcur-24,kernel_rope_norm_f32,0.001792,512x1x1,64x1x1,128x8x1x1
cache_k_l24 (view),kernel_set_rows_f16_i64,0.003072,1024x1x1,1024x1x1,1024x4096x1x1
cache_v_l24 (reshaped) (view),kernel_set_rows_f16_i64,0.006912,16x64x1,1x64x1,1x4194304x1x1
kq-24,kernel_mul_mat_f16_f32_l4,0.076800,16384x1x32,64x1x1,256x1x32x1
kq_soft_max-24,kernel_soft_max_4,0.004096,64x32x1,64x1x1,256x1x32x1
kqv-24,kernel_mul_mat_f16_f32_l4,0.039936,8192x1x32,64x1x1,128x1x32x1
kqv_out-24,kernel_cpy_f32_f32,0.002048,2048x1x1,64x1x1,4096x1x1x1
attn_out-24,kernel_gemv_noshuffle,0.145920,2048x4x1,64x4x1,4096x1x1x1
ffn_inp-24,kernel_add_row,0.002048,1024x0x0,64x0x0,4096x1x1x1
ffn_norm-24,kernel_rms_norm_mul,0.005888,1024x1x1,1024x1x1,4096x1x1x1
ffn_gate-24,kernel_gemv_noshuffle,0.552960,7168x4x1,64x4x1,14336x1x1x1
ffn_up-24,kernel_gemv_noshuffle,0.553984,7168x4x1,64x4x1,14336x1x1x1
ffn_swiglu-24,kernel_swiglu,0.012032,512x1x1,512x1x1,14336x1x1x1
ffn_out-24,kernel_gemv_noshuffle,0.515840,2048x4x1,64x4x1,4096x1x1x1
l_out-24,kernel_add_row,0.002048,1024x0x0,64x0x0,4096x1x1x1
attn_norm-25,kernel_rms_norm_mul,0.006144,1024x1x1,1024x1x1,4096x1x1x1
Qcur-25,kernel_gemv_noshuffle,0.148992,2048x4x1,64x4x1,4096x1x1x1
Qcur-25,kernel_rope_norm_f32,0.002048,2048x1x1,64x1x1,128x32x1x1
Vcur-25,kernel_gemv_noshuffle,0.060928,512x4x1,64x4x1,1024x1x1x1
Kcur-25,kernel_gemv_noshuffle,0.059904,512x4x1,64x4x1,1024x1x1x1
Kcur-25,kernel_rope_norm_f32,0.002048,512x1x1,64x1x1,128x8x1x1
cache_k_l25 (view),kernel_set_rows_f16_i64,0.003072,1024x1x1,1024x1x1,1024x4096x1x1
cache_v_l25 (reshaped) (view),kernel_set_rows_f16_i64,0.008960,16x64x1,1x64x1,1x4194304x1x1
kq-25,kernel_mul_mat_f16_f32_l4,0.077056,16384x1x32,64x1x1,256x1x32x1
kq_soft_max-25,kernel_soft_max_4,0.003840,64x32x1,64x1x1,256x1x32x1
kqv-25,kernel_mul_mat_f16_f32_l4,0.040960,8192x1x32,64x1x1,128x1x32x1
kqv_out-25,kernel_cpy_f32_f32,0.002048,2048x1x1,64x1x1,4096x1x1x1
attn_out-25,kernel_gemv_noshuffle,0.150016,2048x4x1,64x4x1,4096x1x1x1
ffn_inp-25,kernel_add_row,0.002048,1024x0x0,64x0x0,4096x1x1x1
ffn_norm-25,kernel_rms_norm_mul,0.005888,1024x1x1,1024x1x1,4096x1x1x1
ffn_gate-25,kernel_gemv_noshuffle,0.545024,7168x4x1,64x4x1,14336x1x1x1
ffn_up-25,kernel_gemv_noshuffle,0.541952,7168x4x1,64x4x1,14336x1x1x1
ffn_swiglu-25,kernel_swiglu,0.012032,512x1x1,512x1x1,14336x1x1x1
ffn_out-25,kernel_gemv_noshuffle,0.513024,2048x4x1,64x4x1,4096x1x1x1
l_out-25,kernel_add_row,0.002048,1024x0x0,64x0x0,4096x1x1x1
attn_norm-26,kernel_rms_norm_mul,0.005888,1024x1x1,1024x1x1,4096x1x1x1
Qcur-26,kernel_gemv_noshuffle,0.145920,2048x4x1,64x4x1,4096x1x1x1
Qcur-26,kernel_rope_norm_f32,0.003072,2048x1x1,64x1x1,128x32x1x1
Vcur-26,kernel_gemv_noshuffle,0.060928,512x4x1,64x4x1,1024x1x1x1
Kcur-26,kernel_gemv_noshuffle,0.060928,512x4x1,64x4x1,1024x1x1x1
Kcur-26,kernel_rope_norm_f32,0.002048,512x1x1,64x1x1,128x8x1x1
cache_k_l26 (view),kernel_set_rows_f16_i64,0.003072,1024x1x1,1024x1x1,1024x4096x1x1
cache_v_l26 (reshaped) (view),kernel_set_rows_f16_i64,0.006912,16x64x1,1x64x1,1x4194304x1x1
kq-26,kernel_mul_mat_f16_f32_l4,0.077056,16384x1x32,64x1x1,256x1x32x1
kq_soft_max-26,kernel_soft_max_4,0.004096,64x32x1,64x1x1,256x1x32x1
kqv-26,kernel_mul_mat_f16_f32_l4,0.040960,8192x1x32,64x1x1,128x1x32x1
kqv_out-26,kernel_cpy_f32_f32,0.002048,2048x1x1,64x1x1,4096x1x1x1
attn_out-26,kernel_gemv_noshuffle,0.151040,2048x4x1,64x4x1,4096x1x1x1
ffn_inp-26,kernel_add_row,0.002048,1024x0x0,64x0x0,4096x1x1x1
ffn_norm-26,kernel_rms_norm_mul,0.006144,1024x1x1,1024x1x1,4096x1x1x1
ffn_gate-26,kernel_gemv_noshuffle,0.551936,7168x4x1,64x4x1,14336x1x1x1
ffn_up-26,kernel_gemv_noshuffle,0.546048,7168x4x1,64x4x1,14336x1x1x1
ffn_swiglu-26,kernel_swiglu,0.011008,512x1x1,512x1x1,14336x1x1x1
ffn_out-26,kernel_gemv_noshuffle,0.519936,2048x4x1,64x4x1,4096x1x1x1
l_out-26,kernel_add_row,0.002048,1024x0x0,64x0x0,4096x1x1x1
attn_norm-27,kernel_rms_norm_mul,0.005888,1024x1x1,1024x1x1,4096x1x1x1
Qcur-27,kernel_gemv_noshuffle,0.147968,2048x4x1,64x4x1,4096x1x1x1
Qcur-27,kernel_rope_norm_f32,0.003072,2048x1x1,64x1x1,128x32x1x1
Vcur-27,kernel_gemv_noshuffle,0.059904,512x4x1,64x4x1,1024x1x1x1
Kcur-27,kernel_gemv_noshuffle,0.059904,512x4x1,64x4x1,1024x1x1x1
Kcur-27,kernel_rope_norm_f32,0.002048,512x1x1,64x1x1,128x8x1x1
cache_k_l27 (view),kernel_set_rows_f16_i64,0.003072,1024x1x1,1024x1x1,1024x4096x1x1
cache_v_l27 (reshaped) (view),kernel_set_rows_f16_i64,0.006912,16x64x1,1x64x1,1x4194304x1x1
kq-27,kernel_mul_mat_f16_f32_l4,0.077056,16384x1x32,64x1x1,256x1x32x1
kq_soft_max-27,kernel_soft_max_4,0.004864,64x32x1,64x1x1,256x1x32x1
kqv-27,kernel_mul_mat_f16_f32_l4,0.040960,8192x1x32,64x1x1,128x1x32x1
kqv_out-27,kernel_cpy_f32_f32,0.002048,2048x1x1,64x1x1,4096x1x1x1
attn_out-27,kernel_gemv_noshuffle,0.147968,2048x4x1,64x4x1,4096x1x1x1
ffn_inp-27,kernel_add_row,0.001792,1024x0x0,64x0x0,4096x1x1x1
ffn_norm-27,kernel_rms_norm_mul,0.006144,1024x1x1,1024x1x1,4096x1x1x1
ffn_gate-27,kernel_gemv_noshuffle,0.548864,7168x4x1,64x4x1,14336x1x1x1
ffn_up-27,kernel_gemv_noshuffle,0.553984,7168x4x1,64x4x1,14336x1x1x1
ffn_swiglu-27,kernel_swiglu,0.011008,512x1x1,512x1x1,14336x1x1x1
ffn_out-27,kernel_gemv_noshuffle,0.516096,2048x4x1,64x4x1,4096x1x1x1
l_out-27,kernel_add_row,0.001792,1024x0x0,64x0x0,4096x1x1x1
attn_norm-28,kernel_rms_norm_mul,0.005888,1024x1x1,1024x1x1,4096x1x1x1
Qcur-28,kernel_gemv_noshuffle,0.156160,2048x4x1,64x4x1,4096x1x1x1
Qcur-28,kernel_rope_norm_f32,0.002816,2048x1x1,64x1x1,128x32x1x1
Vcur-28,kernel_gemv_noshuffle,0.063232,512x4x1,64x4x1,1024x1x1x1
Kcur-28,kernel_gemv_noshuffle,0.061184,512x4x1,64x4x1,1024x1x1x1
Kcur-28,kernel_rope_norm_f32,0.002048,512x1x1,64x1x1,128x8x1x1
cache_k_l28 (view),kernel_set_rows_f16_i64,0.003072,1024x1x1,1024x1x1,1024x4096x1x1
cache_v_l28 (reshaped) (view),kernel_set_rows_f16_i64,0.006912,16x64x1,1x64x1,1x4194304x1x1
kq-28,kernel_mul_mat_f16_f32_l4,0.078080,16384x1x32,64x1x1,256x1x32x1
kq_soft_max-28,kernel_soft_max_4,0.004096,64x32x1,64x1x1,256x1x32x1
kqv-28,kernel_mul_mat_f16_f32_l4,0.039936,8192x1x32,64x1x1,128x1x32x1
kqv_out-28,kernel_cpy_f32_f32,0.002048,2048x1x1,64x1x1,4096x1x1x1
attn_out-28,kernel_gemv_noshuffle,0.154112,2048x4x1,64x4x1,4096x1x1x1
ffn_inp-28,kernel_add_row,0.002048,1024x0x0,64x0x0,4096x1x1x1
ffn_norm-28,kernel_rms_norm_mul,0.006144,1024x1x1,1024x1x1,4096x1x1x1
ffn_gate-28,kernel_gemv_noshuffle,0.558848,7168x4x1,64x4x1,14336x1x1x1
ffn_up-28,kernel_gemv_noshuffle,0.545024,7168x4x1,64x4x1,14336x1x1x1
ffn_swiglu-28,kernel_swiglu,0.011776,512x1x1,512x1x1,14336x1x1x1
ffn_out-28,kernel_gemv_noshuffle,0.525056,2048x4x1,64x4x1,4096x1x1x1
l_out-28,kernel_add_row,0.002048,1024x0x0,64x0x0,4096x1x1x1
attn_norm-29,kernel_rms_norm_mul,0.005888,1024x1x1,1024x1x1,4096x1x1x1
Qcur-29,kernel_gemv_noshuffle,0.152064,2048x4x1,64x4x1,4096x1x1x1
Qcur-29,kernel_rope_norm_f32,0.003072,2048x1x1,64x1x1,128x32x1x1
Vcur-29,kernel_gemv_noshuffle,0.059904,512x4x1,64x4x1,1024x1x1x1
Kcur-29,kernel_gemv_noshuffle,0.060160,512x4x1,64x4x1,1024x1x1x1
Kcur-29,kernel_rope_norm_f32,0.002048,512x1x1,64x1x1,128x8x1x1
cache_k_l29 (view),kernel_set_rows_f16_i64,0.002816,1024x1x1,1024x1x1,1024x4096x1x1
cache_v_l29 (reshaped) (view),kernel_set_rows_f16_i64,0.007168,16x64x1,1x64x1,1x4194304x1x1
kq-29,kernel_mul_mat_f16_f32_l4,0.077824,16384x1x32,64x1x1,256x1x32x1
kq_soft_max-29,kernel_soft_max_4,0.004096,64x32x1,64x1x1,256x1x32x1
kqv-29,kernel_mul_mat_f16_f32_l4,0.040960,8192x1x32,64x1x1,128x1x32x1
kqv_out-29,kernel_cpy_f32_f32,0.002048,2048x1x1,64x1x1,4096x1x1x1
attn_out-29,kernel_gemv_noshuffle,0.151040,2048x4x1,64x4x1,4096x1x1x1
ffn_inp-29,kernel_add_row,0.002048,1024x0x0,64x0x0,4096x1x1x1
ffn_norm-29,kernel_rms_norm_mul,0.005888,1024x1x1,1024x1x1,4096x1x1x1
ffn_gate-29,kernel_gemv_noshuffle,0.540928,7168x4x1,64x4x1,14336x1x1x1
ffn_up-29,kernel_gemv_noshuffle,0.541952,7168x4x1,64x4x1,14336x1x1x1
ffn_swiglu-29,kernel_swiglu,0.011008,512x1x1,512x1x1,14336x1x1x1
ffn_out-29,kernel_gemv_noshuffle,0.523008,2048x4x1,64x4x1,4096x1x1x1
l_out-29,kernel_add_row,0.002048,1024x0x0,64x0x0,4096x1x1x1
attn_norm-30,kernel_rms_norm_mul,0.005888,1024x1x1,1024x1x1,4096x1x1x1
Qcur-30,kernel_gemv_noshuffle,0.151040,2048x4x1,64x4x1,4096x1x1x1
Qcur-30,kernel_rope_norm_f32,0.001792,2048x1x1,64x1x1,128x32x1x1
Vcur-30,kernel_gemv_noshuffle,0.061184,512x4x1,64x4x1,1024x1x1x1
Kcur-30,kernel_gemv_noshuffle,0.059904,512x4x1,64x4x1,1024x1x1x1
Kcur-30,kernel_rope_norm_f32,0.002048,512x1x1,64x1x1,128x8x1x1
cache_k_l30 (view),kernel_set_rows_f16_i64,0.002816,1024x1x1,1024x1x1,1024x4096x1x1
cache_v_l30 (reshaped) (view),kernel_set_rows_f16_i64,0.007168,16x64x1,1x64x1,1x4194304x1x1
kq-30,kernel_mul_mat_f16_f32_l4,0.078080,16384x1x32,64x1x1,256x1x32x1
kq_soft_max-30,kernel_soft_max_4,0.003840,64x32x1,64x1x1,256x1x32x1
kqv-30,kernel_mul_mat_f16_f32_l4,0.039936,8192x1x32,64x1x1,128x1x32x1
kqv_out-30,kernel_cpy_f32_f32,0.002048,2048x1x1,64x1x1,4096x1x1x1
attn_out-30,kernel_gemv_noshuffle,0.151040,2048x4x1,64x4x1,4096x1x1x1
ffn_inp-30,kernel_add_row,0.002048,1024x0x0,64x0x0,4096x1x1x1
ffn_norm-30,kernel_rms_norm_mul,0.006144,1024x1x1,1024x1x1,4096x1x1x1
ffn_gate-30,kernel_gemv_noshuffle,0.545024,7168x4x1,64x4x1,14336x1x1x1
ffn_up-30,kernel_gemv_noshuffle,0.548096,7168x4x1,64x4x1,14336x1x1x1
ffn_swiglu-30,kernel_swiglu,0.012032,512x1x1,512x1x1,14336x1x1x1
ffn_out-30,kernel_gemv_noshuffle,0.509952,2048x4x1,64x4x1,4096x1x1x1
l_out-30,kernel_add_row,0.002048,1024x0x0,64x0x0,4096x1x1x1
attn_norm-31,kernel_rms_norm_mul,0.005888,1024x1x1,1024x1x1,4096x1x1x1
Qcur-31,kernel_gemv_noshuffle,0.152064,2048x4x1,64x4x1,4096x1x1x1
Qcur-31,kernel_rope_norm_f32,0.002816,2048x1x1,64x1x1,128x32x1x1
Vcur-31,kernel_gemv_noshuffle,0.061184,512x4x1,64x4x1,1024x1x1x1
Kcur-31,kernel_gemv_noshuffle,0.059904,512x4x1,64x4x1,1024x1x1x1
Kcur-31,kernel_rope_norm_f32,0.002048,512x1x1,64x1x1,128x8x1x1
cache_k_l31 (view),kernel_set_rows_f16_i64,0.003072,1024x1x1,1024x1x1,1024x4096x1x1
cache_v_l31 (reshaped) (view),kernel_set_rows_f16_i64,0.007936,16x64x1,1x64x1,1x4194304x1x1
kq-31,kernel_mul_mat_f16_f32_l4,0.077056,16384x1x32,64x1x1,256x1x32x1
kq_soft_max-31,kernel_soft_max_4,0.003840,64x32x1,64x1x1,256x1x32x1
kqv-31,kernel_mul_mat_f16_f32_l4,0.040960,8192x1x32,64x1x1,128x1x32x1
kqv_out-31,kernel_cpy_f32_f32,0.002048,2048x1x1,64x1x1,4096x1x1x1
attn_out-31,kernel_gemv_noshuffle,0.147968,2048x4x1,64x4x1,4096x1x1x1
node_1145,kernel_get_rows_f32,0.017920,64x1x1,64x1x1,4096x1x1x1
node_1146,kernel_get_rows_f32,0.017920,64x1x1,64x1x1,4096x1x1x1
ffn_inp-31,kernel_add_row,0.002048,1024x0x0,64x0x0,4096x1x1x1
ffn_norm-31,kernel_rms_norm_mul,0.006144,1024x1x1,1024x1x1,4096x1x1x1
ffn_gate-31,kernel_gemv_noshuffle,0.558080,7168x4x1,64x4x1,14336x1x1x1
ffn_up-31,kernel_gemv_noshuffle,0.537088,7168x4x1,64x4x1,14336x1x1x1
ffn_swiglu-31,kernel_swiglu,0.011008,512x1x1,512x1x1,14336x1x1x1
ffn_out-31,kernel_gemv_noshuffle,0.516096,2048x4x1,64x4x1,4096x1x1x1
l_out-31,kernel_add_row,0.002048,1024x0x0,64x0x0,4096x1x1x1
result_norm,kernel_rms_norm_mul,0.006144,1024x1x1,1024x1x1,4096x1x1x1
result_output,kernel_transpose_32_16,0.005888,4096x2x0,16x1x0,128256x1x1x1
result_output,kernel_mul_mat_Ab_Bi_8x4,5.719040,1x32064x4,1x32x4,128256x1x1x1
attn_norm-0,kernel_rms_norm_mul,0.007936,1024x1x1,1024x1x1,4096x1x1x1
Qcur-0,kernel_gemv_noshuffle,0.164096,2048x4x1,64x4x1,4096x1x1x1
Qcur-0,kernel_rope_norm_f32,0.002816,2048x1x1,64x1x1,128x32x1x1
Vcur-0,kernel_gemv_noshuffle,0.062208,512x4x1,64x4x1,1024x1x1x1
Kcur-0,kernel_gemv_noshuffle,0.060160,512x4x1,64x4x1,1024x1x1x1
Kcur-0,kernel_rope_norm_f32,0.002816,512x1x1,64x1x1,128x8x1x1
cache_k_l0 (view),kernel_set_rows_f16_i64,0.003072,1024x1x1,1024x1x1,1024x4096x1x1
cache_v_l0 (reshaped) (view),kernel_set_rows_f16_i64,0.006912,16x64x1,1x64x1,1x4194304x1x1
kq-0,kernel_mul_mat_f16_f32_l4,0.076800,16384x1x32,64x1x1,256x1x32x1
kq_soft_max-0,kernel_soft_max_4,0.005120,64x32x1,64x1x1,256x1x32x1
kqv-0,kernel_mul_mat_f16_f32_l4,0.039936,8192x1x32,64x1x1,128x1x32x1
kqv_out-0,kernel_cpy_f32_f32,0.002048,2048x1x1,64x1x1,4096x1x1x1
attn_out-0,kernel_gemv_noshuffle,0.154880,2048x4x1,64x4x1,4096x1x1x1
ffn_inp-0,kernel_add_row,0.002048,1024x0x0,64x0x0,4096x1x1x1
ffn_norm-0,kernel_rms_norm_mul,0.005888,1024x1x1,1024x1x1,4096x1x1x1
ffn_gate-0,kernel_gemv_noshuffle,0.567040,7168x4x1,64x4x1,14336x1x1x1
ffn_up-0,kernel_gemv_noshuffle,0.557824,7168x4x1,64x4x1,14336x1x1x1
ffn_swiglu-0,kernel_swiglu,0.011008,512x1x1,512x1x1,14336x1x1x1
ffn_out-0,kernel_gemv_noshuffle,0.519936,2048x4x1,64x4x1,4096x1x1x1
l_out-0,kernel_add_row,0.002048,1024x0x0,64x0x0,4096x1x1x1
attn_norm-1,kernel_rms_norm_mul,0.005888,1024x1x1,1024x1x1,4096x1x1x1
Qcur-1,kernel_gemv_noshuffle,0.151040,2048x4x1,64x4x1,4096x1x1x1
Qcur-1,kernel_rope_norm_f32,0.003072,2048x1x1,64x1x1,128x32x1x1
Vcur-1,kernel_gemv_noshuffle,0.061952,512x4x1,64x4x1,1024x1x1x1
Kcur-1,kernel_gemv_noshuffle,0.060928,512x4x1,64x4x1,1024x1x1x1
Kcur-1,kernel_rope_norm_f32,0.002048,512x1x1,64x1x1,128x8x1x1
cache_k_l1 (view),kernel_set_rows_f16_i64,0.002816,1024x1x1,1024x1x1,1024x4096x1x1
cache_v_l1 (reshaped) (view),kernel_set_rows_f16_i64,0.007936,16x64x1,1x64x1,1x4194304x1x1
kq-1,kernel_mul_mat_f16_f32_l4,0.078080,16384x1x32,64x1x1,256x1x32x1
kq_soft_max-1,kernel_soft_max_4,0.004096,64x32x1,64x1x1,256x1x32x1
kqv-1,kernel_mul_mat_f16_f32_l4,0.039936,8192x1x32,64x1x1,128x1x32x1
kqv_out-1,kernel_cpy_f32_f32,0.002048,2048x1x1,64x1x1,4096x1x1x1
attn_out-1,kernel_gemv_noshuffle,0.150016,2048x4x1,64x4x1,4096x1x1x1
ffn_inp-1,kernel_add_row,0.002048,1024x0x0,64x0x0,4096x1x1x1
ffn_norm-1,kernel_rms_norm_mul,0.005888,1024x1x1,1024x1x1,4096x1x1x1
ffn_gate-1,kernel_gemv_noshuffle,0.547072,7168x4x1,64x4x1,14336x1x1x1
ffn_up-1,kernel_gemv_noshuffle,0.546816,7168x4x1,64x4x1,14336x1x1x1
ffn_swiglu-1,kernel_swiglu,0.011008,512x1x1,512x1x1,14336x1x1x1
ffn_out-1,kernel_gemv_noshuffle,0.529152,2048x4x1,64x4x1,4096x1x1x1
l_out-1,kernel_add_row,0.001792,1024x0x0,64x0x0,4096x1x1x1
attn_norm-2,kernel_rms_norm_mul,0.005888,1024x1x1,1024x1x1,4096x1x1x1
Qcur-2,kernel_gemv_noshuffle,0.150016,2048x4x1,64x4x1,4096x1x1x1
Qcur-2,kernel_rope_norm_f32,0.002048,2048x1x1,64x1x1,128x32x1x1
Vcur-2,kernel_gemv_noshuffle,0.060928,512x4x1,64x4x1,1024x1x1x1
Kcur-2,kernel_gemv_noshuffle,0.059136,512x4x1,64x4x1,1024x1x1x1
Kcur-2,kernel_rope_norm_f32,0.001792,512x1x1,64x1x1,128x8x1x1
cache_k_l2 (view),kernel_set_rows_f16_i64,0.003072,1024x1x1,1024x1x1,1024x4096x1x1
cache_v_l2 (reshaped) (view),kernel_set_rows_f16_i64,0.006912,16x64x1,1x64x1,1x4194304x1x1
kq-2,kernel_mul_mat_f16_f32_l4,0.076800,16384x1x32,64x1x1,256x1x32x1
kq_soft_max-2,kernel_soft_max_4,0.004096,64x32x1,64x1x1,256x1x32x1
kqv-2,kernel_mul_mat_f16_f32_l4,0.039936,8192x1x32,64x1x1,128x1x32x1
kqv_out-2,kernel_cpy_f32_f32,0.002048,2048x1x1,64x1x1,4096x1x1x1
attn_out-2,kernel_gemv_noshuffle,0.153088,2048x4x1,64x4x1,4096x1x1x1
ffn_inp-2,kernel_add_row,0.002048,1024x0x0,64x0x0,4096x1x1x1
ffn_norm-2,kernel_rms_norm_mul,0.006144,1024x1x1,1024x1x1,4096x1x1x1
ffn_gate-2,kernel_gemv_noshuffle,0.549888,7168x4x1,64x4x1,14336x1x1x1
ffn_up-2,kernel_gemv_noshuffle,0.557824,7168x4x1,64x4x1,14336x1x1x1
ffn_swiglu-2,kernel_swiglu,0.011008,512x1x1,512x1x1,14336x1x1x1
ffn_out-2,kernel_gemv_noshuffle,0.520960,2048x4x1,64x4x1,4096x1x1x1
l_out-2,kernel_add_row,0.002048,1024x0x0,64x0x0,4096x1x1x1
attn_norm-3,kernel_rms_norm_mul,0.005888,1024x1x1,1024x1x1,4096x1x1x1
Qcur-3,kernel_gemv_noshuffle,0.147200,2048x4x1,64x4x1,4096x1x1x1
Qcur-3,kernel_rope_norm_f32,0.003072,2048x1x1,64x1x1,128x32x1x1
Vcur-3,kernel_gemv_noshuffle,0.060928,512x4x1,64x4x1,1024x1x1x1
Kcur-3,kernel_gemv_noshuffle,0.060928,512x4x1,64x4x1,1024x1x1x1
Kcur-3,kernel_rope_norm_f32,0.002048,512x1x1,64x1x1,128x8x1x1
cache_k_l3 (view),kernel_set_rows_f16_i64,0.003072,1024x1x1,1024x1x1,1024x4096x1x1
cache_v_l3 (reshaped) (view),kernel_set_rows_f16_i64,0.007936,16x64x1,1x64x1,1x4194304x1x1
kq-3,kernel_mul_mat_f16_f32_l4,0.077824,16384x1x32,64x1x1,256x1x32x1
kq_soft_max-3,kernel_soft_max_4,0.005120,64x32x1,64x1x1,256x1x32x1
kqv-3,kernel_mul_mat_f16_f32_l4,0.039936,8192x1x32,64x1x1,128x1x32x1
kqv_out-3,kernel_cpy_f32_f32,0.002048,2048x1x1,64x1x1,4096x1x1x1
attn_out-3,kernel_gemv_noshuffle,0.150016,2048x4x1,64x4x1,4096x1x1x1
ffn_inp-3,kernel_add_row,0.002048,1024x0x0,64x0x0,4096x1x1x1
ffn_norm-3,kernel_rms_norm_mul,0.005888,1024x1x1,1024x1x1,4096x1x1x1
ffn_gate-3,kernel_gemv_noshuffle,0.542976,7168x4x1,64x4x1,14336x1x1x1
ffn_up-3,kernel_gemv_noshuffle,0.536064,7168x4x1,64x4x1,14336x1x1x1
ffn_swiglu-3,kernel_swiglu,0.011008,512x1x1,512x1x1,14336x1x1x1
ffn_out-3,kernel_gemv_noshuffle,0.520960,2048x4x1,64x4x1,4096x1x1x1
l_out-3,kernel_add_row,0.002048,1024x0x0,64x0x0,4096x1x1x1
attn_norm-4,kernel_rms_norm_mul,0.006144,1024x1x1,1024x1x1,4096x1x1x1
Qcur-4,kernel_gemv_noshuffle,0.152832,2048x4x1,64x4x1,4096x1x1x1
Qcur-4,kernel_rope_norm_f32,0.003072,2048x1x1,64x1x1,128x32x1x1
Vcur-4,kernel_gemv_noshuffle,0.061952,512x4x1,64x4x1,1024x1x1x1
Kcur-4,kernel_gemv_noshuffle,0.060928,512x4x1,64x4x1,1024x1x1x1
Kcur-4,kernel_rope_norm_f32,0.003072,512x1x1,64x1x1,128x8x1x1
cache_k_l4 (view),kernel_set_rows_f16_i64,0.003072,1024x1x1,1024x1x1,1024x4096x1x1
cache_v_l4 (reshaped) (view),kernel_set_rows_f16_i64,0.007936,16x64x1,1x64x1,1x4194304x1x1
kq-4,kernel_mul_mat_f16_f32_l4,0.078080,16384x1x32,64x1x1,256x1x32x1
kq_soft_max-4,kernel_soft_max_4,0.004096,64x32x1,64x1x1,256x1x32x1
kqv-4,kernel_mul_mat_f16_f32_l4,0.040192,8192x1x32,64x1x1,128x1x32x1
kqv_out-4,kernel_cpy_f32_f32,0.001792,2048x1x1,64x1x1,4096x1x1x1
attn_out-4,kernel_gemv_noshuffle,0.155136,2048x4x1,64x4x1,4096x1x1x1
ffn_inp-4,kernel_add_row,0.002048,1024x0x0,64x0x0,4096x1x1x1
ffn_norm-4,kernel_rms_norm_mul,0.005888,1024x1x1,1024x1x1,4096x1x1x1
ffn_gate-4,kernel_gemv_noshuffle,0.545024,7168x4x1,64x4x1,14336x1x1x1
ffn_up-4,kernel_gemv_noshuffle,0.542208,7168x4x1,64x4x1,14336x1x1x1
ffn_swiglu-4,kernel_swiglu,0.011776,512x1x1,512x1x1,14336x1x1x1
ffn_out-4,kernel_gemv_noshuffle,0.525056,2048x4x1,64x4x1,4096x1x1x1
l_out-4,kernel_add_row,0.002048,1024x0x0,64x0x0,4096x1x1x1
attn_norm-5,kernel_rms_norm_mul,0.005888,1024x1x1,1024x1x1,4096x1x1x1
Qcur-5,kernel_gemv_noshuffle,0.155136,2048x4x1,64x4x1,4096x1x1x1
Qcur-5,kernel_rope_norm_f32,0.002816,2048x1x1,64x1x1,128x32x1x1
Vcur-5,kernel_gemv_noshuffle,0.061184,512x4x1,64x4x1,1024x1x1x1
Kcur-5,kernel_gemv_noshuffle,0.060928,512x4x1,64x4x1,1024x1x1x1
Kcur-5,kernel_rope_norm_f32,0.002048,512x1x1,64x1x1,128x8x1x1
cache_k_l5 (view),kernel_set_rows_f16_i64,0.003072,1024x1x1,1024x1x1,1024x4096x1x1
cache_v_l5 (reshaped) (view),kernel_set_rows_f16_i64,0.006912,16x64x1,1x64x1,1x4194304x1x1
kq-5,kernel_mul_mat_f16_f32_l4,0.078080,16384x1x32,64x1x1,256x1x32x1
kq_soft_max-5,kernel_soft_max_4,0.004864,64x32x1,64x1x1,256x1x32x1
kqv-5,kernel_mul_mat_f16_f32_l4,0.039936,8192x1x32,64x1x1,128x1x32x1
kqv_out-5,kernel_cpy_f32_f32,0.002048,2048x1x1,64x1x1,4096x1x1x1
attn_out-5,kernel_gemv_noshuffle,0.150784,2048x4x1,64x4x1,4096x1x1x1
ffn_inp-5,kernel_add_row,0.002048,1024x0x0,64x0x0,4096x1x1x1
ffn_norm-5,kernel_rms_norm_mul,0.006144,1024x1x1,1024x1x1,4096x1x1x1
ffn_gate-5,kernel_gemv_noshuffle,0.558080,7168x4x1,64x4x1,14336x1x1x1
ffn_up-5,kernel_gemv_noshuffle,0.540928,7168x4x1,64x4x1,14336x1x1x1
ffn_swiglu-5,kernel_swiglu,0.011008,512x1x1,512x1x1,14336x1x1x1
ffn_out-5,kernel_gemv_noshuffle,0.526080,2048x4x1,64x4x1,4096x1x1x1
l_out-5,kernel_add_row,0.002048,1024x0x0,64x0x0,4096x1x1x1
attn_norm-6,kernel_rms_norm_mul,0.006144,1024x1x1,1024x1x1,4096x1x1x1
Qcur-6,kernel_gemv_noshuffle,0.150784,2048x4x1,64x4x1,4096x1x1x1
Qcur-6,kernel_rope_norm_f32,0.003072,2048x1x1,64x1x1,128x32x1x1
Vcur-6,kernel_gemv_noshuffle,0.061952,512x4x1,64x4x1,1024x1x1x1
Kcur-6,kernel_gemv_noshuffle,0.060160,512x4x1,64x4x1,1024x1x1x1
Kcur-6,kernel_rope_norm_f32,0.001792,512x1x1,64x1x1,128x8x1x1
cache_k_l6 (view),kernel_set_rows_f16_i64,0.003072,1024x1x1,1024x1x1,1024x4096x1x1
cache_v_l6 (reshaped) (view),kernel_set_rows_f16_i64,0.007936,16x64x1,1x64x1,1x4194304x1x1
kq-6,kernel_mul_mat_f16_f32_l4,0.077056,16384x1x32,64x1x1,256x1x32x1
kq_soft_max-6,kernel_soft_max_4,0.004096,64x32x1,64x1x1,256x1x32x1
kqv-6,kernel_mul_mat_f16_f32_l4,0.039936,8192x1x32,64x1x1,128x1x32x1
kqv_out-6,kernel_cpy_f32_f32,0.002048,2048x1x1,64x1x1,4096x1x1x1
attn_out-6,kernel_gemv_noshuffle,0.151040,2048x4x1,64x4x1,4096x1x1x1
ffn_inp-6,kernel_add_row,0.001792,1024x0x0,64x0x0,4096x1x1x1
ffn_norm-6,kernel_rms_norm_mul,0.006144,1024x1x1,1024x1x1,4096x1x1x1
ffn_gate-6,kernel_gemv_noshuffle,0.545024,7168x4x1,64x4x1,14336x1x1x1
ffn_up-6,kernel_gemv_noshuffle,0.556032,7168x4x1,64x4x1,14336x1x1x1
ffn_swiglu-6,kernel_swiglu,0.012032,512x1x1,512x1x1,14336x1x1x1
ffn_out-6,kernel_gemv_noshuffle,0.525056,2048x4x1,64x4x1,4096x1x1x1
l_out-6,kernel_add_row,0.002048,1024x0x0,64x0x0,4096x1x1x1
attn_norm-7,kernel_rms_norm_mul,0.006144,1024x1x1,1024x1x1,4096x1x1x1
Qcur-7,kernel_gemv_noshuffle,0.152832,2048x4x1,64x4x1,4096x1x1x1
Qcur-7,kernel_rope_norm_f32,0.003072,2048x1x1,64x1x1,128x32x1x1
Vcur-7,kernel_gemv_noshuffle,0.061952,512x4x1,64x4x1,1024x1x1x1
Kcur-7,kernel_gemv_noshuffle,0.060928,512x4x1,64x4x1,1024x1x1x1
Kcur-7,kernel_rope_norm_f32,0.002048,512x1x1,64x1x1,128x8x1x1
cache_k_l7 (view),kernel_set_rows_f16_i64,0.002816,1024x1x1,1024x1x1,1024x4096x1x1
cache_v_l7 (reshaped) (view),kernel_set_rows_f16_i64,0.007168,16x64x1,1x64x1,1x4194304x1x1
kq-7,kernel_mul_mat_f16_f32_l4,0.077824,16384x1x32,64x1x1,256x1x32x1
kq_soft_max-7,kernel_soft_max_4,0.004096,64x32x1,64x1x1,256x1x32x1
kqv-7,kernel_mul_mat_f16_f32_l4,0.039936,8192x1x32,64x1x1,128x1x32x1
kqv_out-7,kernel_cpy_f32_f32,0.002048,2048x1x1,64x1x1,4096x1x1x1
attn_out-7,kernel_gemv_noshuffle,0.152064,2048x4x1,64x4x1,4096x1x1x1
ffn_inp-7,kernel_add_row,0.002048,1024x0x0,64x0x0,4096x1x1x1
ffn_norm-7,kernel_rms_norm_mul,0.005888,1024x1x1,1024x1x1,4096x1x1x1
ffn_gate-7,kernel_gemv_noshuffle,0.555008,7168x4x1,64x4x1,14336x1x1x1
ffn_up-7,kernel_gemv_noshuffle,0.559104,7168x4x1,64x4x1,14336x1x1x1
ffn_swiglu-7,kernel_swiglu,0.012032,512x1x1,512x1x1,14336x1x1x1
ffn_out-7,kernel_gemv_noshuffle,0.530176,2048x4x1,64x4x1,4096x1x1x1
l_out-7,kernel_add_row,0.001792,1024x0x0,64x0x0,4096x1x1x1
attn_norm-8,kernel_rms_norm_mul,0.006144,1024x1x1,1024x1x1,4096x1x1x1
Qcur-8,kernel_gemv_noshuffle,0.154112,2048x4x1,64x4x1,4096x1x1x1
Qcur-8,kernel_rope_norm_f32,0.002048,2048x1x1,64x1x1,128x32x1x1
Vcur-8,kernel_gemv_noshuffle,0.061952,512x4x1,64x4x1,1024x1x1x1
Kcur-8,kernel_gemv_noshuffle,0.059904,512x4x1,64x4x1,1024x1x1x1
Kcur-8,kernel_rope_norm_f32,0.003072,512x1x1,64x1x1,128x8x1x1
cache_k_l8 (view),kernel_set_rows_f16_i64,0.003072,1024x1x1,1024x1x1,1024x4096x1x1
cache_v_l8 (reshaped) (view),kernel_set_rows_f16_i64,0.008192,16x64x1,1x64x1,1x4194304x1x1
kq-8,kernel_mul_mat_f16_f32_l4,0.078080,16384x1x32,64x1x1,256x1x32x1
kq_soft_max-8,kernel_soft_max_4,0.004096,64x32x1,64x1x1,256x1x32x1
kqv-8,kernel_mul_mat_f16_f32_l4,0.040192,8192x1x32,64x1x1,128x1x32x1
kqv_out-8,kernel_cpy_f32_f32,0.002048,2048x1x1,64x1x1,4096x1x1x1
attn_out-8,kernel_gemv_noshuffle,0.154112,2048x4x1,64x4x1,4096x1x1x1
ffn_inp-8,kernel_add_row,0.002048,1024x0x0,64x0x0,4096x1x1x1
ffn_norm-8,kernel_rms_norm_mul,0.005888,1024x1x1,1024x1x1,4096x1x1x1
ffn_gate-8,kernel_gemv_noshuffle,0.545024,7168x4x1,64x4x1,14336x1x1x1
ffn_up-8,kernel_gemv_noshuffle,0.555008,7168x4x1,64x4x1,14336x1x1x1
ffn_swiglu-8,kernel_swiglu,0.011008,512x1x1,512x1x1,14336x1x1x1
ffn_out-8,kernel_gemv_noshuffle,0.527104,2048x4x1,64x4x1,4096x1x1x1
l_out-8,kernel_add_row,0.002048,1024x0x0,64x0x0,4096x1x1x1
attn_norm-9,kernel_rms_norm_mul,0.005888,1024x1x1,1024x1x1,4096x1x1x1
Qcur-9,kernel_gemv_noshuffle,0.148992,2048x4x1,64x4x1,4096x1x1x1
Qcur-9,kernel_rope_norm_f32,0.003072,2048x1x1,64x1x1,128x32x1x1
Vcur-9,kernel_gemv_noshuffle,0.060928,512x4x1,64x4x1,1024x1x1x1
Kcur-9,kernel_gemv_noshuffle,0.061184,512x4x1,64x4x1,1024x1x1x1
Kcur-9,kernel_rope_norm_f32,0.002816,512x1x1,64x1x1,128x8x1x1
cache_k_l9 (view),kernel_set_rows_f16_i64,0.003072,1024x1x1,1024x1x1,1024x4096x1x1
cache_v_l9 (reshaped) (view),kernel_set_rows_f16_i64,0.006912,16x64x1,1x64x1,1x4194304x1x1
kq-9,kernel_mul_mat_f16_f32_l4,0.078080,16384x1x32,64x1x1,256x1x32x1
kq_soft_max-9,kernel_soft_max_4,0.004096,64x32x1,64x1x1,256x1x32x1
kqv-9,kernel_mul_mat_f16_f32_l4,0.040192,8192x1x32,64x1x1,128x1x32x1
kqv_out-9,kernel_cpy_f32_f32,0.001792,2048x1x1,64x1x1,4096x1x1x1
attn_out-9,kernel_gemv_noshuffle,0.150016,2048x4x1,64x4x1,4096x1x1x1
ffn_inp-9,kernel_add_row,0.002048,1024x0x0,64x0x0,4096x1x1x1
ffn_norm-9,kernel_rms_norm_mul,0.005888,1024x1x1,1024x1x1,4096x1x1x1
ffn_gate-9,kernel_gemv_noshuffle,0.549888,7168x4x1,64x4x1,14336x1x1x1
ffn_up-9,kernel_gemv_noshuffle,0.539136,7168x4x1,64x4x1,14336x1x1x1
ffn_swiglu-9,kernel_swiglu,0.011776,512x1x1,512x1x1,14336x1x1x1
ffn_out-9,kernel_gemv_noshuffle,0.518144,2048x4x1,64x4x1,4096x1x1x1
l_out-9,kernel_add_row,0.002048,1024x0x0,64x0x0,4096x1x1x1
attn_norm-10,kernel_rms_norm_mul,0.006144,1024x1x1,1024x1x1,4096x1x1x1
Qcur-10,kernel_gemv_noshuffle,0.150016,2048x4x1,64x4x1,4096x1x1x1
Qcur-10,kernel_rope_norm_f32,0.003072,2048x1x1,64x1x1,128x32x1x1
Vcur-10,kernel_gemv_noshuffle,0.061952,512x4x1,64x4x1,1024x1x1x1
Kcur-10,kernel_gemv_noshuffle,0.060160,512x4x1,64x4x1,1024x1x1x1
Kcur-10,kernel_rope_norm_f32,0.001792,512x1x1,64x1x1,128x8x1x1
cache_k_l10 (view),kernel_set_rows_f16_i64,0.003072,1024x1x1,1024x1x1,1024x4096x1x1
cache_v_l10 (reshaped) (view),kernel_set_rows_f16_i64,0.006912,16x64x1,1x64x1,1x4194304x1x1
kq-10,kernel_mul_mat_f16_f32_l4,0.077824,16384x1x32,64x1x1,256x1x32x1
kq_soft_max-10,kernel_soft_max_4,0.004096,64x32x1,64x1x1,256x1x32x1
kqv-10,kernel_mul_mat_f16_f32_l4,0.039936,8192x1x32,64x1x1,128x1x32x1
kqv_out-10,kernel_cpy_f32_f32,0.002048,2048x1x1,64x1x1,4096x1x1x1
attn_out-10,kernel_gemv_noshuffle,0.151040,2048x4x1,64x4x1,4096x1x1x1
ffn_inp-10,kernel_add_row,0.001792,1024x0x0,64x0x0,4096x1x1x1
ffn_norm-10,kernel_rms_norm_mul,0.006144,1024x1x1,1024x1x1,4096x1x1x1
ffn_gate-10,kernel_gemv_noshuffle,0.539904,7168x4x1,64x4x1,14336x1x1x1
ffn_up-10,kernel_gemv_noshuffle,0.552960,7168x4x1,64x4x1,14336x1x1x1
ffn_swiglu-10,kernel_swiglu,0.012032,512x1x1,512x1x1,14336x1x1x1
ffn_out-10,kernel_gemv_noshuffle,0.520960,2048x4x1,64x4x1,4096x1x1x1
l_out-10,kernel_add_row,0.002048,1024x0x0,64x0x0,4096x1x1x1
attn_norm-11,kernel_rms_norm_mul,0.005888,1024x1x1,1024x1x1,4096x1x1x1
Qcur-11,kernel_gemv_noshuffle,0.152064,2048x4x1,64x4x1,4096x1x1x1
Qcur-11,kernel_rope_norm_f32,0.002816,2048x1x1,64x1x1,128x32x1x1
Vcur-11,kernel_gemv_noshuffle,0.062208,512x4x1,64x4x1,1024x1x1x1
Kcur-11,kernel_gemv_noshuffle,0.060928,512x4x1,64x4x1,1024x1x1x1
Kcur-11,kernel_rope_norm_f32,0.002048,512x1x1,64x1x1,128x8x1x1
cache_k_l11 (view),kernel_set_rows_f16_i64,0.003072,1024x1x1,1024x1x1,1024x4096x1x1
cache_v_l11 (reshaped) (view),kernel_set_rows_f16_i64,0.006912,16x64x1,1x64x1,1x4194304x1x1
kq-11,kernel_mul_mat_f16_f32_l4,0.078080,16384x1x32,64x1x1,256x1x32x1
kq_soft_max-11,kernel_soft_max_4,0.003840,64x32x1,64x1x1,256x1x32x1
kqv-11,kernel_mul_mat_f16_f32_l4,0.039936,8192x1x32,64x1x1,128x1x32x1
kqv_out-11,kernel_cpy_f32_f32,0.002048,2048x1x1,64x1x1,4096x1x1x1
attn_out-11,kernel_gemv_noshuffle,0.147968,2048x4x1,64x4x1,4096x1x1x1
ffn_inp-11,kernel_add_row,0.001792,1024x0x0,64x0x0,4096x1x1x1
ffn_norm-11,kernel_rms_norm_mul,0.006144,1024x1x1,1024x1x1,4096x1x1x1
ffn_gate-11,kernel_gemv_noshuffle,0.552960,7168x4x1,64x4x1,14336x1x1x1
ffn_up-11,kernel_gemv_noshuffle,0.542976,7168x4x1,64x4x1,14336x1x1x1
ffn_swiglu-11,kernel_swiglu,0.011008,512x1x1,512x1x1,14336x1x1x1
ffn_out-11,kernel_gemv_noshuffle,0.518912,2048x4x1,64x4x1,4096x1x1x1
l_out-11,kernel_add_row,0.002048,1024x0x0,64x0x0,4096x1x1x1
attn_norm-12,kernel_rms_norm_mul,0.006144,1024x1x1,1024x1x1,4096x1x1x1
Qcur-12,kernel_gemv_noshuffle,0.150016,2048x4x1,64x4x1,4096x1x1x1
Qcur-12,kernel_rope_norm_f32,0.002816,2048x1x1,64x1x1,128x32x1x1
Vcur-12,kernel_gemv_noshuffle,0.062976,512x4x1,64x4x1,1024x1x1x1
Kcur-12,kernel_gemv_noshuffle,0.061184,512x4x1,64x4x1,1024x1x1x1
Kcur-12,kernel_rope_norm_f32,0.001792,512x1x1,64x1x1,128x8x1x1
cache_k_l12 (view),kernel_set_rows_f16_i64,0.003072,1024x1x1,1024x1x1,1024x4096x1x1
cache_v_l12 (reshaped) (view),kernel_set_rows_f16_i64,0.006912,16x64x1,1x64x1,1x4194304x1x1
kq-12,kernel_mul_mat_f16_f32_l4,0.077824,16384x1x32,64x1x1,256x1x32x1
kq_soft_max-12,kernel_soft_max_4,0.004096,64x32x1,64x1x1,256x1x32x1
kqv-12,kernel_mul_mat_f16_f32_l4,0.040960,8192x1x32,64x1x1,128x1x32x1
kqv_out-12,kernel_cpy_f32_f32,0.002048,2048x1x1,64x1x1,4096x1x1x1
attn_out-12,kernel_gemv_noshuffle,0.153088,2048x4x1,64x4x1,4096x1x1x1
ffn_inp-12,kernel_add_row,0.002048,1024x0x0,64x0x0,4096x1x1x1
ffn_norm-12,kernel_rms_norm_mul,0.006144,1024x1x1,1024x1x1,4096x1x1x1
ffn_gate-12,kernel_gemv_noshuffle,0.545024,7168x4x1,64x4x1,14336x1x1x1
ffn_up-12,kernel_gemv_noshuffle,0.549888,7168x4x1,64x4x1,14336x1x1x1
ffn_swiglu-12,kernel_swiglu,0.012032,512x1x1,512x1x1,14336x1x1x1
ffn_out-12,kernel_gemv_noshuffle,0.525056,2048x4x1,64x4x1,4096x1x1x1
l_out-12,kernel_add_row,0.002048,1024x0x0,64x0x0,4096x1x1x1
attn_norm-13,kernel_rms_norm_mul,0.005888,1024x1x1,1024x1x1,4096x1x1x1
Qcur-13,kernel_gemv_noshuffle,0.150016,2048x4x1,64x4x1,4096x1x1x1
Qcur-13,kernel_rope_norm_f32,0.003072,2048x1x1,64x1x1,128x32x1x1
Vcur-13,kernel_gemv_noshuffle,0.059904,512x4x1,64x4x1,1024x1x1x1
Kcur-13,kernel_gemv_noshuffle,0.059904,512x4x1,64x4x1,1024x1x1x1
Kcur-13,kernel_rope_norm_f32,0.002048,512x1x1,64x1x1,128x8x1x1
cache_k_l13 (view),kernel_set_rows_f16_i64,0.002816,1024x1x1,1024x1x1,1024x4096x1x1
cache_v_l13 (reshaped) (view),kernel_set_rows_f16_i64,0.007168,16x64x1,1x64x1,1x4194304x1x1
kq-13,kernel_mul_mat_f16_f32_l4,0.077824,16384x1x32,64x1x1,256x1x32x1
kq_soft_max-13,kernel_soft_max_4,0.004096,64x32x1,64x1x1,256x1x32x1
kqv-13,kernel_mul_mat_f16_f32_l4,0.040960,8192x1x32,64x1x1,128x1x32x1
kqv_out-13,kernel_cpy_f32_f32,0.002048,2048x1x1,64x1x1,4096x1x1x1
attn_out-13,kernel_gemv_noshuffle,0.153088,2048x4x1,64x4x1,4096x1x1x1
ffn_inp-13,kernel_add_row,0.002048,1024x0x0,64x0x0,4096x1x1x1
ffn_norm-13,kernel_rms_norm_mul,0.005888,1024x1x1,1024x1x1,4096x1x1x1
ffn_gate-13,kernel_gemv_noshuffle,0.562944,7168x4x1,64x4x1,14336x1x1x1
ffn_up-13,kernel_gemv_noshuffle,0.538112,7168x4x1,64x4x1,14336x1x1x1
ffn_swiglu-13,kernel_swiglu,0.011008,512x1x1,512x1x1,14336x1x1x1
ffn_out-13,kernel_gemv_noshuffle,0.512000,2048x4x1,64x4x1,4096x1x1x1
l_out-13,kernel_add_row,0.002048,1024x0x0,64x0x0,4096x1x1x1
attn_norm-14,kernel_rms_norm_mul,0.005888,1024x1x1,1024x1x1,4096x1x1x1
Qcur-14,kernel_gemv_noshuffle,0.148992,2048x4x1,64x4x1,4096x1x1x1
Qcur-14,kernel_rope_norm_f32,0.003072,2048x1x1,64x1x1,128x32x1x1
Vcur-14,kernel_gemv_noshuffle,0.061952,512x4x1,64x4x1,1024x1x1x1
Kcur-14,kernel_gemv_noshuffle,0.059904,512x4x1,64x4x1,1024x1x1x1
Kcur-14,kernel_rope_norm_f32,0.002048,512x1x1,64x1x1,128x8x1x1
cache_k_l14 (view),kernel_set_rows_f16_i64,0.003072,1024x1x1,1024x1x1,1024x4096x1x1
cache_v_l14 (reshaped) (view),kernel_set_rows_f16_i64,0.006912,16x64x1,1x64x1,1x4194304x1x1
kq-14,kernel_mul_mat_f16_f32_l4,0.077056,16384x1x32,64x1x1,256x1x32x1
kq_soft_max-14,kernel_soft_max_4,0.004096,64x32x1,64x1x1,256x1x32x1
kqv-14,kernel_mul_mat_f16_f32_l4,0.039936,8192x1x32,64x1x1,128x1x32x1
kqv_out-14,kernel_cpy_f32_f32,0.003072,2048x1x1,64x1x1,4096x1x1x1
attn_out-14,kernel_gemv_noshuffle,0.152832,2048x4x1,64x4x1,4096x1x1x1
ffn_inp-14,kernel_add_row,0.002048,1024x0x0,64x0x0,4096x1x1x1
ffn_norm-14,kernel_rms_norm_mul,0.005888,1024x1x1,1024x1x1,4096x1x1x1
ffn_gate-14,kernel_gemv_noshuffle,0.535040,7168x4x1,64x4x1,14336x1x1x1
ffn_up-14,kernel_gemv_noshuffle,0.556032,7168x4x1,64x4x1,14336x1x1x1
ffn_swiglu-14,kernel_swiglu,0.010752,512x1x1,512x1x1,14336x1x1x1
ffn_out-14,kernel_gemv_noshuffle,0.516096,2048x4x1,64x4x1,4096x1x1x1
l_out-14,kernel_add_row,0.002048,1024x0x0,64x0x0,4096x1x1x1
attn_norm-15,kernel_rms_norm_mul,0.005888,1024x1x1,1024x1x1,4096x1x1x1
Qcur-15,kernel_gemv_noshuffle,0.145152,2048x4x1,64x4x1,4096x1x1x1
Qcur-15,kernel_rope_norm_f32,0.002816,2048x1x1,64x1x1,128x32x1x1
Vcur-15,kernel_gemv_noshuffle,0.060160,512x4x1,64x4x1,1024x1x1x1
Kcur-15,kernel_gemv_noshuffle,0.060160,512x4x1,64x4x1,1024x1x1x1
Kcur-15,kernel_rope_norm_f32,0.001792,512x1x1,64x1x1,128x8x1x1
cache_k_l15 (view),kernel_set_rows_f16_i64,0.003072,1024x1x1,1024x1x1,1024x4096x1x1
cache_v_l15 (reshaped) (view),kernel_set_rows_f16_i64,0.006912,16x64x1,1x64x1,1x4194304x1x1
kq-15,kernel_mul_mat_f16_f32_l4,0.078080,16384x1x32,64x1x1,256x1x32x1
kq_soft_max-15,kernel_soft_max_4,0.003840,64x32x1,64x1x1,256x1x32x1
kqv-15,kernel_mul_mat_f16_f32_l4,0.040192,8192x1x32,64x1x1,128x1x32x1
kqv_out-15,kernel_cpy_f32_f32,0.001792,2048x1x1,64x1x1,4096x1x1x1
attn_out-15,kernel_gemv_noshuffle,0.144896,2048x4x1,64x4x1,4096x1x1x1
ffn_inp-15,kernel_add_row,0.002048,1024x0x0,64x0x0,4096x1x1x1
ffn_norm-15,kernel_rms_norm_mul,0.005888,1024x1x1,1024x1x1,4096x1x1x1
ffn_gate-15,kernel_gemv_noshuffle,0.550144,7168x4x1,64x4x1,14336x1x1x1
ffn_up-15,kernel_gemv_noshuffle,0.529920,7168x4x1,64x4x1,14336x1x1x1
ffn_swiglu-15,kernel_swiglu,0.012032,512x1x1,512x1x1,14336x1x1x1
ffn_out-15,kernel_gemv_noshuffle,0.506880,2048x4x1,64x4x1,4096x1x1x1
l_out-15,kernel_add_row,0.002048,1024x0x0,64x0x0,4096x1x1x1
attn_norm-16,kernel_rms_norm_mul,0.006144,1024x1x1,1024x1x1,4096x1x1x1
Qcur-16,kernel_gemv_noshuffle,0.148992,2048x4x1,64x4x1,4096x1x1x1
Qcur-16,kernel_rope_norm_f32,0.002816,2048x1x1,64x1x1,128x32x1x1
Vcur-16,kernel_gemv_noshuffle,0.060160,512x4x1,64x4x1,1024x1x1x1
Kcur-16,kernel_gemv_noshuffle,0.058880,512x4x1,64x4x1,1024x1x1x1
Kcur-16,kernel_rope_norm_f32,0.003072,512x1x1,64x1x1,128x8x1x1
cache_k_l16 (view),kernel_set_rows_f16_i64,0.002816,1024x1x1,1024x1x1,1024x4096x1x1
cache_v_l16 (reshaped) (view),kernel_set_rows_f16_i64,0.007168,16x64x1,1x64x1,1x4194304x1x1
kq-16,kernel_mul_mat_f16_f32_l4,0.077056,16384x1x32,64x1x1,256x1x32x1
kq_soft_max-16,kernel_soft_max_4,0.004096,64x32x1,64x1x1,256x1x32x1
kqv-16,kernel_mul_mat_f16_f32_l4,0.039936,8192x1x32,64x1x1,128x1x32x1
kqv_out-16,kernel_cpy_f32_f32,0.001792,2048x1x1,64x1x1,4096x1x1x1
attn_out-16,kernel_gemv_noshuffle,0.148224,2048x4x1,64x4x1,4096x1x1x1
ffn_inp-16,kernel_add_row,0.001792,1024x0x0,64x0x0,4096x1x1x1
ffn_norm-16,kernel_rms_norm_mul,0.006144,1024x1x1,1024x1x1,4096x1x1x1
ffn_gate-16,kernel_gemv_noshuffle,0.530944,7168x4x1,64x4x1,14336x1x1x1
ffn_up-16,kernel_gemv_noshuffle,0.554240,7168x4x1,64x4x1,14336x1x1x1
ffn_swiglu-16,kernel_swiglu,0.012032,512x1x1,512x1x1,14336x1x1x1
ffn_out-16,kernel_gemv_noshuffle,0.514048,2048x4x1,64x4x1,4096x1x1x1
l_out-16,kernel_add_row,0.002048,1024x0x0,64x0x0,4096x1x1x1
attn_norm-17,kernel_rms_norm_mul,0.005888,1024x1x1,1024x1x1,4096x1x1x1
Qcur-17,kernel_gemv_noshuffle,0.156160,2048x4x1,64x4x1,4096x1x1x1
Qcur-17,kernel_rope_norm_f32,0.003072,2048x1x1,64x1x1,128x32x1x1
Vcur-17,kernel_gemv_noshuffle,0.061952,512x4x1,64x4x1,1024x1x1x1
Kcur-17,kernel_gemv_noshuffle,0.060928,512x4x1,64x4x1,1024x1x1x1
Kcur-17,kernel_rope_norm_f32,0.002048,512x1x1,64x1x1,128x8x1x1
cache_k_l17 (view),kernel_set_rows_f16_i64,0.003072,1024x1x1,1024x1x1,1024x4096x1x1
cache_v_l17 (reshaped) (view),kernel_set_rows_f16_i64,0.007936,16x64x1,1x64x1,1x4194304x1x1
kq-17,kernel_mul_mat_f16_f32_l4,0.077824,16384x1x32,64x1x1,256x1x32x1
kq_soft_max-17,kernel_soft_max_4,0.004096,64x32x1,64x1x1,256x1x32x1
kqv-17,kernel_mul_mat_f16_f32_l4,0.040960,8192x1x32,64x1x1,128x1x32x1
kqv_out-17,kernel_cpy_f32_f32,0.002048,2048x1x1,64x1x1,4096x1x1x1
attn_out-17,kernel_gemv_noshuffle,0.146176,2048x4x1,64x4x1,4096x1x1x1
ffn_inp-17,kernel_add_row,0.001792,1024x0x0,64x0x0,4096x1x1x1
ffn_norm-17,kernel_rms_norm_mul,0.006144,1024x1x1,1024x1x1,4096x1x1x1
ffn_gate-17,kernel_gemv_noshuffle,0.547840,7168x4x1,64x4x1,14336x1x1x1
ffn_up-17,kernel_gemv_noshuffle,0.553984,7168x4x1,64x4x1,14336x1x1x1
ffn_swiglu-17,kernel_swiglu,0.012032,512x1x1,512x1x1,14336x1x1x1
ffn_out-17,kernel_gemv_noshuffle,0.509952,2048x4x1,64x4x1,4096x1x1x1
l_out-17,kernel_add_row,0.002048,1024x0x0,64x0x0,4096x1x1x1
attn_norm-18,kernel_rms_norm_mul,0.005888,1024x1x1,1024x1x1,4096x1x1x1
Qcur-18,kernel_gemv_noshuffle,0.148992,2048x4x1,64x4x1,4096x1x1x1
Qcur-18,kernel_rope_norm_f32,0.002048,2048x1x1,64x1x1,128x32x1x1
Vcur-18,kernel_gemv_noshuffle,0.060928,512x4x1,64x4x1,1024x1x1x1
Kcur-18,kernel_gemv_noshuffle,0.059904,512x4x1,64x4x1,1024x1x1x1
Kcur-18,kernel_rope_norm_f32,0.002048,512x1x1,64x1x1,128x8x1x1
cache_k_l18 (view),kernel_set_rows_f16_i64,0.003072,1024x1x1,1024x1x1,1024x4096x1x1
cache_v_l18 (reshaped) (view),kernel_set_rows_f16_i64,0.006912,16x64x1,1x64x1,1x4194304x1x1
kq-18,kernel_mul_mat_f16_f32_l4,0.078080,16384x1x32,64x1x1,256x1x32x1
kq_soft_max-18,kernel_soft_max_4,0.004096,64x32x1,64x1x1,256x1x32x1
kqv-18,kernel_mul_mat_f16_f32_l4,0.039936,8192x1x32,64x1x1,128x1x32x1
kqv_out-18,kernel_cpy_f32_f32,0.002048,2048x1x1,64x1x1,4096x1x1x1
attn_out-18,kernel_gemv_noshuffle,0.148992,2048x4x1,64x4x1,4096x1x1x1
ffn_inp-18,kernel_add_row,0.002048,1024x0x0,64x0x0,4096x1x1x1
ffn_norm-18,kernel_rms_norm_mul,0.006144,1024x1x1,1024x1x1,4096x1x1x1
ffn_gate-18,kernel_gemv_noshuffle,0.540928,7168x4x1,64x4x1,14336x1x1x1
ffn_up-18,kernel_gemv_noshuffle,0.545024,7168x4x1,64x4x1,14336x1x1x1
ffn_swiglu-18,kernel_swiglu,0.011008,512x1x1,512x1x1,14336x1x1x1
ffn_out-18,kernel_gemv_noshuffle,0.518144,2048x4x1,64x4x1,4096x1x1x1
l_out-18,kernel_add_row,0.002048,1024x0x0,64x0x0,4096x1x1x1
attn_norm-19,kernel_rms_norm_mul,0.006144,1024x1x1,1024x1x1,4096x1x1x1
Qcur-19,kernel_gemv_noshuffle,0.145920,2048x4x1,64x4x1,4096x1x1x1
Qcur-19,kernel_rope_norm_f32,0.003072,2048x1x1,64x1x1,128x32x1x1
Vcur-19,kernel_gemv_noshuffle,0.059904,512x4x1,64x4x1,1024x1x1x1
Kcur-19,kernel_gemv_noshuffle,0.059904,512x4x1,64x4x1,1024x1x1x1
Kcur-19,kernel_rope_norm_f32,0.002048,512x1x1,64x1x1,128x8x1x1
cache_k_l19 (view),kernel_set_rows_f16_i64,0.002816,1024x1x1,1024x1x1,1024x4096x1x1
cache_v_l19 (reshaped) (view),kernel_set_rows_f16_i64,0.007168,16x64x1,1x64x1,1x4194304x1x1
kq-19,kernel_mul_mat_f16_f32_l4,0.077824,16384x1x32,64x1x1,256x1x32x1
kq_soft_max-19,kernel_soft_max_4,0.004096,64x32x1,64x1x1,256x1x32x1
kqv-19,kernel_mul_mat_f16_f32_l4,0.040960,8192x1x32,64x1x1,128x1x32x1
kqv_out-19,kernel_cpy_f32_f32,0.002048,2048x1x1,64x1x1,4096x1x1x1
attn_out-19,kernel_gemv_noshuffle,0.151040,2048x4x1,64x4x1,4096x1x1x1
ffn_inp-19,kernel_add_row,0.002048,1024x0x0,64x0x0,4096x1x1x1
ffn_norm-19,kernel_rms_norm_mul,0.005888,1024x1x1,1024x1x1,4096x1x1x1
ffn_gate-19,kernel_gemv_noshuffle,0.557056,7168x4x1,64x4x1,14336x1x1x1
ffn_up-19,kernel_gemv_noshuffle,0.548864,7168x4x1,64x4x1,14336x1x1x1
ffn_swiglu-19,kernel_swiglu,0.011008,512x1x1,512x1x1,14336x1x1x1
ffn_out-19,kernel_gemv_noshuffle,0.516096,2048x4x1,64x4x1,4096x1x1x1
l_out-19,kernel_add_row,0.001792,1024x0x0,64x0x0,4096x1x1x1
attn_norm-20,kernel_rms_norm_mul,0.005888,1024x1x1,1024x1x1,4096x1x1x1
Qcur-20,kernel_gemv_noshuffle,0.152064,2048x4x1,64x4x1,4096x1x1x1
Qcur-20,kernel_rope_norm_f32,0.003072,2048x1x1,64x1x1,128x32x1x1
Vcur-20,kernel_gemv_noshuffle,0.060928,512x4x1,64x4x1,1024x1x1x1
Kcur-20,kernel_gemv_noshuffle,0.058880,512x4x1,64x4x1,1024x1x1x1
Kcur-20,kernel_rope_norm_f32,0.002048,512x1x1,64x1x1,128x8x1x1
cache_k_l20 (view),kernel_set_rows_f16_i64,0.003072,1024x1x1,1024x1x1,1024x4096x1x1
cache_v_l20 (reshaped) (view),kernel_set_rows_f16_i64,0.006912,16x64x1,1x64x1,1x4194304x1x1
kq-20,kernel_mul_mat_f16_f32_l4,0.076800,16384x1x32,64x1x1,256x1x32x1
kq_soft_max-20,kernel_soft_max_4,0.004096,64x32x1,64x1x1,256x1x32x1
kqv-20,kernel_mul_mat_f16_f32_l4,0.039936,8192x1x32,64x1x1,128x1x32x1
kqv_out-20,kernel_cpy_f32_f32,0.002048,2048x1x1,64x1x1,4096x1x1x1
attn_out-20,kernel_gemv_noshuffle,0.148992,2048x4x1,64x4x1,4096x1x1x1
ffn_inp-20,kernel_add_row,0.001792,1024x0x0,64x0x0,4096x1x1x1
ffn_norm-20,kernel_rms_norm_mul,0.006144,1024x1x1,1024x1x1,4096x1x1x1
ffn_gate-20,kernel_gemv_noshuffle,0.532992,7168x4x1,64x4x1,14336x1x1x1
ffn_up-20,kernel_gemv_noshuffle,0.542976,7168x4x1,64x4x1,14336x1x1x1
ffn_swiglu-20,kernel_swiglu,0.011008,512x1x1,512x1x1,14336x1x1x1
ffn_out-20,kernel_gemv_noshuffle,0.508160,2048x4x1,64x4x1,4096x1x1x1
l_out-20,kernel_add_row,0.001792,1024x0x0,64x0x0,4096x1x1x1
attn_norm-21,kernel_rms_norm_mul,0.006144,1024x1x1,1024x1x1,4096x1x1x1
Qcur-21,kernel_gemv_noshuffle,0.146944,2048x4x1,64x4x1,4096x1x1x1
Qcur-21,kernel_rope_norm_f32,0.003072,2048x1x1,64x1x1,128x32x1x1
Vcur-21,kernel_gemv_noshuffle,0.059904,512x4x1,64x4x1,1024x1x1x1
Kcur-21,kernel_gemv_noshuffle,0.058880,512x4x1,64x4x1,1024x1x1x1
Kcur-21,kernel_rope_norm_f32,0.002048,512x1x1,64x1x1,128x8x1x1
cache_k_l21 (view),kernel_set_rows_f16_i64,0.002816,1024x1x1,1024x1x1,1024x4096x1x1
cache_v_l21 (reshaped) (view),kernel_set_rows_f16_i64,0.008192,16x64x1,1x64x1,1x4194304x1x1
kq-21,kernel_mul_mat_f16_f32_l4,0.077824,16384x1x32,64x1x1,256x1x32x1
kq_soft_max-21,kernel_soft_max_4,0.004096,64x32x1,64x1x1,256x1x32x1
kqv-21,kernel_mul_mat_f16_f32_l4,0.040960,8192x1x32,64x1x1,128x1x32x1
kqv_out-21,kernel_cpy_f32_f32,0.002048,2048x1x1,64x1x1,4096x1x1x1
attn_out-21,kernel_gemv_noshuffle,0.146176,2048x4x1,64x4x1,4096x1x1x1
ffn_inp-21,kernel_add_row,0.002816,1024x0x0,64x0x0,4096x1x1x1
ffn_norm-21,kernel_rms_norm_mul,0.006144,1024x1x1,1024x1x1,4096x1x1x1
ffn_gate-21,kernel_gemv_noshuffle,0.546816,7168x4x1,64x4x1,14336x1x1x1
ffn_up-21,kernel_gemv_noshuffle,0.545024,7168x4x1,64x4x1,14336x1x1x1
ffn_swiglu-21,kernel_swiglu,0.012032,512x1x1,512x1x1,14336x1x1x1
ffn_out-21,kernel_gemv_noshuffle,0.514048,2048x4x1,64x4x1,4096x1x1x1
l_out-21,kernel_add_row,0.002048,1024x0x0,64x0x0,4096x1x1x1
attn_norm-22,kernel_rms_norm_mul,0.006144,1024x1x1,1024x1x1,4096x1x1x1
Qcur-22,kernel_gemv_noshuffle,0.148224,2048x4x1,64x4x1,4096x1x1x1
Qcur-22,kernel_rope_norm_f32,0.002816,2048x1x1,64x1x1,128x32x1x1
Vcur-22,kernel_gemv_noshuffle,0.061184,512x4x1,64x4x1,1024x1x1x1
Kcur-22,kernel_gemv_noshuffle,0.060160,512x4x1,64x4x1,1024x1x1x1
Kcur-22,kernel_rope_norm_f32,0.002048,512x1x1,64x1x1,128x8x1x1
cache_k_l22 (view),kernel_set_rows_f16_i64,0.002816,1024x1x1,1024x1x1,1024x4096x1x1
cache_v_l22 (reshaped) (view),kernel_set_rows_f16_i64,0.008192,16x64x1,1x64x1,1x4194304x1x1
kq-22,kernel_mul_mat_f16_f32_l4,0.077056,16384x1x32,64x1x1,256x1x32x1
kq_soft_max-22,kernel_soft_max_4,0.003840,64x32x1,64x1x1,256x1x32x1
kqv-22,kernel_mul_mat_f16_f32_l4,0.039936,8192x1x32,64x1x1,128x1x32x1
kqv_out-22,kernel_cpy_f32_f32,0.002048,2048x1x1,64x1x1,4096x1x1x1
attn_out-22,kernel_gemv_noshuffle,0.148992,2048x4x1,64x4x1,4096x1x1x1
ffn_inp-22,kernel_add_row,0.002048,1024x0x0,64x0x0,4096x1x1x1
ffn_norm-22,kernel_rms_norm_mul,0.005888,1024x1x1,1024x1x1,4096x1x1x1
ffn_gate-22,kernel_gemv_noshuffle,0.550144,7168x4x1,64x4x1,14336x1x1x1
ffn_up-22,kernel_gemv_noshuffle,0.558080,7168x4x1,64x4x1,14336x1x1x1
ffn_swiglu-22,kernel_swiglu,0.011008,512x1x1,512x1x1,14336x1x1x1
ffn_out-22,kernel_gemv_noshuffle,0.518912,2048x4x1,64x4x1,4096x1x1x1
l_out-22,kernel_add_row,0.002048,1024x0x0,64x0x0,4096x1x1x1
attn_norm-23,kernel_rms_norm_mul,0.005888,1024x1x1,1024x1x1,4096x1x1x1
Qcur-23,kernel_gemv_noshuffle,0.152064,2048x4x1,64x4x1,4096x1x1x1
Qcur-23,kernel_rope_norm_f32,0.002048,2048x1x1,64x1x1,128x32x1x1
Vcur-23,kernel_gemv_noshuffle,0.060160,512x4x1,64x4x1,1024x1x1x1
Kcur-23,kernel_gemv_noshuffle,0.059136,512x4x1,64x4x1,1024x1x1x1
Kcur-23,kernel_rope_norm_f32,0.002048,512x1x1,64x1x1,128x8x1x1
cache_k_l23 (view),kernel_set_rows_f16_i64,0.002816,1024x1x1,1024x1x1,1024x4096x1x1
cache_v_l23 (reshaped) (view),kernel_set_rows_f16_i64,0.007168,16x64x1,1x64x1,1x4194304x1x1
kq-23,kernel_mul_mat_f16_f32_l4,0.077056,16384x1x32,64x1x1,256x1x32x1
kq_soft_max-23,kernel_soft_max_4,0.004096,64x32x1,64x1x1,256x1x32x1
kqv-23,kernel_mul_mat_f16_f32_l4,0.039936,8192x1x32,64x1x1,128x1x32x1
kqv_out-23,kernel_cpy_f32_f32,0.002048,2048x1x1,64x1x1,4096x1x1x1
attn_out-23,kernel_gemv_noshuffle,0.145920,2048x4x1,64x4x1,4096x1x1x1
ffn_inp-23,kernel_add_row,0.002048,1024x0x0,64x0x0,4096x1x1x1
ffn_norm-23,kernel_rms_norm_mul,0.006144,1024x1x1,1024x1x1,4096x1x1x1
ffn_gate-23,kernel_gemv_noshuffle,0.543232,7168x4x1,64x4x1,14336x1x1x1
ffn_up-23,kernel_gemv_noshuffle,0.568832,7168x4x1,64x4x1,14336x1x1x1
ffn_swiglu-23,kernel_swiglu,0.012032,512x1x1,512x1x1,14336x1x1x1
ffn_out-23,kernel_gemv_noshuffle,0.536064,2048x4x1,64x4x1,4096x1x1x1
l_out-23,kernel_add_row,0.001792,1024x0x0,64x0x0,4096x1x1x1
attn_norm-24,kernel_rms_norm_mul,0.006144,1024x1x1,1024x1x1,4096x1x1x1
Qcur-24,kernel_gemv_noshuffle,0.151040,2048x4x1,64x4x1,4096x1x1x1
Qcur-24,kernel_rope_norm_f32,0.003072,2048x1x1,64x1x1,128x32x1x1
Vcur-24,kernel_gemv_noshuffle,0.060928,512x4x1,64x4x1,1024x1x1x1
Kcur-24,kernel_gemv_noshuffle,0.059136,512x4x1,64x4x1,1024x1x1x1
Kcur-24,kernel_rope_norm_f32,0.001792,512x1x1,64x1x1,128x8x1x1
cache_k_l24 (view),kernel_set_rows_f16_i64,0.003072,1024x1x1,1024x1x1,1024x4096x1x1
cache_v_l24 (reshaped) (view),kernel_set_rows_f16_i64,0.006912,16x64x1,1x64x1,1x4194304x1x1
kq-24,kernel_mul_mat_f16_f32_l4,0.077056,16384x1x32,64x1x1,256x1x32x1
kq_soft_max-24,kernel_soft_max_4,0.004096,64x32x1,64x1x1,256x1x32x1
kqv-24,kernel_mul_mat_f16_f32_l4,0.039936,8192x1x32,64x1x1,128x1x32x1
kqv_out-24,kernel_cpy_f32_f32,0.002048,2048x1x1,64x1x1,4096x1x1x1
attn_out-24,kernel_gemv_noshuffle,0.146944,2048x4x1,64x4x1,4096x1x1x1
ffn_inp-24,kernel_add_row,0.002048,1024x0x0,64x0x0,4096x1x1x1
ffn_norm-24,kernel_rms_norm_mul,0.005888,1024x1x1,1024x1x1,4096x1x1x1
ffn_gate-24,kernel_gemv_noshuffle,0.539904,7168x4x1,64x4x1,14336x1x1x1
ffn_up-24,kernel_gemv_noshuffle,0.546048,7168x4x1,64x4x1,14336x1x1x1
ffn_swiglu-24,kernel_swiglu,0.011008,512x1x1,512x1x1,14336x1x1x1
ffn_out-24,kernel_gemv_noshuffle,0.509952,2048x4x1,64x4x1,4096x1x1x1
l_out-24,kernel_add_row,0.002048,1024x0x0,64x0x0,4096x1x1x1
attn_norm-25,kernel_rms_norm_mul,0.005888,1024x1x1,1024x1x1,4096x1x1x1
Qcur-25,kernel_gemv_noshuffle,0.151040,2048x4x1,64x4x1,4096x1x1x1
Qcur-25,kernel_rope_norm_f32,0.002816,2048x1x1,64x1x1,128x32x1x1
Vcur-25,kernel_gemv_noshuffle,0.061184,512x4x1,64x4x1,1024x1x1x1
Kcur-25,kernel_gemv_noshuffle,0.060160,512x4x1,64x4x1,1024x1x1x1
Kcur-25,kernel_rope_norm_f32,0.002048,512x1x1,64x1x1,128x8x1x1
cache_k_l25 (view),kernel_set_rows_f16_i64,0.003072,1024x1x1,1024x1x1,1024x4096x1x1
cache_v_l25 (reshaped) (view),kernel_set_rows_f16_i64,0.008960,16x64x1,1x64x1,1x4194304x1x1
kq-25,kernel_mul_mat_f16_f32_l4,0.078080,16384x1x32,64x1x1,256x1x32x1
kq_soft_max-25,kernel_soft_max_4,0.003840,64x32x1,64x1x1,256x1x32x1
kqv-25,kernel_mul_mat_f16_f32_l4,0.039936,8192x1x32,64x1x1,128x1x32x1
kqv_out-25,kernel_cpy_f32_f32,0.002048,2048x1x1,64x1x1,4096x1x1x1
attn_out-25,kernel_gemv_noshuffle,0.147968,2048x4x1,64x4x1,4096x1x1x1
ffn_inp-25,kernel_add_row,0.002048,1024x0x0,64x0x0,4096x1x1x1
ffn_norm-25,kernel_rms_norm_mul,0.006144,1024x1x1,1024x1x1,4096x1x1x1
ffn_gate-25,kernel_gemv_noshuffle,0.545024,7168x4x1,64x4x1,14336x1x1x1
ffn_up-25,kernel_gemv_noshuffle,0.537856,7168x4x1,64x4x1,14336x1x1x1
ffn_swiglu-25,kernel_swiglu,0.011008,512x1x1,512x1x1,14336x1x1x1
ffn_out-25,kernel_gemv_noshuffle,0.513024,2048x4x1,64x4x1,4096x1x1x1
l_out-25,kernel_add_row,0.002048,1024x0x0,64x0x0,4096x1x1x1
attn_norm-26,kernel_rms_norm_mul,0.006144,1024x1x1,1024x1x1,4096x1x1x1
Qcur-26,kernel_gemv_noshuffle,0.147968,2048x4x1,64x4x1,4096x1x1x1
Qcur-26,kernel_rope_norm_f32,0.003072,2048x1x1,64x1x1,128x32x1x1
Vcur-26,kernel_gemv_noshuffle,0.060928,512x4x1,64x4x1,1024x1x1x1
Kcur-26,kernel_gemv_noshuffle,0.059904,512x4x1,64x4x1,1024x1x1x1
Kcur-26,kernel_rope_norm_f32,0.002048,512x1x1,64x1x1,128x8x1x1
cache_k_l26 (view),kernel_set_rows_f16_i64,0.003072,1024x1x1,1024x1x1,1024x4096x1x1
cache_v_l26 (reshaped) (view),kernel_set_rows_f16_i64,0.006912,16x64x1,1x64x1,1x4194304x1x1
kq-26,kernel_mul_mat_f16_f32_l4,0.077056,16384x1x32,64x1x1,256x1x32x1
kq_soft_max-26,kernel_soft_max_4,0.004096,64x32x1,64x1x1,256x1x32x1
kqv-26,kernel_mul_mat_f16_f32_l4,0.039936,8192x1x32,64x1x1,128x1x32x1
kqv_out-26,kernel_cpy_f32_f32,0.001792,2048x1x1,64x1x1,4096x1x1x1
attn_out-26,kernel_gemv_noshuffle,0.148992,2048x4x1,64x4x1,4096x1x1x1
ffn_inp-26,kernel_add_row,0.002048,1024x0x0,64x0x0,4096x1x1x1
ffn_norm-26,kernel_rms_norm_mul,0.006144,1024x1x1,1024x1x1,4096x1x1x1
ffn_gate-26,kernel_gemv_noshuffle,0.545024,7168x4x1,64x4x1,14336x1x1x1
ffn_up-26,kernel_gemv_noshuffle,0.552960,7168x4x1,64x4x1,14336x1x1x1
ffn_swiglu-26,kernel_swiglu,0.012032,512x1x1,512x1x1,14336x1x1x1
ffn_out-26,kernel_gemv_noshuffle,0.517120,2048x4x1,64x4x1,4096x1x1x1
l_out-26,kernel_add_row,0.002048,1024x0x0,64x0x0,4096x1x1x1
attn_norm-27,kernel_rms_norm_mul,0.006144,1024x1x1,1024x1x1,4096x1x1x1
Qcur-27,kernel_gemv_noshuffle,0.146944,2048x4x1,64x4x1,4096x1x1x1
Qcur-27,kernel_rope_norm_f32,0.002816,2048x1x1,64x1x1,128x32x1x1
Vcur-27,kernel_gemv_noshuffle,0.061184,512x4x1,64x4x1,1024x1x1x1
Kcur-27,kernel_gemv_noshuffle,0.060160,512x4x1,64x4x1,1024x1x1x1
Kcur-27,kernel_rope_norm_f32,0.002048,512x1x1,64x1x1,128x8x1x1
cache_k_l27 (view),kernel_set_rows_f16_i64,0.003072,1024x1x1,1024x1x1,1024x4096x1x1
cache_v_l27 (reshaped) (view),kernel_set_rows_f16_i64,0.006912,16x64x1,1x64x1,1x4194304x1x1
kq-27,kernel_mul_mat_f16_f32_l4,0.078080,16384x1x32,64x1x1,256x1x32x1
kq_soft_max-27,kernel_soft_max_4,0.004096,64x32x1,64x1x1,256x1x32x1
kqv-27,kernel_mul_mat_f16_f32_l4,0.040960,8192x1x32,64x1x1,128x1x32x1
kqv_out-27,kernel_cpy_f32_f32,0.001792,2048x1x1,64x1x1,4096x1x1x1
attn_out-27,kernel_gemv_noshuffle,0.147968,2048x4x1,64x4x1,4096x1x1x1
ffn_inp-27,kernel_add_row,0.002048,1024x0x0,64x0x0,4096x1x1x1
ffn_norm-27,kernel_rms_norm_mul,0.005888,1024x1x1,1024x1x1,4096x1x1x1
ffn_gate-27,kernel_gemv_noshuffle,0.553984,7168x4x1,64x4x1,14336x1x1x1
ffn_up-27,kernel_gemv_noshuffle,0.556032,7168x4x1,64x4x1,14336x1x1x1
ffn_swiglu-27,kernel_swiglu,0.012032,512x1x1,512x1x1,14336x1x1x1
ffn_out-27,kernel_gemv_noshuffle,0.510976,2048x4x1,64x4x1,4096x1x1x1
l_out-27,kernel_add_row,0.002048,1024x0x0,64x0x0,4096x1x1x1
attn_norm-28,kernel_rms_norm_mul,0.005888,1024x1x1,1024x1x1,4096x1x1x1
Qcur-28,kernel_gemv_noshuffle,0.154112,2048x4x1,64x4x1,4096x1x1x1
Qcur-28,kernel_rope_norm_f32,0.003072,2048x1x1,64x1x1,128x32x1x1
Vcur-28,kernel_gemv_noshuffle,0.061952,512x4x1,64x4x1,1024x1x1x1
Kcur-28,kernel_gemv_noshuffle,0.059904,512x4x1,64x4x1,1024x1x1x1
Kcur-28,kernel_rope_norm_f32,0.002048,512x1x1,64x1x1,128x8x1x1
cache_k_l28 (view),kernel_set_rows_f16_i64,0.002816,1024x1x1,1024x1x1,1024x4096x1x1
cache_v_l28 (reshaped) (view),kernel_set_rows_f16_i64,0.007168,16x64x1,1x64x1,1x4194304x1x1
kq-28,kernel_mul_mat_f16_f32_l4,0.078080,16384x1x32,64x1x1,256x1x32x1
kq_soft_max-28,kernel_soft_max_4,0.004096,64x32x1,64x1x1,256x1x32x1
kqv-28,kernel_mul_mat_f16_f32_l4,0.041216,8192x1x32,64x1x1,128x1x32x1
kqv_out-28,kernel_cpy_f32_f32,0.001792,2048x1x1,64x1x1,4096x1x1x1
attn_out-28,kernel_gemv_noshuffle,0.155136,2048x4x1,64x4x1,4096x1x1x1
ffn_inp-28,kernel_add_row,0.002048,1024x0x0,64x0x0,4096x1x1x1
ffn_norm-28,kernel_rms_norm_mul,0.005888,1024x1x1,1024x1x1,4096x1x1x1
ffn_gate-28,kernel_gemv_noshuffle,0.548096,7168x4x1,64x4x1,14336x1x1x1
ffn_up-28,kernel_gemv_noshuffle,0.559104,7168x4x1,64x4x1,14336x1x1x1
ffn_swiglu-28,kernel_swiglu,0.011008,512x1x1,512x1x1,14336x1x1x1
ffn_out-28,kernel_gemv_noshuffle,0.529920,2048x4x1,64x4x1,4096x1x1x1
l_out-28,kernel_add_row,0.002048,1024x0x0,64x0x0,4096x1x1x1
attn_norm-29,kernel_rms_norm_mul,0.005888,1024x1x1,1024x1x1,4096x1x1x1
Qcur-29,kernel_gemv_noshuffle,0.152064,2048x4x1,64x4x1,4096x1x1x1
Qcur-29,kernel_rope_norm_f32,0.002816,2048x1x1,64x1x1,128x32x1x1
Vcur-29,kernel_gemv_noshuffle,0.060160,512x4x1,64x4x1,1024x1x1x1
Kcur-29,kernel_gemv_noshuffle,0.060160,512x4x1,64x4x1,1024x1x1x1
Kcur-29,kernel_rope_norm_f32,0.002816,512x1x1,64x1x1,128x8x1x1
cache_k_l29 (view),kernel_set_rows_f16_i64,0.003072,1024x1x1,1024x1x1,1024x4096x1x1
cache_v_l29 (reshaped) (view),kernel_set_rows_f16_i64,0.006912,16x64x1,1x64x1,1x4194304x1x1
kq-29,kernel_mul_mat_f16_f32_l4,0.078080,16384x1x32,64x1x1,256x1x32x1
kq_soft_max-29,kernel_soft_max_4,0.003840,64x32x1,64x1x1,256x1x32x1
kqv-29,kernel_mul_mat_f16_f32_l4,0.040960,8192x1x32,64x1x1,128x1x32x1
kqv_out-29,kernel_cpy_f32_f32,0.002048,2048x1x1,64x1x1,4096x1x1x1
attn_out-29,kernel_gemv_noshuffle,0.151808,2048x4x1,64x4x1,4096x1x1x1
ffn_inp-29,kernel_add_row,0.002048,1024x0x0,64x0x0,4096x1x1x1
ffn_norm-29,kernel_rms_norm_mul,0.005888,1024x1x1,1024x1x1,4096x1x1x1
ffn_gate-29,kernel_gemv_noshuffle,0.548096,7168x4x1,64x4x1,14336x1x1x1
ffn_up-29,kernel_gemv_noshuffle,0.540928,7168x4x1,64x4x1,14336x1x1x1
ffn_swiglu-29,kernel_swiglu,0.012032,512x1x1,512x1x1,14336x1x1x1
ffn_out-29,kernel_gemv_noshuffle,0.520960,2048x4x1,64x4x1,4096x1x1x1
l_out-29,kernel_add_row,0.002048,1024x0x0,64x0x0,4096x1x1x1
attn_norm-30,kernel_rms_norm_mul,0.006144,1024x1x1,1024x1x1,4096x1x1x1
Qcur-30,kernel_gemv_noshuffle,0.151040,2048x4x1,64x4x1,4096x1x1x1
Qcur-30,kernel_rope_norm_f32,0.002816,2048x1x1,64x1x1,128x32x1x1
Vcur-30,kernel_gemv_noshuffle,0.062208,512x4x1,64x4x1,1024x1x1x1
Kcur-30,kernel_gemv_noshuffle,0.060928,512x4x1,64x4x1,1024x1x1x1
Kcur-30,kernel_rope_norm_f32,0.002048,512x1x1,64x1x1,128x8x1x1
cache_k_l30 (view),kernel_set_rows_f16_i64,0.003072,1024x1x1,1024x1x1,1024x4096x1x1
cache_v_l30 (reshaped) (view),kernel_set_rows_f16_i64,0.007168,16x64x1,1x64x1,1x4194304x1x1
kq-30,kernel_mul_mat_f16_f32_l4,0.077056,16384x1x32,64x1x1,256x1x32x1
kq_soft_max-30,kernel_soft_max_4,0.003840,64x32x1,64x1x1,256x1x32x1
kqv-30,kernel_mul_mat_f16_f32_l4,0.039936,8192x1x32,64x1x1,128x1x32x1
kqv_out-30,kernel_cpy_f32_f32,0.002048,2048x1x1,64x1x1,4096x1x1x1
attn_out-30,kernel_gemv_noshuffle,0.151040,2048x4x1,64x4x1,4096x1x1x1
ffn_inp-30,kernel_add_row,0.002048,1024x0x0,64x0x0,4096x1x1x1
ffn_norm-30,kernel_rms_norm_mul,0.005888,1024x1x1,1024x1x1,4096x1x1x1
ffn_gate-30,kernel_gemv_noshuffle,0.559104,7168x4x1,64x4x1,14336x1x1x1
ffn_up-30,kernel_gemv_noshuffle,0.553984,7168x4x1,64x4x1,14336x1x1x1
ffn_swiglu-30,kernel_swiglu,0.012032,512x1x1,512x1x1,14336x1x1x1
ffn_out-30,kernel_gemv_noshuffle,0.510976,2048x4x1,64x4x1,4096x1x1x1
l_out-30,kernel_add_row,0.002048,1024x0x0,64x0x0,4096x1x1x1
attn_norm-31,kernel_rms_norm_mul,0.005888,1024x1x1,1024x1x1,4096x1x1x1
Qcur-31,kernel_gemv_noshuffle,0.147968,2048x4x1,64x4x1,4096x1x1x1
Qcur-31,kernel_rope_norm_f32,0.002048,2048x1x1,64x1x1,128x32x1x1
Vcur-31,kernel_gemv_noshuffle,0.060928,512x4x1,64x4x1,1024x1x1x1
Kcur-31,kernel_gemv_noshuffle,0.060928,512x4x1,64x4x1,1024x1x1x1
Kcur-31,kernel_rope_norm_f32,0.002048,512x1x1,64x1x1,128x8x1x1
cache_k_l31 (view),kernel_set_rows_f16_i64,0.002816,1024x1x1,1024x1x1,1024x4096x1x1
cache_v_l31 (reshaped) (view),kernel_set_rows_f16_i64,0.008192,16x64x1,1x64x1,1x4194304x1x1
kq-31,kernel_mul_mat_f16_f32_l4,0.077824,16384x1x32,64x1x1,256x1x32x1
kq_soft_max-31,kernel_soft_max_4,0.004096,64x32x1,64x1x1,256x1x32x1
kqv-31,kernel_mul_mat_f16_f32_l4,0.039936,8192x1x32,64x1x1,128x1x32x1
kqv_out-31,kernel_cpy_f32_f32,0.002048,2048x1x1,64x1x1,4096x1x1x1
attn_out-31,kernel_gemv_noshuffle,0.150016,2048x4x1,64x4x1,4096x1x1x1
node_1145,kernel_get_rows_f32,0.016896,64x1x1,64x1x1,4096x1x1x1
node_1146,kernel_get_rows_f32,0.017152,64x1x1,64x1x1,4096x1x1x1
ffn_inp-31,kernel_add_row,0.002048,1024x0x0,64x0x0,4096x1x1x1
ffn_norm-31,kernel_rms_norm_mul,0.006144,1024x1x1,1024x1x1,4096x1x1x1
ffn_gate-31,kernel_gemv_noshuffle,0.547840,7168x4x1,64x4x1,14336x1x1x1
ffn_up-31,kernel_gemv_noshuffle,0.557056,7168x4x1,64x4x1,14336x1x1x1
ffn_swiglu-31,kernel_swiglu,0.011008,512x1x1,512x1x1,14336x1x1x1
ffn_out-31,kernel_gemv_noshuffle,0.513792,2048x4x1,64x4x1,4096x1x1x1
l_out-31,kernel_add_row,0.002048,1024x0x0,64x0x0,4096x1x1x1
result_norm,kernel_rms_norm_mul,0.006144,1024x1x1,1024x1x1,4096x1x1x1
result_output,kernel_transpose_32_16,0.006144,4096x2x0,16x1x0,128256x1x1x1
result_output,kernel_mul_mat_Ab_Bi_8x4,5.708032,1x32064x4,1x32x4,128256x1x1x1
attn_norm-0,kernel_rms_norm_mul,0.008960,1024x1x1,1024x1x1,4096x1x1x1
Qcur-0,kernel_gemv_noshuffle,0.162048,2048x4x1,64x4x1,4096x1x1x1
Qcur-0,kernel_rope_norm_f32,0.003072,2048x1x1,64x1x1,128x32x1x1
Vcur-0,kernel_gemv_noshuffle,0.060928,512x4x1,64x4x1,1024x1x1x1
Kcur-0,kernel_gemv_noshuffle,0.059904,512x4x1,64x4x1,1024x1x1x1
Kcur-0,kernel_rope_norm_f32,0.002048,512x1x1,64x1x1,128x8x1x1
cache_k_l0 (view),kernel_set_rows_f16_i64,0.003072,1024x1x1,1024x1x1,1024x4096x1x1
cache_v_l0 (reshaped) (view),kernel_set_rows_f16_i64,0.006912,16x64x1,1x64x1,1x4194304x1x1
kq-0,kernel_mul_mat_f16_f32_l4,0.078080,16384x1x32,64x1x1,256x1x32x1
kq_soft_max-0,kernel_soft_max_4,0.003840,64x32x1,64x1x1,256x1x32x1
kqv-0,kernel_mul_mat_f16_f32_l4,0.039936,8192x1x32,64x1x1,128x1x32x1
kqv_out-0,kernel_cpy_f32_f32,0.002048,2048x1x1,64x1x1,4096x1x1x1
attn_out-0,kernel_gemv_noshuffle,0.151040,2048x4x1,64x4x1,4096x1x1x1
ffn_inp-0,kernel_add_row,0.002048,1024x0x0,64x0x0,4096x1x1x1
ffn_norm-0,kernel_rms_norm_mul,0.005888,1024x1x1,1024x1x1,4096x1x1x1
ffn_gate-0,kernel_gemv_noshuffle,0.559872,7168x4x1,64x4x1,14336x1x1x1
ffn_up-0,kernel_gemv_noshuffle,0.553984,7168x4x1,64x4x1,14336x1x1x1
ffn_swiglu-0,kernel_swiglu,0.011008,512x1x1,512x1x1,14336x1x1x1
ffn_out-0,kernel_gemv_noshuffle,0.520960,2048x4x1,64x4x1,4096x1x1x1
l_out-0,kernel_add_row,0.002048,1024x0x0,64x0x0,4096x1x1x1
attn_norm-1,kernel_rms_norm_mul,0.005888,1024x1x1,1024x1x1,4096x1x1x1
Qcur-1,kernel_gemv_noshuffle,0.151040,2048x4x1,64x4x1,4096x1x1x1
Qcur-1,kernel_rope_norm_f32,0.003072,2048x1x1,64x1x1,128x32x1x1
Vcur-1,kernel_gemv_noshuffle,0.060928,512x4x1,64x4x1,1024x1x1x1
Kcur-1,kernel_gemv_noshuffle,0.061952,512x4x1,64x4x1,1024x1x1x1
Kcur-1,kernel_rope_norm_f32,0.002048,512x1x1,64x1x1,128x8x1x1
cache_k_l1 (view),kernel_set_rows_f16_i64,0.002816,1024x1x1,1024x1x1,1024x4096x1x1
cache_v_l1 (reshaped) (view),kernel_set_rows_f16_i64,0.007936,16x64x1,1x64x1,1x4194304x1x1
kq-1,kernel_mul_mat_f16_f32_l4,0.077056,16384x1x32,64x1x1,256x1x32x1
kq_soft_max-1,kernel_soft_max_4,0.004096,64x32x1,64x1x1,256x1x32x1
kqv-1,kernel_mul_mat_f16_f32_l4,0.040960,8192x1x32,64x1x1,128x1x32x1
kqv_out-1,kernel_cpy_f32_f32,0.002048,2048x1x1,64x1x1,4096x1x1x1
attn_out-1,kernel_gemv_noshuffle,0.151040,2048x4x1,64x4x1,4096x1x1x1
ffn_inp-1,kernel_add_row,0.002048,1024x0x0,64x0x0,4096x1x1x1
ffn_norm-1,kernel_rms_norm_mul,0.005888,1024x1x1,1024x1x1,4096x1x1x1
ffn_gate-1,kernel_gemv_noshuffle,0.559872,7168x4x1,64x4x1,14336x1x1x1
ffn_up-1,kernel_gemv_noshuffle,0.553216,7168x4x1,64x4x1,14336x1x1x1
ffn_swiglu-1,kernel_swiglu,0.011776,512x1x1,512x1x1,14336x1x1x1
ffn_out-1,kernel_gemv_noshuffle,0.525056,2048x4x1,64x4x1,4096x1x1x1
l_out-1,kernel_add_row,0.002048,1024x0x0,64x0x0,4096x1x1x1
attn_norm-2,kernel_rms_norm_mul,0.006144,1024x1x1,1024x1x1,4096x1x1x1
Qcur-2,kernel_gemv_noshuffle,0.152832,2048x4x1,64x4x1,4096x1x1x1
Qcur-2,kernel_rope_norm_f32,0.002048,2048x1x1,64x1x1,128x32x1x1
Vcur-2,kernel_gemv_noshuffle,0.060928,512x4x1,64x4x1,1024x1x1x1
Kcur-2,kernel_gemv_noshuffle,0.059136,512x4x1,64x4x1,1024x1x1x1
Kcur-2,kernel_rope_norm_f32,0.002048,512x1x1,64x1x1,128x8x1x1
cache_k_l2 (view),kernel_set_rows_f16_i64,0.003072,1024x1x1,1024x1x1,1024x4096x1x1
cache_v_l2 (reshaped) (view),kernel_set_rows_f16_i64,0.006912,16x64x1,1x64x1,1x4194304x1x1
kq-2,kernel_mul_mat_f16_f32_l4,0.077056,16384x1x32,64x1x1,256x1x32x1
kq_soft_max-2,kernel_soft_max_4,0.003840,64x32x1,64x1x1,256x1x32x1
kqv-2,kernel_mul_mat_f16_f32_l4,0.039936,8192x1x32,64x1x1,128x1x32x1
kqv_out-2,kernel_cpy_f32_f32,0.002048,2048x1x1,64x1x1,4096x1x1x1
attn_out-2,kernel_gemv_noshuffle,0.150016,2048x4x1,64x4x1,4096x1x1x1
ffn_inp-2,kernel_add_row,0.002048,1024x0x0,64x0x0,4096x1x1x1
ffn_norm-2,kernel_rms_norm_mul,0.005888,1024x1x1,1024x1x1,4096x1x1x1
ffn_gate-2,kernel_gemv_noshuffle,0.557056,7168x4x1,64x4x1,14336x1x1x1
ffn_up-2,kernel_gemv_noshuffle,0.561152,7168x4x1,64x4x1,14336x1x1x1
ffn_swiglu-2,kernel_swiglu,0.011008,512x1x1,512x1x1,14336x1x1x1
ffn_out-2,kernel_gemv_noshuffle,0.518912,2048x4x1,64x4x1,4096x1x1x1
l_out-2,kernel_add_row,0.002048,1024x0x0,64x0x0,4096x1x1x1
attn_norm-3,kernel_rms_norm_mul,0.005888,1024x1x1,1024x1x1,4096x1x1x1
Qcur-3,kernel_gemv_noshuffle,0.146944,2048x4x1,64x4x1,4096x1x1x1
Qcur-3,kernel_rope_norm_f32,0.003072,2048x1x1,64x1x1,128x32x1x1
Vcur-3,kernel_gemv_noshuffle,0.060928,512x4x1,64x4x1,1024x1x1x1
Kcur-3,kernel_gemv_noshuffle,0.060928,512x4x1,64x4x1,1024x1x1x1
Kcur-3,kernel_rope_norm_f32,0.002048,512x1x1,64x1x1,128x8x1x1
cache_k_l3 (view),kernel_set_rows_f16_i64,0.002816,1024x1x1,1024x1x1,1024x4096x1x1
cache_v_l3 (reshaped) (view),kernel_set_rows_f16_i64,0.008192,16x64x1,1x64x1,1x4194304x1x1
kq-3,kernel_mul_mat_f16_f32_l4,0.077824,16384x1x32,64x1x1,256x1x32x1
kq_soft_max-3,kernel_soft_max_4,0.004096,64x32x1,64x1x1,256x1x32x1
kqv-3,kernel_mul_mat_f16_f32_l4,0.039936,8192x1x32,64x1x1,128x1x32x1
kqv_out-3,kernel_cpy_f32_f32,0.002048,2048x1x1,64x1x1,4096x1x1x1
attn_out-3,kernel_gemv_noshuffle,0.148992,2048x4x1,64x4x1,4096x1x1x1
ffn_inp-3,kernel_add_row,0.002048,1024x0x0,64x0x0,4096x1x1x1
ffn_norm-3,kernel_rms_norm_mul,0.005888,1024x1x1,1024x1x1,4096x1x1x1
ffn_gate-3,kernel_gemv_noshuffle,0.561152,7168x4x1,64x4x1,14336x1x1x1
ffn_up-3,kernel_gemv_noshuffle,0.558848,7168x4x1,64x4x1,14336x1x1x1
ffn_swiglu-3,kernel_swiglu,0.012032,512x1x1,512x1x1,14336x1x1x1
ffn_out-3,kernel_gemv_noshuffle,0.518912,2048x4x1,64x4x1,4096x1x1x1
l_out-3,kernel_add_row,0.002048,1024x0x0,64x0x0,4096x1x1x1
attn_norm-4,kernel_rms_norm_mul,0.005888,1024x1x1,1024x1x1,4096x1x1x1
Qcur-4,kernel_gemv_noshuffle,0.153856,2048x4x1,64x4x1,4096x1x1x1
Qcur-4,kernel_rope_norm_f32,0.003072,2048x1x1,64x1x1,128x32x1x1
Vcur-4,kernel_gemv_noshuffle,0.061952,512x4x1,64x4x1,1024x1x1x1
Kcur-4,kernel_gemv_noshuffle,0.060928,512x4x1,64x4x1,1024x1x1x1
Kcur-4,kernel_rope_norm_f32,0.002048,512x1x1,64x1x1,128x8x1x1
cache_k_l4 (view),kernel_set_rows_f16_i64,0.003072,1024x1x1,1024x1x1,1024x4096x1x1
cache_v_l4 (reshaped) (view),kernel_set_rows_f16_i64,0.007936,16x64x1,1x64x1,1x4194304x1x1
kq-4,kernel_mul_mat_f16_f32_l4,0.077824,16384x1x32,64x1x1,256x1x32x1
kq_soft_max-4,kernel_soft_max_4,0.004096,64x32x1,64x1x1,256x1x32x1
kqv-4,kernel_mul_mat_f16_f32_l4,0.039936,8192x1x32,64x1x1,128x1x32x1
kqv_out-4,kernel_cpy_f32_f32,0.002048,2048x1x1,64x1x1,4096x1x1x1
attn_out-4,kernel_gemv_noshuffle,0.153856,2048x4x1,64x4x1,4096x1x1x1
ffn_inp-4,kernel_add_row,0.002048,1024x0x0,64x0x0,4096x1x1x1
ffn_norm-4,kernel_rms_norm_mul,0.005888,1024x1x1,1024x1x1,4096x1x1x1
ffn_gate-4,kernel_gemv_noshuffle,0.539136,7168x4x1,64x4x1,14336x1x1x1
ffn_up-4,kernel_gemv_noshuffle,0.556032,7168x4x1,64x4x1,14336x1x1x1
ffn_swiglu-4,kernel_swiglu,0.011008,512x1x1,512x1x1,14336x1x1x1
ffn_out-4,kernel_gemv_noshuffle,0.527872,2048x4x1,64x4x1,4096x1x1x1
l_out-4,kernel_add_row,0.002048,1024x0x0,64x0x0,4096x1x1x1
attn_norm-5,kernel_rms_norm_mul,0.006144,1024x1x1,1024x1x1,4096x1x1x1
Qcur-5,kernel_gemv_noshuffle,0.154112,2048x4x1,64x4x1,4096x1x1x1
Qcur-5,kernel_rope_norm_f32,0.003072,2048x1x1,64x1x1,128x32x1x1
Vcur-5,kernel_gemv_noshuffle,0.061952,512x4x1,64x4x1,1024x1x1x1
Kcur-5,kernel_gemv_noshuffle,0.062208,512x4x1,64x4x1,1024x1x1x1
Kcur-5,kernel_rope_norm_f32,0.002816,512x1x1,64x1x1,128x8x1x1
cache_k_l5 (view),kernel_set_rows_f16_i64,0.003072,1024x1x1,1024x1x1,1024x4096x1x1
cache_v_l5 (reshaped) (view),kernel_set_rows_f16_i64,0.006912,16x64x1,1x64x1,1x4194304x1x1
kq-5,kernel_mul_mat_f16_f32_l4,0.078080,16384x1x32,64x1x1,256x1x32x1
kq_soft_max-5,kernel_soft_max_4,0.004864,64x32x1,64x1x1,256x1x32x1
kqv-5,kernel_mul_mat_f16_f32_l4,0.040192,8192x1x32,64x1x1,128x1x32x1
kqv_out-5,kernel_cpy_f32_f32,0.001792,2048x1x1,64x1x1,4096x1x1x1
attn_out-5,kernel_gemv_noshuffle,0.151040,2048x4x1,64x4x1,4096x1x1x1
ffn_inp-5,kernel_add_row,0.001792,1024x0x0,64x0x0,4096x1x1x1
ffn_norm-5,kernel_rms_norm_mul,0.006144,1024x1x1,1024x1x1,4096x1x1x1
ffn_gate-5,kernel_gemv_noshuffle,0.545024,7168x4x1,64x4x1,14336x1x1x1
ffn_up-5,kernel_gemv_noshuffle,0.552960,7168x4x1,64x4x1,14336x1x1x1
ffn_swiglu-5,kernel_swiglu,0.011776,512x1x1,512x1x1,14336x1x1x1
ffn_out-5,kernel_gemv_noshuffle,0.524032,2048x4x1,64x4x1,4096x1x1x1
l_out-5,kernel_add_row,0.002048,1024x0x0,64x0x0,4096x1x1x1
attn_norm-6,kernel_rms_norm_mul,0.005888,1024x1x1,1024x1x1,4096x1x1x1
Qcur-6,kernel_gemv_noshuffle,0.150016,2048x4x1,64x4x1,4096x1x1x1
Qcur-6,kernel_rope_norm_f32,0.003072,2048x1x1,64x1x1,128x32x1x1
Vcur-6,kernel_gemv_noshuffle,0.061952,512x4x1,64x4x1,1024x1x1x1
Kcur-6,kernel_gemv_noshuffle,0.059904,512x4x1,64x4x1,1024x1x1x1
Kcur-6,kernel_rope_norm_f32,0.002048,512x1x1,64x1x1,128x8x1x1
cache_k_l6 (view),kernel_set_rows_f16_i64,0.002816,1024x1x1,1024x1x1,1024x4096x1x1
cache_v_l6 (reshaped) (view),kernel_set_rows_f16_i64,0.008192,16x64x1,1x64x1,1x4194304x1x1
kq-6,kernel_mul_mat_f16_f32_l4,0.078080,16384x1x32,64x1x1,256x1x32x1
kq_soft_max-6,kernel_soft_max_4,0.003840,64x32x1,64x1x1,256x1x32x1
kqv-6,kernel_mul_mat_f16_f32_l4,0.040192,8192x1x32,64x1x1,128x1x32x1
kqv_out-6,kernel_cpy_f32_f32,0.001792,2048x1x1,64x1x1,4096x1x1x1
attn_out-6,kernel_gemv_noshuffle,0.153088,2048x4x1,64x4x1,4096x1x1x1
ffn_inp-6,kernel_add_row,0.002048,1024x0x0,64x0x0,4096x1x1x1
ffn_norm-6,kernel_rms_norm_mul,0.005888,1024x1x1,1024x1x1,4096x1x1x1
ffn_gate-6,kernel_gemv_noshuffle,0.547072,7168x4x1,64x4x1,14336x1x1x1
ffn_up-6,kernel_gemv_noshuffle,0.541952,7168x4x1,64x4x1,14336x1x1x1
ffn_swiglu-6,kernel_swiglu,0.012032,512x1x1,512x1x1,14336x1x1x1
ffn_out-6,kernel_gemv_noshuffle,0.526080,2048x4x1,64x4x1,4096x1x1x1
l_out-6,kernel_add_row,0.002048,1024x0x0,64x0x0,4096x1x1x1
attn_norm-7,kernel_rms_norm_mul,0.005888,1024x1x1,1024x1x1,4096x1x1x1
Qcur-7,kernel_gemv_noshuffle,0.153088,2048x4x1,64x4x1,4096x1x1x1
Qcur-7,kernel_rope_norm_f32,0.003072,2048x1x1,64x1x1,128x32x1x1
Vcur-7,kernel_gemv_noshuffle,0.061952,512x4x1,64x4x1,1024x1x1x1
Kcur-7,kernel_gemv_noshuffle,0.060928,512x4x1,64x4x1,1024x1x1x1
Kcur-7,kernel_rope_norm_f32,0.002048,512x1x1,64x1x1,128x8x1x1
cache_k_l7 (view),kernel_set_rows_f16_i64,0.002816,1024x1x1,1024x1x1,1024x4096x1x1
cache_v_l7 (reshaped) (view),kernel_set_rows_f16_i64,0.007168,16x64x1,1x64x1,1x4194304x1x1
kq-7,kernel_mul_mat_f16_f32_l4,0.077824,16384x1x32,64x1x1,256x1x32x1
kq_soft_max-7,kernel_soft_max_4,0.004096,64x32x1,64x1x1,256x1x32x1
kqv-7,kernel_mul_mat_f16_f32_l4,0.039936,8192x1x32,64x1x1,128x1x32x1
kqv_out-7,kernel_cpy_f32_f32,0.002048,2048x1x1,64x1x1,4096x1x1x1
attn_out-7,kernel_gemv_noshuffle,0.153088,2048x4x1,64x4x1,4096x1x1x1
ffn_inp-7,kernel_add_row,0.002048,1024x0x0,64x0x0,4096x1x1x1
ffn_norm-7,kernel_rms_norm_mul,0.005888,1024x1x1,1024x1x1,4096x1x1x1
ffn_gate-7,kernel_gemv_noshuffle,0.541952,7168x4x1,64x4x1,14336x1x1x1
ffn_up-7,kernel_gemv_noshuffle,0.546048,7168x4x1,64x4x1,14336x1x1x1
ffn_swiglu-7,kernel_swiglu,0.012032,512x1x1,512x1x1,14336x1x1x1
ffn_out-7,kernel_gemv_noshuffle,0.526080,2048x4x1,64x4x1,4096x1x1x1
l_out-7,kernel_add_row,0.002048,1024x0x0,64x0x0,4096x1x1x1
attn_norm-8,kernel_rms_norm_mul,0.005888,1024x1x1,1024x1x1,4096x1x1x1
Qcur-8,kernel_gemv_noshuffle,0.153088,2048x4x1,64x4x1,4096x1x1x1
Qcur-8,kernel_rope_norm_f32,0.002816,2048x1x1,64x1x1,128x32x1x1
Vcur-8,kernel_gemv_noshuffle,0.061184,512x4x1,64x4x1,1024x1x1x1
Kcur-8,kernel_gemv_noshuffle,0.061184,512x4x1,64x4x1,1024x1x1x1
Kcur-8,kernel_rope_norm_f32,0.002048,512x1x1,64x1x1,128x8x1x1
cache_k_l8 (view),kernel_set_rows_f16_i64,0.003072,1024x1x1,1024x1x1,1024x4096x1x1
cache_v_l8 (reshaped) (view),kernel_set_rows_f16_i64,0.007936,16x64x1,1x64x1,1x4194304x1x1
kq-8,kernel_mul_mat_f16_f32_l4,0.078080,16384x1x32,64x1x1,256x1x32x1
kq_soft_max-8,kernel_soft_max_4,0.003840,64x32x1,64x1x1,256x1x32x1
kqv-8,kernel_mul_mat_f16_f32_l4,0.039936,8192x1x32,64x1x1,128x1x32x1
kqv_out-8,kernel_cpy_f32_f32,0.002048,2048x1x1,64x1x1,4096x1x1x1
attn_out-8,kernel_gemv_noshuffle,0.153088,2048x4x1,64x4x1,4096x1x1x1
ffn_inp-8,kernel_add_row,0.001792,1024x0x0,64x0x0,4096x1x1x1
ffn_norm-8,kernel_rms_norm_mul,0.006144,1024x1x1,1024x1x1,4096x1x1x1
ffn_gate-8,kernel_gemv_noshuffle,0.547072,7168x4x1,64x4x1,14336x1x1x1
ffn_up-8,kernel_gemv_noshuffle,0.562944,7168x4x1,64x4x1,14336x1x1x1
ffn_swiglu-8,kernel_swiglu,0.012032,512x1x1,512x1x1,14336x1x1x1
ffn_out-8,kernel_gemv_noshuffle,0.531968,2048x4x1,64x4x1,4096x1x1x1
l_out-8,kernel_add_row,0.002048,1024x0x0,64x0x0,4096x1x1x1
attn_norm-9,kernel_rms_norm_mul,0.005888,1024x1x1,1024x1x1,4096x1x1x1
Qcur-9,kernel_gemv_noshuffle,0.151040,2048x4x1,64x4x1,4096x1x1x1
Qcur-9,kernel_rope_norm_f32,0.002048,2048x1x1,64x1x1,128x32x1x1
Vcur-9,kernel_gemv_noshuffle,0.059904,512x4x1,64x4x1,1024x1x1x1
Kcur-9,kernel_gemv_noshuffle,0.060928,512x4x1,64x4x1,1024x1x1x1
Kcur-9,kernel_rope_norm_f32,0.002048,512x1x1,64x1x1,128x8x1x1
cache_k_l9 (view),kernel_set_rows_f16_i64,0.002816,1024x1x1,1024x1x1,1024x4096x1x1
cache_v_l9 (reshaped) (view),kernel_set_rows_f16_i64,0.007168,16x64x1,1x64x1,1x4194304x1x1
kq-9,kernel_mul_mat_f16_f32_l4,0.076800,16384x1x32,64x1x1,256x1x32x1
kq_soft_max-9,kernel_soft_max_4,0.004096,64x32x1,64x1x1,256x1x32x1
kqv-9,kernel_mul_mat_f16_f32_l4,0.040960,8192x1x32,64x1x1,128x1x32x1
kqv_out-9,kernel_cpy_f32_f32,0.002048,2048x1x1,64x1x1,4096x1x1x1
attn_out-9,kernel_gemv_noshuffle,0.150016,2048x4x1,64x4x1,4096x1x1x1
ffn_inp-9,kernel_add_row,0.002048,1024x0x0,64x0x0,4096x1x1x1
ffn_norm-9,kernel_rms_norm_mul,0.005888,1024x1x1,1024x1x1,4096x1x1x1
ffn_gate-9,kernel_gemv_noshuffle,0.560128,7168x4x1,64x4x1,14336x1x1x1
ffn_up-9,kernel_gemv_noshuffle,0.546048,7168x4x1,64x4x1,14336x1x1x1
ffn_swiglu-9,kernel_swiglu,0.011008,512x1x1,512x1x1,14336x1x1x1
ffn_out-9,kernel_gemv_noshuffle,0.519936,2048x4x1,64x4x1,4096x1x1x1
l_out-9,kernel_add_row,0.002048,1024x0x0,64x0x0,4096x1x1x1
attn_norm-10,kernel_rms_norm_mul,0.005888,1024x1x1,1024x1x1,4096x1x1x1
Qcur-10,kernel_gemv_noshuffle,0.150016,2048x4x1,64x4x1,4096x1x1x1
Qcur-10,kernel_rope_norm_f32,0.003072,2048x1x1,64x1x1,128x32x1x1
Vcur-10,kernel_gemv_noshuffle,0.061952,512x4x1,64x4x1,1024x1x1x1
Kcur-10,kernel_gemv_noshuffle,0.059904,512x4x1,64x4x1,1024x1x1x1
Kcur-10,kernel_rope_norm_f32,0.002048,512x1x1,64x1x1,128x8x1x1
cache_k_l10 (view),kernel_set_rows_f16_i64,0.002816,1024x1x1,1024x1x1,1024x4096x1x1
cache_v_l10 (reshaped) (view),kernel_set_rows_f16_i64,0.007168,16x64x1,1x64x1,1x4194304x1x1
kq-10,kernel_mul_mat_f16_f32_l4,0.077056,16384x1x32,64x1x1,256x1x32x1
kq_soft_max-10,kernel_soft_max_4,0.003840,64x32x1,64x1x1,256x1x32x1
kqv-10,kernel_mul_mat_f16_f32_l4,0.040192,8192x1x32,64x1x1,128x1x32x1
kqv_out-10,kernel_cpy_f32_f32,0.001792,2048x1x1,64x1x1,4096x1x1x1
attn_out-10,kernel_gemv_noshuffle,0.153088,2048x4x1,64x4x1,4096x1x1x1
ffn_inp-10,kernel_add_row,0.002048,1024x0x0,64x0x0,4096x1x1x1
ffn_norm-10,kernel_rms_norm_mul,0.006144,1024x1x1,1024x1x1,4096x1x1x1
ffn_gate-10,kernel_gemv_noshuffle,0.552960,7168x4x1,64x4x1,14336x1x1x1
ffn_up-10,kernel_gemv_noshuffle,0.545024,7168x4x1,64x4x1,14336x1x1x1
ffn_swiglu-10,kernel_swiglu,0.011008,512x1x1,512x1x1,14336x1x1x1
ffn_out-10,kernel_gemv_noshuffle,0.517120,2048x4x1,64x4x1,4096x1x1x1
l_out-10,kernel_add_row,0.002048,1024x0x0,64x0x0,4096x1x1x1
attn_norm-11,kernel_rms_norm_mul,0.006144,1024x1x1,1024x1x1,4096x1x1x1
Qcur-11,kernel_gemv_noshuffle,0.154880,2048x4x1,64x4x1,4096x1x1x1
Qcur-11,kernel_rope_norm_f32,0.003072,2048x1x1,64x1x1,128x32x1x1
Vcur-11,kernel_gemv_noshuffle,0.061952,512x4x1,64x4x1,1024x1x1x1
Kcur-11,kernel_gemv_noshuffle,0.061952,512x4x1,64x4x1,1024x1x1x1
Kcur-11,kernel_rope_norm_f32,0.002048,512x1x1,64x1x1,128x8x1x1
cache_k_l11 (view),kernel_set_rows_f16_i64,0.002816,1024x1x1,1024x1x1,1024x4096x1x1
cache_v_l11 (reshaped) (view),kernel_set_rows_f16_i64,0.008192,16x64x1,1x64x1,1x4194304x1x1
kq-11,kernel_mul_mat_f16_f32_l4,0.078080,16384x1x32,64x1x1,256x1x32x1
kq_soft_max-11,kernel_soft_max_4,0.004096,64x32x1,64x1x1,256x1x32x1
kqv-11,kernel_mul_mat_f16_f32_l4,0.040960,8192x1x32,64x1x1,128x1x32x1
kqv_out-11,kernel_cpy_f32_f32,0.002048,2048x1x1,64x1x1,4096x1x1x1
attn_out-11,kernel_gemv_noshuffle,0.155904,2048x4x1,64x4x1,4096x1x1x1
ffn_inp-11,kernel_add_row,0.002048,1024x0x0,64x0x0,4096x1x1x1
ffn_norm-11,kernel_rms_norm_mul,0.005888,1024x1x1,1024x1x1,4096x1x1x1
ffn_gate-11,kernel_gemv_noshuffle,0.562176,7168x4x1,64x4x1,14336x1x1x1
ffn_up-11,kernel_gemv_noshuffle,0.553984,7168x4x1,64x4x1,14336x1x1x1
ffn_swiglu-11,kernel_swiglu,0.011008,512x1x1,512x1x1,14336x1x1x1
ffn_out-11,kernel_gemv_noshuffle,0.516864,2048x4x1,64x4x1,4096x1x1x1
l_out-11,kernel_add_row,0.002048,1024x0x0,64x0x0,4096x1x1x1
attn_norm-12,kernel_rms_norm_mul,0.006144,1024x1x1,1024x1x1,4096x1x1x1
Qcur-12,kernel_gemv_noshuffle,0.150016,2048x4x1,64x4x1,4096x1x1x1
Qcur-12,kernel_rope_norm_f32,0.002816,2048x1x1,64x1x1,128x32x1x1
Vcur-12,kernel_gemv_noshuffle,0.062976,512x4x1,64x4x1,1024x1x1x1
Kcur-12,kernel_gemv_noshuffle,0.061184,512x4x1,64x4x1,1024x1x1x1
Kcur-12,kernel_rope_norm_f32,0.001792,512x1x1,64x1x1,128x8x1x1
cache_k_l12 (view),kernel_set_rows_f16_i64,0.003072,1024x1x1,1024x1x1,1024x4096x1x1
cache_v_l12 (reshaped) (view),kernel_set_rows_f16_i64,0.007936,16x64x1,1x64x1,1x4194304x1x1
kq-12,kernel_mul_mat_f16_f32_l4,0.076800,16384x1x32,64x1x1,256x1x32x1
kq_soft_max-12,kernel_soft_max_4,0.004096,64x32x1,64x1x1,256x1x32x1
kqv-12,kernel_mul_mat_f16_f32_l4,0.039936,8192x1x32,64x1x1,128x1x32x1
kqv_out-12,kernel_cpy_f32_f32,0.002048,2048x1x1,64x1x1,4096x1x1x1
attn_out-12,kernel_gemv_noshuffle,0.153856,2048x4x1,64x4x1,4096x1x1x1
ffn_inp-12,kernel_add_row,0.002048,1024x0x0,64x0x0,4096x1x1x1
ffn_norm-12,kernel_rms_norm_mul,0.005888,1024x1x1,1024x1x1,4096x1x1x1
ffn_gate-12,kernel_gemv_noshuffle,0.545024,7168x4x1,64x4x1,14336x1x1x1
ffn_up-12,kernel_gemv_noshuffle,0.541952,7168x4x1,64x4x1,14336x1x1x1
ffn_swiglu-12,kernel_swiglu,0.011008,512x1x1,512x1x1,14336x1x1x1
ffn_out-12,kernel_gemv_noshuffle,0.523008,2048x4x1,64x4x1,4096x1x1x1
l_out-12,kernel_add_row,0.002048,1024x0x0,64x0x0,4096x1x1x1
attn_norm-13,kernel_rms_norm_mul,0.006144,1024x1x1,1024x1x1,4096x1x1x1
Qcur-13,kernel_gemv_noshuffle,0.151040,2048x4x1,64x4x1,4096x1x1x1
Qcur-13,kernel_rope_norm_f32,0.002048,2048x1x1,64x1x1,128x32x1x1
Vcur-13,kernel_gemv_noshuffle,0.061184,512x4x1,64x4x1,1024x1x1x1
Kcur-13,kernel_gemv_noshuffle,0.060160,512x4x1,64x4x1,1024x1x1x1
Kcur-13,kernel_rope_norm_f32,0.001792,512x1x1,64x1x1,128x8x1x1
cache_k_l13 (view),kernel_set_rows_f16_i64,0.003072,1024x1x1,1024x1x1,1024x4096x1x1
cache_v_l13 (reshaped) (view),kernel_set_rows_f16_i64,0.007936,16x64x1,1x64x1,1x4194304x1x1
kq-13,kernel_mul_mat_f16_f32_l4,0.078080,16384x1x32,64x1x1,256x1x32x1
kq_soft_max-13,kernel_soft_max_4,0.004864,64x32x1,64x1x1,256x1x32x1
kqv-13,kernel_mul_mat_f16_f32_l4,0.040192,8192x1x32,64x1x1,128x1x32x1
kqv_out-13,kernel_cpy_f32_f32,0.001792,2048x1x1,64x1x1,4096x1x1x1
attn_out-13,kernel_gemv_noshuffle,0.151808,2048x4x1,64x4x1,4096x1x1x1
ffn_inp-13,kernel_add_row,0.002048,1024x0x0,64x0x0,4096x1x1x1
ffn_norm-13,kernel_rms_norm_mul,0.006144,1024x1x1,1024x1x1,4096x1x1x1
ffn_gate-13,kernel_gemv_noshuffle,0.545792,7168x4x1,64x4x1,14336x1x1x1
ffn_up-13,kernel_gemv_noshuffle,0.553984,7168x4x1,64x4x1,14336x1x1x1
ffn_swiglu-13,kernel_swiglu,0.012032,512x1x1,512x1x1,14336x1x1x1
ffn_out-13,kernel_gemv_noshuffle,0.519168,2048x4x1,64x4x1,4096x1x1x1
l_out-13,kernel_add_row,0.002048,1024x0x0,64x0x0,4096x1x1x1
attn_norm-14,kernel_rms_norm_mul,0.005888,1024x1x1,1024x1x1,4096x1x1x1
Qcur-14,kernel_gemv_noshuffle,0.147968,2048x4x1,64x4x1,4096x1x1x1
Qcur-14,kernel_rope_norm_f32,0.003072,2048x1x1,64x1x1,128x32x1x1
Vcur-14,kernel_gemv_noshuffle,0.060928,512x4x1,64x4x1,1024x1x1x1
Kcur-14,kernel_gemv_noshuffle,0.059904,512x4x1,64x4x1,1024x1x1x1
Kcur-14,kernel_rope_norm_f32,0.002048,512x1x1,64x1x1,128x8x1x1
cache_k_l14 (view),kernel_set_rows_f16_i64,0.003072,1024x1x1,1024x1x1,1024x4096x1x1
cache_v_l14 (reshaped) (view),kernel_set_rows_f16_i64,0.006912,16x64x1,1x64x1,1x4194304x1x1
kq-14,kernel_mul_mat_f16_f32_l4,0.077824,16384x1x32,64x1x1,256x1x32x1
kq_soft_max-14,kernel_soft_max_4,0.004096,64x32x1,64x1x1,256x1x32x1
kqv-14,kernel_mul_mat_f16_f32_l4,0.040960,8192x1x32,64x1x1,128x1x32x1
kqv_out-14,kernel_cpy_f32_f32,0.002048,2048x1x1,64x1x1,4096x1x1x1
attn_out-14,kernel_gemv_noshuffle,0.153856,2048x4x1,64x4x1,4096x1x1x1
ffn_inp-14,kernel_add_row,0.002048,1024x0x0,64x0x0,4096x1x1x1
ffn_norm-14,kernel_rms_norm_mul,0.005888,1024x1x1,1024x1x1,4096x1x1x1
ffn_gate-14,kernel_gemv_noshuffle,0.543232,7168x4x1,64x4x1,14336x1x1x1
ffn_up-14,kernel_gemv_noshuffle,0.544000,7168x4x1,64x4x1,14336x1x1x1
ffn_swiglu-14,kernel_swiglu,0.012032,512x1x1,512x1x1,14336x1x1x1
ffn_out-14,kernel_gemv_noshuffle,0.510976,2048x4x1,64x4x1,4096x1x1x1
l_out-14,kernel_add_row,0.002048,1024x0x0,64x0x0,4096x1x1x1
attn_norm-15,kernel_rms_norm_mul,0.005888,1024x1x1,1024x1x1,4096x1x1x1
Qcur-15,kernel_gemv_noshuffle,0.145920,2048x4x1,64x4x1,4096x1x1x1
Qcur-15,kernel_rope_norm_f32,0.003072,2048x1x1,64x1x1,128x32x1x1
Vcur-15,kernel_gemv_noshuffle,0.059904,512x4x1,64x4x1,1024x1x1x1
Kcur-15,kernel_gemv_noshuffle,0.058880,512x4x1,64x4x1,1024x1x1x1
Kcur-15,kernel_rope_norm_f32,0.002048,512x1x1,64x1x1,128x8x1x1
cache_k_l15 (view),kernel_set_rows_f16_i64,0.003072,1024x1x1,1024x1x1,1024x4096x1x1
cache_v_l15 (reshaped) (view),kernel_set_rows_f16_i64,0.006912,16x64x1,1x64x1,1x4194304x1x1
kq-15,kernel_mul_mat_f16_f32_l4,0.078080,16384x1x32,64x1x1,256x1x32x1
kq_soft_max-15,kernel_soft_max_4,0.003840,64x32x1,64x1x1,256x1x32x1
kqv-15,kernel_mul_mat_f16_f32_l4,0.040960,8192x1x32,64x1x1,128x1x32x1
kqv_out-15,kernel_cpy_f32_f32,0.002048,2048x1x1,64x1x1,4096x1x1x1
attn_out-15,kernel_gemv_noshuffle,0.148224,2048x4x1,64x4x1,4096x1x1x1
ffn_inp-15,kernel_add_row,0.001792,1024x0x0,64x0x0,4096x1x1x1
ffn_norm-15,kernel_rms_norm_mul,0.006144,1024x1x1,1024x1x1,4096x1x1x1
ffn_gate-15,kernel_gemv_noshuffle,0.538880,7168x4x1,64x4x1,14336x1x1x1
ffn_up-15,kernel_gemv_noshuffle,0.528128,7168x4x1,64x4x1,14336x1x1x1
ffn_swiglu-15,kernel_swiglu,0.012032,512x1x1,512x1x1,14336x1x1x1
ffn_out-15,kernel_gemv_noshuffle,0.508160,2048x4x1,64x4x1,4096x1x1x1
l_out-15,kernel_add_row,0.002048,1024x0x0,64x0x0,4096x1x1x1
attn_norm-16,kernel_rms_norm_mul,0.006144,1024x1x1,1024x1x1,4096x1x1x1
Qcur-16,kernel_gemv_noshuffle,0.146176,2048x4x1,64x4x1,4096x1x1x1
Qcur-16,kernel_rope_norm_f32,0.002816,2048x1x1,64x1x1,128x32x1x1
Vcur-16,kernel_gemv_noshuffle,0.061184,512x4x1,64x4x1,1024x1x1x1
Kcur-16,kernel_gemv_noshuffle,0.059904,512x4x1,64x4x1,1024x1x1x1
Kcur-16,kernel_rope_norm_f32,0.002048,512x1x1,64x1x1,128x8x1x1
cache_k_l16 (view),kernel_set_rows_f16_i64,0.002816,1024x1x1,1024x1x1,1024x4096x1x1
cache_v_l16 (reshaped) (view),kernel_set_rows_f16_i64,0.007168,16x64x1,1x64x1,1x4194304x1x1
kq-16,kernel_mul_mat_f16_f32_l4,0.077056,16384x1x32,64x1x1,256x1x32x1
kq_soft_max-16,kernel_soft_max_4,0.004096,64x32x1,64x1x1,256x1x32x1
kqv-16,kernel_mul_mat_f16_f32_l4,0.040192,8192x1x32,64x1x1,128x1x32x1
kqv_out-16,kernel_cpy_f32_f32,0.001792,2048x1x1,64x1x1,4096x1x1x1
attn_out-16,kernel_gemv_noshuffle,0.147200,2048x4x1,64x4x1,4096x1x1x1
ffn_inp-16,kernel_add_row,0.002048,1024x0x0,64x0x0,4096x1x1x1
ffn_norm-16,kernel_rms_norm_mul,0.006144,1024x1x1,1024x1x1,4096x1x1x1
ffn_gate-16,kernel_gemv_noshuffle,0.531968,7168x4x1,64x4x1,14336x1x1x1
ffn_up-16,kernel_gemv_noshuffle,0.540160,7168x4x1,64x4x1,14336x1x1x1
ffn_swiglu-16,kernel_swiglu,0.011008,512x1x1,512x1x1,14336x1x1x1
ffn_out-16,kernel_gemv_noshuffle,0.512000,2048x4x1,64x4x1,4096x1x1x1
l_out-16,kernel_add_row,0.001792,1024x0x0,64x0x0,4096x1x1x1
attn_norm-17,kernel_rms_norm_mul,0.006144,1024x1x1,1024x1x1,4096x1x1x1
Qcur-17,kernel_gemv_noshuffle,0.148992,2048x4x1,64x4x1,4096x1x1x1
Qcur-17,kernel_rope_norm_f32,0.002816,2048x1x1,64x1x1,128x32x1x1
Vcur-17,kernel_gemv_noshuffle,0.062976,512x4x1,64x4x1,1024x1x1x1
Kcur-17,kernel_gemv_noshuffle,0.061952,512x4x1,64x4x1,1024x1x1x1
Kcur-17,kernel_rope_norm_f32,0.002048,512x1x1,64x1x1,128x8x1x1
cache_k_l17 (view),kernel_set_rows_f16_i64,0.003072,1024x1x1,1024x1x1,1024x4096x1x1
cache_v_l17 (reshaped) (view),kernel_set_rows_f16_i64,0.008192,16x64x1,1x64x1,1x4194304x1x1
kq-17,kernel_mul_mat_f16_f32_l4,0.076800,16384x1x32,64x1x1,256x1x32x1
kq_soft_max-17,kernel_soft_max_4,0.004096,64x32x1,64x1x1,256x1x32x1
kqv-17,kernel_mul_mat_f16_f32_l4,0.039936,8192x1x32,64x1x1,128x1x32x1
kqv_out-17,kernel_cpy_f32_f32,0.002048,2048x1x1,64x1x1,4096x1x1x1
attn_out-17,kernel_gemv_noshuffle,0.145152,2048x4x1,64x4x1,4096x1x1x1
ffn_inp-17,kernel_add_row,0.001792,1024x0x0,64x0x0,4096x1x1x1
ffn_norm-17,kernel_rms_norm_mul,0.006144,1024x1x1,1024x1x1,4096x1x1x1
ffn_gate-17,kernel_gemv_noshuffle,0.539904,7168x4x1,64x4x1,14336x1x1x1
ffn_up-17,kernel_gemv_noshuffle,0.542976,7168x4x1,64x4x1,14336x1x1x1
ffn_swiglu-17,kernel_swiglu,0.011008,512x1x1,512x1x1,14336x1x1x1
ffn_out-17,kernel_gemv_noshuffle,0.509952,2048x4x1,64x4x1,4096x1x1x1
l_out-17,kernel_add_row,0.002048,1024x0x0,64x0x0,4096x1x1x1
attn_norm-18,kernel_rms_norm_mul,0.006144,1024x1x1,1024x1x1,4096x1x1x1
Qcur-18,kernel_gemv_noshuffle,0.147968,2048x4x1,64x4x1,4096x1x1x1
Qcur-18,kernel_rope_norm_f32,0.002048,2048x1x1,64x1x1,128x32x1x1
Vcur-18,kernel_gemv_noshuffle,0.059904,512x4x1,64x4x1,1024x1x1x1
Kcur-18,kernel_gemv_noshuffle,0.058880,512x4x1,64x4x1,1024x1x1x1
Kcur-18,kernel_rope_norm_f32,0.002048,512x1x1,64x1x1,128x8x1x1
cache_k_l18 (view),kernel_set_rows_f16_i64,0.003072,1024x1x1,1024x1x1,1024x4096x1x1
cache_v_l18 (reshaped) (view),kernel_set_rows_f16_i64,0.006912,16x64x1,1x64x1,1x4194304x1x1
kq-18,kernel_mul_mat_f16_f32_l4,0.078080,16384x1x32,64x1x1,256x1x32x1
kq_soft_max-18,kernel_soft_max_4,0.004096,64x32x1,64x1x1,256x1x32x1
kqv-18,kernel_mul_mat_f16_f32_l4,0.039936,8192x1x32,64x1x1,128x1x32x1
kqv_out-18,kernel_cpy_f32_f32,0.002048,2048x1x1,64x1x1,4096x1x1x1
attn_out-18,kernel_gemv_noshuffle,0.150016,2048x4x1,64x4x1,4096x1x1x1
ffn_inp-18,kernel_add_row,0.002048,1024x0x0,64x0x0,4096x1x1x1
ffn_norm-18,kernel_rms_norm_mul,0.006144,1024x1x1,1024x1x1,4096x1x1x1
ffn_gate-18,kernel_gemv_noshuffle,0.538112,7168x4x1,64x4x1,14336x1x1x1
ffn_up-18,kernel_gemv_noshuffle,0.532992,7168x4x1,64x4x1,14336x1x1x1
ffn_swiglu-18,kernel_swiglu,0.011008,512x1x1,512x1x1,14336x1x1x1
ffn_out-18,kernel_gemv_noshuffle,0.516096,2048x4x1,64x4x1,4096x1x1x1
l_out-18,kernel_add_row,0.002048,1024x0x0,64x0x0,4096x1x1x1
attn_norm-19,kernel_rms_norm_mul,0.005888,1024x1x1,1024x1x1,4096x1x1x1
Qcur-19,kernel_gemv_noshuffle,0.146944,2048x4x1,64x4x1,4096x1x1x1
Qcur-19,kernel_rope_norm_f32,0.003072,2048x1x1,64x1x1,128x32x1x1
Vcur-19,kernel_gemv_noshuffle,0.060928,512x4x1,64x4x1,1024x1x1x1
Kcur-19,kernel_gemv_noshuffle,0.059904,512x4x1,64x4x1,1024x1x1x1
Kcur-19,kernel_rope_norm_f32,0.002048,512x1x1,64x1x1,128x8x1x1
cache_k_l19 (view),kernel_set_rows_f16_i64,0.003072,1024x1x1,1024x1x1,1024x4096x1x1
cache_v_l19 (reshaped) (view),kernel_set_rows_f16_i64,0.006912,16x64x1,1x64x1,1x4194304x1x1
kq-19,kernel_mul_mat_f16_f32_l4,0.078080,16384x1x32,64x1x1,256x1x32x1
kq_soft_max-19,kernel_soft_max_4,0.003840,64x32x1,64x1x1,256x1x32x1
kqv-19,kernel_mul_mat_f16_f32_l4,0.040960,8192x1x32,64x1x1,128x1x32x1
kqv_out-19,kernel_cpy_f32_f32,0.002048,2048x1x1,64x1x1,4096x1x1x1
attn_out-19,kernel_gemv_noshuffle,0.149248,2048x4x1,64x4x1,4096x1x1x1
ffn_inp-19,kernel_add_row,0.002048,1024x0x0,64x0x0,4096x1x1x1
ffn_norm-19,kernel_rms_norm_mul,0.006144,1024x1x1,1024x1x1,4096x1x1x1
ffn_gate-19,kernel_gemv_noshuffle,0.534784,7168x4x1,64x4x1,14336x1x1x1
ffn_up-19,kernel_gemv_noshuffle,0.539136,7168x4x1,64x4x1,14336x1x1x1
ffn_swiglu-19,kernel_swiglu,0.011008,512x1x1,512x1x1,14336x1x1x1
ffn_out-19,kernel_gemv_noshuffle,0.513792,2048x4x1,64x4x1,4096x1x1x1
l_out-19,kernel_add_row,0.002048,1024x0x0,64x0x0,4096x1x1x1
attn_norm-20,kernel_rms_norm_mul,0.005888,1024x1x1,1024x1x1,4096x1x1x1
Qcur-20,kernel_gemv_noshuffle,0.150016,2048x4x1,64x4x1,4096x1x1x1
Qcur-20,kernel_rope_norm_f32,0.002048,2048x1x1,64x1x1,128x32x1x1
Vcur-20,kernel_gemv_noshuffle,0.060928,512x4x1,64x4x1,1024x1x1x1
Kcur-20,kernel_gemv_noshuffle,0.059904,512x4x1,64x4x1,1024x1x1x1
Kcur-20,kernel_rope_norm_f32,0.002048,512x1x1,64x1x1,128x8x1x1
cache_k_l20 (view),kernel_set_rows_f16_i64,0.003072,1024x1x1,1024x1x1,1024x4096x1x1
cache_v_l20 (reshaped) (view),kernel_set_rows_f16_i64,0.006912,16x64x1,1x64x1,1x4194304x1x1
kq-20,kernel_mul_mat_f16_f32_l4,0.078080,16384x1x32,64x1x1,256x1x32x1
kq_soft_max-20,kernel_soft_max_4,0.004096,64x32x1,64x1x1,256x1x32x1
kqv-20,kernel_mul_mat_f16_f32_l4,0.040960,8192x1x32,64x1x1,128x1x32x1
kqv_out-20,kernel_cpy_f32_f32,0.002048,2048x1x1,64x1x1,4096x1x1x1
attn_out-20,kernel_gemv_noshuffle,0.148224,2048x4x1,64x4x1,4096x1x1x1
ffn_inp-20,kernel_add_row,0.001792,1024x0x0,64x0x0,4096x1x1x1
ffn_norm-20,kernel_rms_norm_mul,0.006144,1024x1x1,1024x1x1,4096x1x1x1
ffn_gate-20,kernel_gemv_noshuffle,0.545024,7168x4x1,64x4x1,14336x1x1x1
ffn_up-20,kernel_gemv_noshuffle,0.562944,7168x4x1,64x4x1,14336x1x1x1
ffn_swiglu-20,kernel_swiglu,0.011008,512x1x1,512x1x1,14336x1x1x1
ffn_out-20,kernel_gemv_noshuffle,0.510976,2048x4x1,64x4x1,4096x1x1x1
l_out-20,kernel_add_row,0.002048,1024x0x0,64x0x0,4096x1x1x1
attn_norm-21,kernel_rms_norm_mul,0.005888,1024x1x1,1024x1x1,4096x1x1x1
Qcur-21,kernel_gemv_noshuffle,0.146176,2048x4x1,64x4x1,4096x1x1x1
Qcur-21,kernel_rope_norm_f32,0.002816,2048x1x1,64x1x1,128x32x1x1
Vcur-21,kernel_gemv_noshuffle,0.060160,512x4x1,64x4x1,1024x1x1x1
Kcur-21,kernel_gemv_noshuffle,0.060160,512x4x1,64x4x1,1024x1x1x1
Kcur-21,kernel_rope_norm_f32,0.001792,512x1x1,64x1x1,128x8x1x1
cache_k_l21 (view),kernel_set_rows_f16_i64,0.003072,1024x1x1,1024x1x1,1024x4096x1x1
cache_v_l21 (reshaped) (view),kernel_set_rows_f16_i64,0.006912,16x64x1,1x64x1,1x4194304x1x1
kq-21,kernel_mul_mat_f16_f32_l4,0.078080,16384x1x32,64x1x1,256x1x32x1
kq_soft_max-21,kernel_soft_max_4,0.003840,64x32x1,64x1x1,256x1x32x1
kqv-21,kernel_mul_mat_f16_f32_l4,0.040192,8192x1x32,64x1x1,128x1x32x1
kqv_out-21,kernel_cpy_f32_f32,0.002048,2048x1x1,64x1x1,4096x1x1x1
attn_out-21,kernel_gemv_noshuffle,0.144896,2048x4x1,64x4x1,4096x1x1x1
ffn_inp-21,kernel_add_row,0.002048,1024x0x0,64x0x0,4096x1x1x1
ffn_norm-21,kernel_rms_norm_mul,0.005888,1024x1x1,1024x1x1,4096x1x1x1
ffn_gate-21,kernel_gemv_noshuffle,0.547072,7168x4x1,64x4x1,14336x1x1x1
ffn_up-21,kernel_gemv_noshuffle,0.550912,7168x4x1,64x4x1,14336x1x1x1
ffn_swiglu-21,kernel_swiglu,0.012032,512x1x1,512x1x1,14336x1x1x1
ffn_out-21,kernel_gemv_noshuffle,0.519936,2048x4x1,64x4x1,4096x1x1x1
l_out-21,kernel_add_row,0.002048,1024x0x0,64x0x0,4096x1x1x1
attn_norm-22,kernel_rms_norm_mul,0.005888,1024x1x1,1024x1x1,4096x1x1x1
Qcur-22,kernel_gemv_noshuffle,0.152064,2048x4x1,64x4x1,4096x1x1x1
Qcur-22,kernel_rope_norm_f32,0.001792,2048x1x1,64x1x1,128x32x1x1
Vcur-22,kernel_gemv_noshuffle,0.061184,512x4x1,64x4x1,1024x1x1x1
Kcur-22,kernel_gemv_noshuffle,0.060160,512x4x1,64x4x1,1024x1x1x1
Kcur-22,kernel_rope_norm_f32,0.002048,512x1x1,64x1x1,128x8x1x1
cache_k_l22 (view),kernel_set_rows_f16_i64,0.002816,1024x1x1,1024x1x1,1024x4096x1x1
cache_v_l22 (reshaped) (view),kernel_set_rows_f16_i64,0.008192,16x64x1,1x64x1,1x4194304x1x1
kq-22,kernel_mul_mat_f16_f32_l4,0.078080,16384x1x32,64x1x1,256x1x32x1
kq_soft_max-22,kernel_soft_max_4,0.003840,64x32x1,64x1x1,256x1x32x1
kqv-22,kernel_mul_mat_f16_f32_l4,0.040192,8192x1x32,64x1x1,128x1x32x1
kqv_out-22,kernel_cpy_f32_f32,0.002048,2048x1x1,64x1x1,4096x1x1x1
attn_out-22,kernel_gemv_noshuffle,0.152064,2048x4x1,64x4x1,4096x1x1x1
ffn_inp-22,kernel_add_row,0.002048,1024x0x0,64x0x0,4096x1x1x1
ffn_norm-22,kernel_rms_norm_mul,0.005888,1024x1x1,1024x1x1,4096x1x1x1
ffn_gate-22,kernel_gemv_noshuffle,0.546048,7168x4x1,64x4x1,14336x1x1x1
ffn_up-22,kernel_gemv_noshuffle,0.551168,7168x4x1,64x4x1,14336x1x1x1
ffn_swiglu-22,kernel_swiglu,0.012032,512x1x1,512x1x1,14336x1x1x1
ffn_out-22,kernel_gemv_noshuffle,0.513024,2048x4x1,64x4x1,4096x1x1x1
l_out-22,kernel_add_row,0.002048,1024x0x0,64x0x0,4096x1x1x1
attn_norm-23,kernel_rms_norm_mul,0.005888,1024x1x1,1024x1x1,4096x1x1x1
Qcur-23,kernel_gemv_noshuffle,0.145152,2048x4x1,64x4x1,4096x1x1x1
Qcur-23,kernel_rope_norm_f32,0.002816,2048x1x1,64x1x1,128x32x1x1
Vcur-23,kernel_gemv_noshuffle,0.061184,512x4x1,64x4x1,1024x1x1x1
Kcur-23,kernel_gemv_noshuffle,0.059136,512x4x1,64x4x1,1024x1x1x1
Kcur-23,kernel_rope_norm_f32,0.002048,512x1x1,64x1x1,128x8x1x1
cache_k_l23 (view),kernel_set_rows_f16_i64,0.003072,1024x1x1,1024x1x1,1024x4096x1x1
cache_v_l23 (reshaped) (view),kernel_set_rows_f16_i64,0.007936,16x64x1,1x64x1,1x4194304x1x1
kq-23,kernel_mul_mat_f16_f32_l4,0.077056,16384x1x32,64x1x1,256x1x32x1
kq_soft_max-23,kernel_soft_max_4,0.004096,64x32x1,64x1x1,256x1x32x1
kqv-23,kernel_mul_mat_f16_f32_l4,0.039936,8192x1x32,64x1x1,128x1x32x1
kqv_out-23,kernel_cpy_f32_f32,0.002048,2048x1x1,64x1x1,4096x1x1x1
attn_out-23,kernel_gemv_noshuffle,0.145920,2048x4x1,64x4x1,4096x1x1x1
ffn_inp-23,kernel_add_row,0.002048,1024x0x0,64x0x0,4096x1x1x1
ffn_norm-23,kernel_rms_norm_mul,0.005888,1024x1x1,1024x1x1,4096x1x1x1
ffn_gate-23,kernel_gemv_noshuffle,0.539136,7168x4x1,64x4x1,14336x1x1x1
ffn_up-23,kernel_gemv_noshuffle,0.539904,7168x4x1,64x4x1,14336x1x1x1
ffn_swiglu-23,kernel_swiglu,0.012032,512x1x1,512x1x1,14336x1x1x1
ffn_out-23,kernel_gemv_noshuffle,0.518912,2048x4x1,64x4x1,4096x1x1x1
l_out-23,kernel_add_row,0.002048,1024x0x0,64x0x0,4096x1x1x1
attn_norm-24,kernel_rms_norm_mul,0.005888,1024x1x1,1024x1x1,4096x1x1x1
Qcur-24,kernel_gemv_noshuffle,0.148992,2048x4x1,64x4x1,4096x1x1x1
Qcur-24,kernel_rope_norm_f32,0.003072,2048x1x1,64x1x1,128x32x1x1
Vcur-24,kernel_gemv_noshuffle,0.060928,512x4x1,64x4x1,1024x1x1x1
Kcur-24,kernel_gemv_noshuffle,0.058880,512x4x1,64x4x1,1024x1x1x1
Kcur-24,kernel_rope_norm_f32,0.002048,512x1x1,64x1x1,128x8x1x1
cache_k_l24 (view),kernel_set_rows_f16_i64,0.003072,1024x1x1,1024x1x1,1024x4096x1x1
cache_v_l24 (reshaped) (view),kernel_set_rows_f16_i64,0.006912,16x64x1,1x64x1,1x4194304x1x1
kq-24,kernel_mul_mat_f16_f32_l4,0.077056,16384x1x32,64x1x1,256x1x32x1
kq_soft_max-24,kernel_soft_max_4,0.004096,64x32x1,64x1x1,256x1x32x1
kqv-24,kernel_mul_mat_f16_f32_l4,0.039936,8192x1x32,64x1x1,128x1x32x1
kqv_out-24,kernel_cpy_f32_f32,0.002048,2048x1x1,64x1x1,4096x1x1x1
attn_out-24,kernel_gemv_noshuffle,0.146944,2048x4x1,64x4x1,4096x1x1x1
ffn_inp-24,kernel_add_row,0.002048,1024x0x0,64x0x0,4096x1x1x1
ffn_norm-24,kernel_rms_norm_mul,0.005888,1024x1x1,1024x1x1,4096x1x1x1
ffn_gate-24,kernel_gemv_noshuffle,0.539904,7168x4x1,64x4x1,14336x1x1x1
ffn_up-24,kernel_gemv_noshuffle,0.546048,7168x4x1,64x4x1,14336x1x1x1
ffn_swiglu-24,kernel_swiglu,0.010752,512x1x1,512x1x1,14336x1x1x1
ffn_out-24,kernel_gemv_noshuffle,0.514048,2048x4x1,64x4x1,4096x1x1x1
l_out-24,kernel_add_row,0.002048,1024x0x0,64x0x0,4096x1x1x1
attn_norm-25,kernel_rms_norm_mul,0.005888,1024x1x1,1024x1x1,4096x1x1x1
Qcur-25,kernel_gemv_noshuffle,0.151040,2048x4x1,64x4x1,4096x1x1x1
Qcur-25,kernel_rope_norm_f32,0.003072,2048x1x1,64x1x1,128x32x1x1
Vcur-25,kernel_gemv_noshuffle,0.060928,512x4x1,64x4x1,1024x1x1x1
Kcur-25,kernel_gemv_noshuffle,0.060928,512x4x1,64x4x1,1024x1x1x1
Kcur-25,kernel_rope_norm_f32,0.002048,512x1x1,64x1x1,128x8x1x1
cache_k_l25 (view),kernel_set_rows_f16_i64,0.002816,1024x1x1,1024x1x1,1024x4096x1x1
cache_v_l25 (reshaped) (view),kernel_set_rows_f16_i64,0.008960,16x64x1,1x64x1,1x4194304x1x1
kq-25,kernel_mul_mat_f16_f32_l4,0.077056,16384x1x32,64x1x1,256x1x32x1
kq_soft_max-25,kernel_soft_max_4,0.004096,64x32x1,64x1x1,256x1x32x1
kqv-25,kernel_mul_mat_f16_f32_l4,0.039936,8192x1x32,64x1x1,128x1x32x1
kqv_out-25,kernel_cpy_f32_f32,0.002048,2048x1x1,64x1x1,4096x1x1x1
attn_out-25,kernel_gemv_noshuffle,0.145920,2048x4x1,64x4x1,4096x1x1x1
ffn_inp-25,kernel_add_row,0.002048,1024x0x0,64x0x0,4096x1x1x1
ffn_norm-25,kernel_rms_norm_mul,0.005888,1024x1x1,1024x1x1,4096x1x1x1
ffn_gate-25,kernel_gemv_noshuffle,0.552192,7168x4x1,64x4x1,14336x1x1x1
ffn_up-25,kernel_gemv_noshuffle,0.539904,7168x4x1,64x4x1,14336x1x1x1
ffn_swiglu-25,kernel_swiglu,0.011008,512x1x1,512x1x1,14336x1x1x1
ffn_out-25,kernel_gemv_noshuffle,0.513024,2048x4x1,64x4x1,4096x1x1x1
l_out-25,kernel_add_row,0.001792,1024x0x0,64x0x0,4096x1x1x1
attn_norm-26,kernel_rms_norm_mul,0.005888,1024x1x1,1024x1x1,4096x1x1x1
Qcur-26,kernel_gemv_noshuffle,0.150016,2048x4x1,64x4x1,4096x1x1x1
Qcur-26,kernel_rope_norm_f32,0.003072,2048x1x1,64x1x1,128x32x1x1
Vcur-26,kernel_gemv_noshuffle,0.060928,512x4x1,64x4x1,1024x1x1x1
Kcur-26,kernel_gemv_noshuffle,0.059904,512x4x1,64x4x1,1024x1x1x1
Kcur-26,kernel_rope_norm_f32,0.002048,512x1x1,64x1x1,128x8x1x1
cache_k_l26 (view),kernel_set_rows_f16_i64,0.003072,1024x1x1,1024x1x1,1024x4096x1x1
cache_v_l26 (reshaped) (view),kernel_set_rows_f16_i64,0.006912,16x64x1,1x64x1,1x4194304x1x1
kq-26,kernel_mul_mat_f16_f32_l4,0.076800,16384x1x32,64x1x1,256x1x32x1
kq_soft_max-26,kernel_soft_max_4,0.004096,64x32x1,64x1x1,256x1x32x1
kqv-26,kernel_mul_mat_f16_f32_l4,0.039936,8192x1x32,64x1x1,128x1x32x1
kqv_out-26,kernel_cpy_f32_f32,0.002048,2048x1x1,64x1x1,4096x1x1x1
attn_out-26,kernel_gemv_noshuffle,0.148992,2048x4x1,64x4x1,4096x1x1x1
ffn_inp-26,kernel_add_row,0.002048,1024x0x0,64x0x0,4096x1x1x1
ffn_norm-26,kernel_rms_norm_mul,0.006144,1024x1x1,1024x1x1,4096x1x1x1
ffn_gate-26,kernel_gemv_noshuffle,0.536832,7168x4x1,64x4x1,14336x1x1x1
ffn_up-26,kernel_gemv_noshuffle,0.540928,7168x4x1,64x4x1,14336x1x1x1
ffn_swiglu-26,kernel_swiglu,0.011008,512x1x1,512x1x1,14336x1x1x1
ffn_out-26,kernel_gemv_noshuffle,0.516096,2048x4x1,64x4x1,4096x1x1x1
l_out-26,kernel_add_row,0.002048,1024x0x0,64x0x0,4096x1x1x1
attn_norm-27,kernel_rms_norm_mul,0.006144,1024x1x1,1024x1x1,4096x1x1x1
Qcur-27,kernel_gemv_noshuffle,0.146944,2048x4x1,64x4x1,4096x1x1x1
Qcur-27,kernel_rope_norm_f32,0.003072,2048x1x1,64x1x1,128x32x1x1
Vcur-27,kernel_gemv_noshuffle,0.059904,512x4x1,64x4x1,1024x1x1x1
Kcur-27,kernel_gemv_noshuffle,0.058880,512x4x1,64x4x1,1024x1x1x1
Kcur-27,kernel_rope_norm_f32,0.002048,512x1x1,64x1x1,128x8x1x1
cache_k_l27 (view),kernel_set_rows_f16_i64,0.002816,1024x1x1,1024x1x1,1024x4096x1x1
cache_v_l27 (reshaped) (view),kernel_set_rows_f16_i64,0.007168,16x64x1,1x64x1,1x4194304x1x1
kq-27,kernel_mul_mat_f16_f32_l4,0.076800,16384x1x32,64x1x1,256x1x32x1
kq_soft_max-27,kernel_soft_max_4,0.004096,64x32x1,64x1x1,256x1x32x1
kqv-27,kernel_mul_mat_f16_f32_l4,0.040960,8192x1x32,64x1x1,128x1x32x1
kqv_out-27,kernel_cpy_f32_f32,0.002048,2048x1x1,64x1x1,4096x1x1x1
attn_out-27,kernel_gemv_noshuffle,0.147968,2048x4x1,64x4x1,4096x1x1x1
ffn_inp-27,kernel_add_row,0.002048,1024x0x0,64x0x0,4096x1x1x1
ffn_norm-27,kernel_rms_norm_mul,0.005888,1024x1x1,1024x1x1,4096x1x1x1
ffn_gate-27,kernel_gemv_noshuffle,0.544000,7168x4x1,64x4x1,14336x1x1x1
ffn_up-27,kernel_gemv_noshuffle,0.541952,7168x4x1,64x4x1,14336x1x1x1
ffn_swiglu-27,kernel_swiglu,0.011008,512x1x1,512x1x1,14336x1x1x1
ffn_out-27,kernel_gemv_noshuffle,0.515072,2048x4x1,64x4x1,4096x1x1x1
l_out-27,kernel_add_row,0.002048,1024x0x0,64x0x0,4096x1x1x1
attn_norm-28,kernel_rms_norm_mul,0.006144,1024x1x1,1024x1x1,4096x1x1x1
Qcur-28,kernel_gemv_noshuffle,0.153856,2048x4x1,64x4x1,4096x1x1x1
Qcur-28,kernel_rope_norm_f32,0.003072,2048x1x1,64x1x1,128x32x1x1
Vcur-28,kernel_gemv_noshuffle,0.062976,512x4x1,64x4x1,1024x1x1x1
Kcur-28,kernel_gemv_noshuffle,0.060928,512x4x1,64x4x1,1024x1x1x1
Kcur-28,kernel_rope_norm_f32,0.002048,512x1x1,64x1x1,128x8x1x1
cache_k_l28 (view),kernel_set_rows_f16_i64,0.003072,1024x1x1,1024x1x1,1024x4096x1x1
cache_v_l28 (reshaped) (view),kernel_set_rows_f16_i64,0.006912,16x64x1,1x64x1,1x4194304x1x1
kq-28,kernel_mul_mat_f16_f32_l4,0.078080,16384x1x32,64x1x1,256x1x32x1
kq_soft_max-28,kernel_soft_max_4,0.004096,64x32x1,64x1x1,256x1x32x1
kqv-28,kernel_mul_mat_f16_f32_l4,0.039936,8192x1x32,64x1x1,128x1x32x1
kqv_out-28,kernel_cpy_f32_f32,0.002048,2048x1x1,64x1x1,4096x1x1x1
attn_out-28,kernel_gemv_noshuffle,0.154112,2048x4x1,64x4x1,4096x1x1x1
ffn_inp-28,kernel_add_row,0.002048,1024x0x0,64x0x0,4096x1x1x1
ffn_norm-28,kernel_rms_norm_mul,0.005888,1024x1x1,1024x1x1,4096x1x1x1
ffn_gate-28,kernel_gemv_noshuffle,0.542976,7168x4x1,64x4x1,14336x1x1x1
ffn_up-28,kernel_gemv_noshuffle,0.535040,7168x4x1,64x4x1,14336x1x1x1
ffn_swiglu-28,kernel_swiglu,0.011008,512x1x1,512x1x1,14336x1x1x1
ffn_out-28,kernel_gemv_noshuffle,0.526080,2048x4x1,64x4x1,4096x1x1x1
l_out-28,kernel_add_row,0.002048,1024x0x0,64x0x0,4096x1x1x1
attn_norm-29,kernel_rms_norm_mul,0.005888,1024x1x1,1024x1x1,4096x1x1x1
Qcur-29,kernel_gemv_noshuffle,0.154112,2048x4x1,64x4x1,4096x1x1x1
Qcur-29,kernel_rope_norm_f32,0.002816,2048x1x1,64x1x1,128x32x1x1
Vcur-29,kernel_gemv_noshuffle,0.060160,512x4x1,64x4x1,1024x1x1x1
Kcur-29,kernel_gemv_noshuffle,0.060160,512x4x1,64x4x1,1024x1x1x1
Kcur-29,kernel_rope_norm_f32,0.002816,512x1x1,64x1x1,128x8x1x1
cache_k_l29 (view),kernel_set_rows_f16_i64,0.003072,1024x1x1,1024x1x1,1024x4096x1x1
cache_v_l29 (reshaped) (view),kernel_set_rows_f16_i64,0.006912,16x64x1,1x64x1,1x4194304x1x1
kq-29,kernel_mul_mat_f16_f32_l4,0.078080,16384x1x32,64x1x1,256x1x32x1
kq_soft_max-29,kernel_soft_max_4,0.003840,64x32x1,64x1x1,256x1x32x1
kqv-29,kernel_mul_mat_f16_f32_l4,0.040192,8192x1x32,64x1x1,128x1x32x1
kqv_out-29,kernel_cpy_f32_f32,0.003072,2048x1x1,64x1x1,4096x1x1x1
attn_out-29,kernel_gemv_noshuffle,0.152064,2048x4x1,64x4x1,4096x1x1x1
ffn_inp-29,kernel_add_row,0.001792,1024x0x0,64x0x0,4096x1x1x1
ffn_norm-29,kernel_rms_norm_mul,0.006144,1024x1x1,1024x1x1,4096x1x1x1
ffn_gate-29,kernel_gemv_noshuffle,0.560896,7168x4x1,64x4x1,14336x1x1x1
ffn_up-29,kernel_gemv_noshuffle,0.545024,7168x4x1,64x4x1,14336x1x1x1
ffn_swiglu-29,kernel_swiglu,0.012032,512x1x1,512x1x1,14336x1x1x1
ffn_out-29,kernel_gemv_noshuffle,0.523008,2048x4x1,64x4x1,4096x1x1x1
l_out-29,kernel_add_row,0.001792,1024x0x0,64x0x0,4096x1x1x1
attn_norm-30,kernel_rms_norm_mul,0.005888,1024x1x1,1024x1x1,4096x1x1x1
Qcur-30,kernel_gemv_noshuffle,0.153088,2048x4x1,64x4x1,4096x1x1x1
Qcur-30,kernel_rope_norm_f32,0.002048,2048x1x1,64x1x1,128x32x1x1
Vcur-30,kernel_gemv_noshuffle,0.061952,512x4x1,64x4x1,1024x1x1x1
Kcur-30,kernel_gemv_noshuffle,0.060928,512x4x1,64x4x1,1024x1x1x1
Kcur-30,kernel_rope_norm_f32,0.002048,512x1x1,64x1x1,128x8x1x1
cache_k_l30 (view),kernel_set_rows_f16_i64,0.002816,1024x1x1,1024x1x1,1024x4096x1x1
cache_v_l30 (reshaped) (view),kernel_set_rows_f16_i64,0.007168,16x64x1,1x64x1,1x4194304x1x1
kq-30,kernel_mul_mat_f16_f32_l4,0.077056,16384x1x32,64x1x1,256x1x32x1
kq_soft_max-30,kernel_soft_max_4,0.003840,64x32x1,64x1x1,256x1x32x1
kqv-30,kernel_mul_mat_f16_f32_l4,0.040192,8192x1x32,64x1x1,128x1x32x1
kqv_out-30,kernel_cpy_f32_f32,0.002048,2048x1x1,64x1x1,4096x1x1x1
attn_out-30,kernel_gemv_noshuffle,0.152064,2048x4x1,64x4x1,4096x1x1x1
ffn_inp-30,kernel_add_row,0.002048,1024x0x0,64x0x0,4096x1x1x1
ffn_norm-30,kernel_rms_norm_mul,0.005888,1024x1x1,1024x1x1,4096x1x1x1
ffn_gate-30,kernel_gemv_noshuffle,0.546048,7168x4x1,64x4x1,14336x1x1x1
ffn_up-30,kernel_gemv_noshuffle,0.553984,7168x4x1,64x4x1,14336x1x1x1
ffn_swiglu-30,kernel_swiglu,0.012032,512x1x1,512x1x1,14336x1x1x1
ffn_out-30,kernel_gemv_noshuffle,0.508928,2048x4x1,64x4x1,4096x1x1x1
l_out-30,kernel_add_row,0.002048,1024x0x0,64x0x0,4096x1x1x1
attn_norm-31,kernel_rms_norm_mul,0.006144,1024x1x1,1024x1x1,4096x1x1x1
Qcur-31,kernel_gemv_noshuffle,0.148992,2048x4x1,64x4x1,4096x1x1x1
Qcur-31,kernel_rope_norm_f32,0.002816,2048x1x1,64x1x1,128x32x1x1
Vcur-31,kernel_gemv_noshuffle,0.061184,512x4x1,64x4x1,1024x1x1x1
Kcur-31,kernel_gemv_noshuffle,0.060928,512x4x1,64x4x1,1024x1x1x1
Kcur-31,kernel_rope_norm_f32,0.002048,512x1x1,64x1x1,128x8x1x1
cache_k_l31 (view),kernel_set_rows_f16_i64,0.003072,1024x1x1,1024x1x1,1024x4096x1x1
cache_v_l31 (reshaped) (view),kernel_set_rows_f16_i64,0.007936,16x64x1,1x64x1,1x4194304x1x1
kq-31,kernel_mul_mat_f16_f32_l4,0.077056,16384x1x32,64x1x1,256x1x32x1
kq_soft_max-31,kernel_soft_max_4,0.005120,64x32x1,64x1x1,256x1x32x1
kqv-31,kernel_mul_mat_f16_f32_l4,0.039936,8192x1x32,64x1x1,128x1x32x1
kqv_out-31,kernel_cpy_f32_f32,0.002048,2048x1x1,64x1x1,4096x1x1x1
attn_out-31,kernel_gemv_noshuffle,0.148992,2048x4x1,64x4x1,4096x1x1x1
node_1145,kernel_get_rows_f32,0.018176,64x1x1,64x1x1,4096x1x1x1
node_1146,kernel_get_rows_f32,0.017920,64x1x1,64x1x1,4096x1x1x1
ffn_inp-31,kernel_add_row,0.002048,1024x0x0,64x0x0,4096x1x1x1
ffn_norm-31,kernel_rms_norm_mul,0.005888,1024x1x1,1024x1x1,4096x1x1x1
ffn_gate-31,kernel_gemv_noshuffle,0.548096,7168x4x1,64x4x1,14336x1x1x1
ffn_up-31,kernel_gemv_noshuffle,0.546048,7168x4x1,64x4x1,14336x1x1x1
ffn_swiglu-31,kernel_swiglu,0.011008,512x1x1,512x1x1,14336x1x1x1
ffn_out-31,kernel_gemv_noshuffle,0.517888,2048x4x1,64x4x1,4096x1x1x1
l_out-31,kernel_add_row,0.002048,1024x0x0,64x0x0,4096x1x1x1
result_norm,kernel_rms_norm_mul,0.005888,1024x1x1,1024x1x1,4096x1x1x1
result_output,kernel_transpose_32_16,0.006144,4096x2x0,16x1x0,128256x1x1x1
result_output,kernel_mul_mat_Ab_Bi_8x4,5.617920,1x32064x4,1x32x4,128256x1x1x1
attn_norm-0,kernel_rms_norm_mul,0.007936,1024x1x1,1024x1x1,4096x1x1x1
Qcur-0,kernel_gemv_noshuffle,0.161024,2048x4x1,64x4x1,4096x1x1x1
Qcur-0,kernel_rope_norm_f32,0.003072,2048x1x1,64x1x1,128x32x1x1
Vcur-0,kernel_gemv_noshuffle,0.061952,512x4x1,64x4x1,1024x1x1x1
Kcur-0,kernel_gemv_noshuffle,0.059904,512x4x1,64x4x1,1024x1x1x1
Kcur-0,kernel_rope_norm_f32,0.003072,512x1x1,64x1x1,128x8x1x1
cache_k_l0 (view),kernel_set_rows_f16_i64,0.002816,1024x1x1,1024x1x1,1024x4096x1x1
cache_v_l0 (reshaped) (view),kernel_set_rows_f16_i64,0.007936,16x64x1,1x64x1,1x4194304x1x1
kq-0,kernel_mul_mat_f16_f32_l4,0.076800,16384x1x32,64x1x1,256x1x32x1
kq_soft_max-0,kernel_soft_max_4,0.004096,64x32x1,64x1x1,256x1x32x1
kqv-0,kernel_mul_mat_f16_f32_l4,0.039936,8192x1x32,64x1x1,128x1x32x1
kqv_out-0,kernel_cpy_f32_f32,0.002048,2048x1x1,64x1x1,4096x1x1x1
attn_out-0,kernel_gemv_noshuffle,0.152832,2048x4x1,64x4x1,4096x1x1x1
ffn_inp-0,kernel_add_row,0.002048,1024x0x0,64x0x0,4096x1x1x1
ffn_norm-0,kernel_rms_norm_mul,0.005888,1024x1x1,1024x1x1,4096x1x1x1
ffn_gate-0,kernel_gemv_noshuffle,0.558080,7168x4x1,64x4x1,14336x1x1x1
ffn_up-0,kernel_gemv_noshuffle,0.583936,7168x4x1,64x4x1,14336x1x1x1
ffn_swiglu-0,kernel_swiglu,0.011008,512x1x1,512x1x1,14336x1x1x1
ffn_out-0,kernel_gemv_noshuffle,0.524032,2048x4x1,64x4x1,4096x1x1x1
l_out-0,kernel_add_row,0.002816,1024x0x0,64x0x0,4096x1x1x1
attn_norm-1,kernel_rms_norm_mul,0.006144,1024x1x1,1024x1x1,4096x1x1x1
Qcur-1,kernel_gemv_noshuffle,0.153856,2048x4x1,64x4x1,4096x1x1x1
Qcur-1,kernel_rope_norm_f32,0.003072,2048x1x1,64x1x1,128x32x1x1
Vcur-1,kernel_gemv_noshuffle,0.060928,512x4x1,64x4x1,1024x1x1x1
Kcur-1,kernel_gemv_noshuffle,0.061952,512x4x1,64x4x1,1024x1x1x1
Kcur-1,kernel_rope_norm_f32,0.002048,512x1x1,64x1x1,128x8x1x1
cache_k_l1 (view),kernel_set_rows_f16_i64,0.002816,1024x1x1,1024x1x1,1024x4096x1x1
cache_v_l1 (reshaped) (view),kernel_set_rows_f16_i64,0.008192,16x64x1,1x64x1,1x4194304x1x1
kq-1,kernel_mul_mat_f16_f32_l4,0.077824,16384x1x32,64x1x1,256x1x32x1
kq_soft_max-1,kernel_soft_max_4,0.004096,64x32x1,64x1x1,256x1x32x1
kqv-1,kernel_mul_mat_f16_f32_l4,0.039936,8192x1x32,64x1x1,128x1x32x1
kqv_out-1,kernel_cpy_f32_f32,0.002048,2048x1x1,64x1x1,4096x1x1x1
attn_out-1,kernel_gemv_noshuffle,0.157952,2048x4x1,64x4x1,4096x1x1x1
ffn_inp-1,kernel_add_row,0.002048,1024x0x0,64x0x0,4096x1x1x1
ffn_norm-1,kernel_rms_norm_mul,0.005888,1024x1x1,1024x1x1,4096x1x1x1
ffn_gate-1,kernel_gemv_noshuffle,0.577024,7168x4x1,64x4x1,14336x1x1x1
ffn_up-1,kernel_gemv_noshuffle,0.553984,7168x4x1,64x4x1,14336x1x1x1
ffn_swiglu-1,kernel_swiglu,0.012032,512x1x1,512x1x1,14336x1x1x1
ffn_out-1,kernel_gemv_noshuffle,0.539904,2048x4x1,64x4x1,4096x1x1x1
l_out-1,kernel_add_row,0.002048,1024x0x0,64x0x0,4096x1x1x1
attn_norm-2,kernel_rms_norm_mul,0.005888,1024x1x1,1024x1x1,4096x1x1x1
Qcur-2,kernel_gemv_noshuffle,0.160000,2048x4x1,64x4x1,4096x1x1x1
Qcur-2,kernel_rope_norm_f32,0.003072,2048x1x1,64x1x1,128x32x1x1
Vcur-2,kernel_gemv_noshuffle,0.060928,512x4x1,64x4x1,1024x1x1x1
Kcur-2,kernel_gemv_noshuffle,0.059904,512x4x1,64x4x1,1024x1x1x1
Kcur-2,kernel_rope_norm_f32,0.002048,512x1x1,64x1x1,128x8x1x1
cache_k_l2 (view),kernel_set_rows_f16_i64,0.003072,1024x1x1,1024x1x1,1024x4096x1x1
cache_v_l2 (reshaped) (view),kernel_set_rows_f16_i64,0.007936,16x64x1,1x64x1,1x4194304x1x1
kq-2,kernel_mul_mat_f16_f32_l4,0.076800,16384x1x32,64x1x1,256x1x32x1
kq_soft_max-2,kernel_soft_max_4,0.004096,64x32x1,64x1x1,256x1x32x1
kqv-2,kernel_mul_mat_f16_f32_l4,0.039936,8192x1x32,64x1x1,128x1x32x1
kqv_out-2,kernel_cpy_f32_f32,0.002048,2048x1x1,64x1x1,4096x1x1x1
attn_out-2,kernel_gemv_noshuffle,0.155904,2048x4x1,64x4x1,4096x1x1x1
ffn_inp-2,kernel_add_row,0.002048,1024x0x0,64x0x0,4096x1x1x1
ffn_norm-2,kernel_rms_norm_mul,0.005888,1024x1x1,1024x1x1,4096x1x1x1
ffn_gate-2,kernel_gemv_noshuffle,0.569856,7168x4x1,64x4x1,14336x1x1x1
ffn_up-2,kernel_gemv_noshuffle,0.572928,7168x4x1,64x4x1,14336x1x1x1
ffn_swiglu-2,kernel_swiglu,0.011008,512x1x1,512x1x1,14336x1x1x1
ffn_out-2,kernel_gemv_noshuffle,0.535040,2048x4x1,64x4x1,4096x1x1x1
l_out-2,kernel_add_row,0.002048,1024x0x0,64x0x0,4096x1x1x1
attn_norm-3,kernel_rms_norm_mul,0.005888,1024x1x1,1024x1x1,4096x1x1x1
Qcur-3,kernel_gemv_noshuffle,0.153088,2048x4x1,64x4x1,4096x1x1x1
Qcur-3,kernel_rope_norm_f32,0.003072,2048x1x1,64x1x1,128x32x1x1
Vcur-3,kernel_gemv_noshuffle,0.060928,512x4x1,64x4x1,1024x1x1x1
Kcur-3,kernel_gemv_noshuffle,0.062208,512x4x1,64x4x1,1024x1x1x1
Kcur-3,kernel_rope_norm_f32,0.002048,512x1x1,64x1x1,128x8x1x1
cache_k_l3 (view),kernel_set_rows_f16_i64,0.003072,1024x1x1,1024x1x1,1024x4096x1x1
cache_v_l3 (reshaped) (view),kernel_set_rows_f16_i64,0.007936,16x64x1,1x64x1,1x4194304x1x1
kq-3,kernel_mul_mat_f16_f32_l4,0.078080,16384x1x32,64x1x1,256x1x32x1
kq_soft_max-3,kernel_soft_max_4,0.003840,64x32x1,64x1x1,256x1x32x1
kqv-3,kernel_mul_mat_f16_f32_l4,0.040192,8192x1x32,64x1x1,128x1x32x1
kqv_out-3,kernel_cpy_f32_f32,0.002048,2048x1x1,64x1x1,4096x1x1x1
attn_out-3,kernel_gemv_noshuffle,0.153856,2048x4x1,64x4x1,4096x1x1x1
ffn_inp-3,kernel_add_row,0.002048,1024x0x0,64x0x0,4096x1x1x1
ffn_norm-3,kernel_rms_norm_mul,0.005888,1024x1x1,1024x1x1,4096x1x1x1
ffn_gate-3,kernel_gemv_noshuffle,0.582144,7168x4x1,64x4x1,14336x1x1x1
ffn_up-3,kernel_gemv_noshuffle,0.553216,7168x4x1,64x4x1,14336x1x1x1
ffn_swiglu-3,kernel_swiglu,0.011008,512x1x1,512x1x1,14336x1x1x1
ffn_out-3,kernel_gemv_noshuffle,0.532224,2048x4x1,64x4x1,4096x1x1x1
l_out-3,kernel_add_row,0.001792,1024x0x0,64x0x0,4096x1x1x1
attn_norm-4,kernel_rms_norm_mul,0.006144,1024x1x1,1024x1x1,4096x1x1x1
Qcur-4,kernel_gemv_noshuffle,0.160000,2048x4x1,64x4x1,4096x1x1x1
Qcur-4,kernel_rope_norm_f32,0.002048,2048x1x1,64x1x1,128x32x1x1
Vcur-4,kernel_gemv_noshuffle,0.061952,512x4x1,64x4x1,1024x1x1x1
Kcur-4,kernel_gemv_noshuffle,0.061952,512x4x1,64x4x1,1024x1x1x1
Kcur-4,kernel_rope_norm_f32,0.002048,512x1x1,64x1x1,128x8x1x1
cache_k_l4 (view),kernel_set_rows_f16_i64,0.003072,1024x1x1,1024x1x1,1024x4096x1x1
cache_v_l4 (reshaped) (view),kernel_set_rows_f16_i64,0.007936,16x64x1,1x64x1,1x4194304x1x1
kq-4,kernel_mul_mat_f16_f32_l4,0.078080,16384x1x32,64x1x1,256x1x32x1
kq_soft_max-4,kernel_soft_max_4,0.005120,64x32x1,64x1x1,256x1x32x1
kqv-4,kernel_mul_mat_f16_f32_l4,0.039936,8192x1x32,64x1x1,128x1x32x1
kqv_out-4,kernel_cpy_f32_f32,0.002048,2048x1x1,64x1x1,4096x1x1x1
attn_out-4,kernel_gemv_noshuffle,0.156160,2048x4x1,64x4x1,4096x1x1x1
ffn_inp-4,kernel_add_row,0.002048,1024x0x0,64x0x0,4096x1x1x1
ffn_norm-4,kernel_rms_norm_mul,0.006144,1024x1x1,1024x1x1,4096x1x1x1
ffn_gate-4,kernel_gemv_noshuffle,0.552960,7168x4x1,64x4x1,14336x1x1x1
ffn_up-4,kernel_gemv_noshuffle,0.564992,7168x4x1,64x4x1,14336x1x1x1
ffn_swiglu-4,kernel_swiglu,0.011776,512x1x1,512x1x1,14336x1x1x1
ffn_out-4,kernel_gemv_noshuffle,0.545024,2048x4x1,64x4x1,4096x1x1x1
l_out-4,kernel_add_row,0.002048,1024x0x0,64x0x0,4096x1x1x1
attn_norm-5,kernel_rms_norm_mul,0.005888,1024x1x1,1024x1x1,4096x1x1x1
Qcur-5,kernel_gemv_noshuffle,0.154112,2048x4x1,64x4x1,4096x1x1x1
Qcur-5,kernel_rope_norm_f32,0.002048,2048x1x1,64x1x1,128x32x1x1
Vcur-5,kernel_gemv_noshuffle,0.061952,512x4x1,64x4x1,1024x1x1x1
Kcur-5,kernel_gemv_noshuffle,0.064000,512x4x1,64x4x1,1024x1x1x1
Kcur-5,kernel_rope_norm_f32,0.003072,512x1x1,64x1x1,128x8x1x1
cache_k_l5 (view),kernel_set_rows_f16_i64,0.003072,1024x1x1,1024x1x1,1024x4096x1x1
cache_v_l5 (reshaped) (view),kernel_set_rows_f16_i64,0.006912,16x64x1,1x64x1,1x4194304x1x1
kq-5,kernel_mul_mat_f16_f32_l4,0.078080,16384x1x32,64x1x1,256x1x32x1
kq_soft_max-5,kernel_soft_max_4,0.003840,64x32x1,64x1x1,256x1x32x1
kqv-5,kernel_mul_mat_f16_f32_l4,0.039936,8192x1x32,64x1x1,128x1x32x1
kqv_out-5,kernel_cpy_f32_f32,0.002048,2048x1x1,64x1x1,4096x1x1x1
attn_out-5,kernel_gemv_noshuffle,0.158976,2048x4x1,64x4x1,4096x1x1x1
ffn_inp-5,kernel_add_row,0.002048,1024x0x0,64x0x0,4096x1x1x1
ffn_norm-5,kernel_rms_norm_mul,0.006144,1024x1x1,1024x1x1,4096x1x1x1
ffn_gate-5,kernel_gemv_noshuffle,0.553984,7168x4x1,64x4x1,14336x1x1x1
ffn_up-5,kernel_gemv_noshuffle,0.550912,7168x4x1,64x4x1,14336x1x1x1
ffn_swiglu-5,kernel_swiglu,0.011008,512x1x1,512x1x1,14336x1x1x1
ffn_out-5,kernel_gemv_noshuffle,0.541952,2048x4x1,64x4x1,4096x1x1x1
l_out-5,kernel_add_row,0.003072,1024x0x0,64x0x0,4096x1x1x1
attn_norm-6,kernel_rms_norm_mul,0.006144,1024x1x1,1024x1x1,4096x1x1x1
Qcur-6,kernel_gemv_noshuffle,0.155904,2048x4x1,64x4x1,4096x1x1x1
Qcur-6,kernel_rope_norm_f32,0.002048,2048x1x1,64x1x1,128x32x1x1
Vcur-6,kernel_gemv_noshuffle,0.061952,512x4x1,64x4x1,1024x1x1x1
Kcur-6,kernel_gemv_noshuffle,0.059904,512x4x1,64x4x1,1024x1x1x1
Kcur-6,kernel_rope_norm_f32,0.002048,512x1x1,64x1x1,128x8x1x1
cache_k_l6 (view),kernel_set_rows_f16_i64,0.003072,1024x1x1,1024x1x1,1024x4096x1x1
cache_v_l6 (reshaped) (view),kernel_set_rows_f16_i64,0.007936,16x64x1,1x64x1,1x4194304x1x1
kq-6,kernel_mul_mat_f16_f32_l4,0.077056,16384x1x32,64x1x1,256x1x32x1
kq_soft_max-6,kernel_soft_max_4,0.004096,64x32x1,64x1x1,256x1x32x1
kqv-6,kernel_mul_mat_f16_f32_l4,0.039936,8192x1x32,64x1x1,128x1x32x1
kqv_out-6,kernel_cpy_f32_f32,0.002048,2048x1x1,64x1x1,4096x1x1x1
attn_out-6,kernel_gemv_noshuffle,0.157184,2048x4x1,64x4x1,4096x1x1x1
ffn_inp-6,kernel_add_row,0.002048,1024x0x0,64x0x0,4096x1x1x1
ffn_norm-6,kernel_rms_norm_mul,0.006144,1024x1x1,1024x1x1,4096x1x1x1
ffn_gate-6,kernel_gemv_noshuffle,0.548864,7168x4x1,64x4x1,14336x1x1x1
ffn_up-6,kernel_gemv_noshuffle,0.569856,7168x4x1,64x4x1,14336x1x1x1
ffn_swiglu-6,kernel_swiglu,0.011008,512x1x1,512x1x1,14336x1x1x1
ffn_out-6,kernel_gemv_noshuffle,0.532992,2048x4x1,64x4x1,4096x1x1x1
l_out-6,kernel_add_row,0.002048,1024x0x0,64x0x0,4096x1x1x1
attn_norm-7,kernel_rms_norm_mul,0.005888,1024x1x1,1024x1x1,4096x1x1x1
Qcur-7,kernel_gemv_noshuffle,0.156160,2048x4x1,64x4x1,4096x1x1x1
Qcur-7,kernel_rope_norm_f32,0.002816,2048x1x1,64x1x1,128x32x1x1
Vcur-7,kernel_gemv_noshuffle,0.061184,512x4x1,64x4x1,1024x1x1x1
Kcur-7,kernel_gemv_noshuffle,0.062976,512x4x1,64x4x1,1024x1x1x1
Kcur-7,kernel_rope_norm_f32,0.002048,512x1x1,64x1x1,128x8x1x1
cache_k_l7 (view),kernel_set_rows_f16_i64,0.003072,1024x1x1,1024x1x1,1024x4096x1x1
cache_v_l7 (reshaped) (view),kernel_set_rows_f16_i64,0.007936,16x64x1,1x64x1,1x4194304x1x1
kq-7,kernel_mul_mat_f16_f32_l4,0.078080,16384x1x32,64x1x1,256x1x32x1
kq_soft_max-7,kernel_soft_max_4,0.004096,64x32x1,64x1x1,256x1x32x1
kqv-7,kernel_mul_mat_f16_f32_l4,0.039936,8192x1x32,64x1x1,128x1x32x1
kqv_out-7,kernel_cpy_f32_f32,0.002048,2048x1x1,64x1x1,4096x1x1x1
attn_out-7,kernel_gemv_noshuffle,0.156160,2048x4x1,64x4x1,4096x1x1x1
ffn_inp-7,kernel_add_row,0.002048,1024x0x0,64x0x0,4096x1x1x1
ffn_norm-7,kernel_rms_norm_mul,0.006144,1024x1x1,1024x1x1,4096x1x1x1
ffn_gate-7,kernel_gemv_noshuffle,0.580864,7168x4x1,64x4x1,14336x1x1x1
ffn_up-7,kernel_gemv_noshuffle,0.559104,7168x4x1,64x4x1,14336x1x1x1
ffn_swiglu-7,kernel_swiglu,0.012032,512x1x1,512x1x1,14336x1x1x1
ffn_out-7,kernel_gemv_noshuffle,0.535808,2048x4x1,64x4x1,4096x1x1x1
l_out-7,kernel_add_row,0.002048,1024x0x0,64x0x0,4096x1x1x1
attn_norm-8,kernel_rms_norm_mul,0.005888,1024x1x1,1024x1x1,4096x1x1x1
Qcur-8,kernel_gemv_noshuffle,0.158976,2048x4x1,64x4x1,4096x1x1x1
Qcur-8,kernel_rope_norm_f32,0.002048,2048x1x1,64x1x1,128x32x1x1
Vcur-8,kernel_gemv_noshuffle,0.061952,512x4x1,64x4x1,1024x1x1x1
Kcur-8,kernel_gemv_noshuffle,0.060928,512x4x1,64x4x1,1024x1x1x1
Kcur-8,kernel_rope_norm_f32,0.002048,512x1x1,64x1x1,128x8x1x1
cache_k_l8 (view),kernel_set_rows_f16_i64,0.003072,1024x1x1,1024x1x1,1024x4096x1x1
cache_v_l8 (reshaped) (view),kernel_set_rows_f16_i64,0.007936,16x64x1,1x64x1,1x4194304x1x1
kq-8,kernel_mul_mat_f16_f32_l4,0.078080,16384x1x32,64x1x1,256x1x32x1
kq_soft_max-8,kernel_soft_max_4,0.004096,64x32x1,64x1x1,256x1x32x1
kqv-8,kernel_mul_mat_f16_f32_l4,0.039936,8192x1x32,64x1x1,128x1x32x1
kqv_out-8,kernel_cpy_f32_f32,0.002048,2048x1x1,64x1x1,4096x1x1x1
attn_out-8,kernel_gemv_noshuffle,0.154880,2048x4x1,64x4x1,4096x1x1x1
ffn_inp-8,kernel_add_row,0.002048,1024x0x0,64x0x0,4096x1x1x1
ffn_norm-8,kernel_rms_norm_mul,0.005888,1024x1x1,1024x1x1,4096x1x1x1
ffn_gate-8,kernel_gemv_noshuffle,0.553984,7168x4x1,64x4x1,14336x1x1x1
ffn_up-8,kernel_gemv_noshuffle,0.567040,7168x4x1,64x4x1,14336x1x1x1
ffn_swiglu-8,kernel_swiglu,0.011008,512x1x1,512x1x1,14336x1x1x1
ffn_out-8,kernel_gemv_noshuffle,0.541184,2048x4x1,64x4x1,4096x1x1x1
l_out-8,kernel_add_row,0.002048,1024x0x0,64x0x0,4096x1x1x1
attn_norm-9,kernel_rms_norm_mul,0.006144,1024x1x1,1024x1x1,4096x1x1x1
Qcur-9,kernel_gemv_noshuffle,0.149760,2048x4x1,64x4x1,4096x1x1x1
Qcur-9,kernel_rope_norm_f32,0.003072,2048x1x1,64x1x1,128x32x1x1
Vcur-9,kernel_gemv_noshuffle,0.060928,512x4x1,64x4x1,1024x1x1x1
Kcur-9,kernel_gemv_noshuffle,0.060928,512x4x1,64x4x1,1024x1x1x1
Kcur-9,kernel_rope_norm_f32,0.002048,512x1x1,64x1x1,128x8x1x1
cache_k_l9 (view),kernel_set_rows_f16_i64,0.003072,1024x1x1,1024x1x1,1024x4096x1x1
cache_v_l9 (reshaped) (view),kernel_set_rows_f16_i64,0.006912,16x64x1,1x64x1,1x4194304x1x1
kq-9,kernel_mul_mat_f16_f32_l4,0.077824,16384x1x32,64x1x1,256x1x32x1
kq_soft_max-9,kernel_soft_max_4,0.004096,64x32x1,64x1x1,256x1x32x1
kqv-9,kernel_mul_mat_f16_f32_l4,0.040960,8192x1x32,64x1x1,128x1x32x1
kqv_out-9,kernel_cpy_f32_f32,0.002048,2048x1x1,64x1x1,4096x1x1x1
attn_out-9,kernel_gemv_noshuffle,0.156160,2048x4x1,64x4x1,4096x1x1x1
ffn_inp-9,kernel_add_row,0.002048,1024x0x0,64x0x0,4096x1x1x1
ffn_norm-9,kernel_rms_norm_mul,0.006144,1024x1x1,1024x1x1,4096x1x1x1
ffn_gate-9,kernel_gemv_noshuffle,0.548864,7168x4x1,64x4x1,14336x1x1x1
ffn_up-9,kernel_gemv_noshuffle,0.556032,7168x4x1,64x4x1,14336x1x1x1
ffn_swiglu-9,kernel_swiglu,0.012032,512x1x1,512x1x1,14336x1x1x1
ffn_out-9,kernel_gemv_noshuffle,0.531968,2048x4x1,64x4x1,4096x1x1x1
l_out-9,kernel_add_row,0.002048,1024x0x0,64x0x0,4096x1x1x1
attn_norm-10,kernel_rms_norm_mul,0.006144,1024x1x1,1024x1x1,4096x1x1x1
Qcur-10,kernel_gemv_noshuffle,0.155904,2048x4x1,64x4x1,4096x1x1x1
Qcur-10,kernel_rope_norm_f32,0.002048,2048x1x1,64x1x1,128x32x1x1
Vcur-10,kernel_gemv_noshuffle,0.061952,512x4x1,64x4x1,1024x1x1x1
Kcur-10,kernel_gemv_noshuffle,0.060928,512x4x1,64x4x1,1024x1x1x1
Kcur-10,kernel_rope_norm_f32,0.002048,512x1x1,64x1x1,128x8x1x1
cache_k_l10 (view),kernel_set_rows_f16_i64,0.002816,1024x1x1,1024x1x1,1024x4096x1x1
cache_v_l10 (reshaped) (view),kernel_set_rows_f16_i64,0.007168,16x64x1,1x64x1,1x4194304x1x1
kq-10,kernel_mul_mat_f16_f32_l4,0.078080,16384x1x32,64x1x1,256x1x32x1
kq_soft_max-10,kernel_soft_max_4,0.004096,64x32x1,64x1x1,256x1x32x1
kqv-10,kernel_mul_mat_f16_f32_l4,0.039936,8192x1x32,64x1x1,128x1x32x1
kqv_out-10,kernel_cpy_f32_f32,0.002048,2048x1x1,64x1x1,4096x1x1x1
attn_out-10,kernel_gemv_noshuffle,0.156160,2048x4x1,64x4x1,4096x1x1x1
ffn_inp-10,kernel_add_row,0.002048,1024x0x0,64x0x0,4096x1x1x1
ffn_norm-10,kernel_rms_norm_mul,0.006144,1024x1x1,1024x1x1,4096x1x1x1
ffn_gate-10,kernel_gemv_noshuffle,0.556032,7168x4x1,64x4x1,14336x1x1x1
ffn_up-10,kernel_gemv_noshuffle,0.561152,7168x4x1,64x4x1,14336x1x1x1
ffn_swiglu-10,kernel_swiglu,0.012032,512x1x1,512x1x1,14336x1x1x1
ffn_out-10,kernel_gemv_noshuffle,0.532992,2048x4x1,64x4x1,4096x1x1x1
l_out-10,kernel_add_row,0.002048,1024x0x0,64x0x0,4096x1x1x1
attn_norm-11,kernel_rms_norm_mul,0.006144,1024x1x1,1024x1x1,4096x1x1x1
Qcur-11,kernel_gemv_noshuffle,0.161792,2048x4x1,64x4x1,4096x1x1x1
Qcur-11,kernel_rope_norm_f32,0.003072,2048x1x1,64x1x1,128x32x1x1
Vcur-11,kernel_gemv_noshuffle,0.061952,512x4x1,64x4x1,1024x1x1x1
Kcur-11,kernel_gemv_noshuffle,0.061952,512x4x1,64x4x1,1024x1x1x1
Kcur-11,kernel_rope_norm_f32,0.002048,512x1x1,64x1x1,128x8x1x1
cache_k_l11 (view),kernel_set_rows_f16_i64,0.002816,1024x1x1,1024x1x1,1024x4096x1x1
cache_v_l11 (reshaped) (view),kernel_set_rows_f16_i64,0.007168,16x64x1,1x64x1,1x4194304x1x1
kq-11,kernel_mul_mat_f16_f32_l4,0.077824,16384x1x32,64x1x1,256x1x32x1
kq_soft_max-11,kernel_soft_max_4,0.004096,64x32x1,64x1x1,256x1x32x1
kqv-11,kernel_mul_mat_f16_f32_l4,0.039936,8192x1x32,64x1x1,128x1x32x1
kqv_out-11,kernel_cpy_f32_f32,0.002048,2048x1x1,64x1x1,4096x1x1x1
attn_out-11,kernel_gemv_noshuffle,0.154112,2048x4x1,64x4x1,4096x1x1x1
ffn_inp-11,kernel_add_row,0.001792,1024x0x0,64x0x0,4096x1x1x1
ffn_norm-11,kernel_rms_norm_mul,0.006144,1024x1x1,1024x1x1,4096x1x1x1
ffn_gate-11,kernel_gemv_noshuffle,0.559872,7168x4x1,64x4x1,14336x1x1x1
ffn_up-11,kernel_gemv_noshuffle,0.559104,7168x4x1,64x4x1,14336x1x1x1
ffn_swiglu-11,kernel_swiglu,0.011008,512x1x1,512x1x1,14336x1x1x1
ffn_out-11,kernel_gemv_noshuffle,0.525824,2048x4x1,64x4x1,4096x1x1x1
l_out-11,kernel_add_row,0.002048,1024x0x0,64x0x0,4096x1x1x1
attn_norm-12,kernel_rms_norm_mul,0.005888,1024x1x1,1024x1x1,4096x1x1x1
Qcur-12,kernel_gemv_noshuffle,0.154112,2048x4x1,64x4x1,4096x1x1x1
Qcur-12,kernel_rope_norm_f32,0.003072,2048x1x1,64x1x1,128x32x1x1
Vcur-12,kernel_gemv_noshuffle,0.061952,512x4x1,64x4x1,1024x1x1x1
Kcur-12,kernel_gemv_noshuffle,0.061184,512x4x1,64x4x1,1024x1x1x1
Kcur-12,kernel_rope_norm_f32,0.001792,512x1x1,64x1x1,128x8x1x1
cache_k_l12 (view),kernel_set_rows_f16_i64,0.003072,1024x1x1,1024x1x1,1024x4096x1x1
cache_v_l12 (reshaped) (view),kernel_set_rows_f16_i64,0.007936,16x64x1,1x64x1,1x4194304x1x1
kq-12,kernel_mul_mat_f16_f32_l4,0.077824,16384x1x32,64x1x1,256x1x32x1
kq_soft_max-12,kernel_soft_max_4,0.005120,64x32x1,64x1x1,256x1x32x1
kqv-12,kernel_mul_mat_f16_f32_l4,0.039936,8192x1x32,64x1x1,128x1x32x1
kqv_out-12,kernel_cpy_f32_f32,0.002048,2048x1x1,64x1x1,4096x1x1x1
attn_out-12,kernel_gemv_noshuffle,0.155904,2048x4x1,64x4x1,4096x1x1x1
ffn_inp-12,kernel_add_row,0.002048,1024x0x0,64x0x0,4096x1x1x1
ffn_norm-12,kernel_rms_norm_mul,0.005888,1024x1x1,1024x1x1,4096x1x1x1
ffn_gate-12,kernel_gemv_noshuffle,0.567040,7168x4x1,64x4x1,14336x1x1x1
ffn_up-12,kernel_gemv_noshuffle,0.558848,7168x4x1,64x4x1,14336x1x1x1
ffn_swiglu-12,kernel_swiglu,0.011008,512x1x1,512x1x1,14336x1x1x1
ffn_out-12,kernel_gemv_noshuffle,0.530944,2048x4x1,64x4x1,4096x1x1x1
l_out-12,kernel_add_row,0.002048,1024x0x0,64x0x0,4096x1x1x1
attn_norm-13,kernel_rms_norm_mul,0.005888,1024x1x1,1024x1x1,4096x1x1x1
Qcur-13,kernel_gemv_noshuffle,0.153088,2048x4x1,64x4x1,4096x1x1x1
Qcur-13,kernel_rope_norm_f32,0.003072,2048x1x1,64x1x1,128x32x1x1
Vcur-13,kernel_gemv_noshuffle,0.061952,512x4x1,64x4x1,1024x1x1x1
Kcur-13,kernel_gemv_noshuffle,0.061184,512x4x1,64x4x1,1024x1x1x1
Kcur-13,kernel_rope_norm_f32,0.001792,512x1x1,64x1x1,128x8x1x1
cache_k_l13 (view),kernel_set_rows_f16_i64,0.003072,1024x1x1,1024x1x1,1024x4096x1x1
cache_v_l13 (reshaped) (view),kernel_set_rows_f16_i64,0.007936,16x64x1,1x64x1,1x4194304x1x1
kq-13,kernel_mul_mat_f16_f32_l4,0.078080,16384x1x32,64x1x1,256x1x32x1
kq_soft_max-13,kernel_soft_max_4,0.003840,64x32x1,64x1x1,256x1x32x1
kqv-13,kernel_mul_mat_f16_f32_l4,0.040192,8192x1x32,64x1x1,128x1x32x1
kqv_out-13,kernel_cpy_f32_f32,0.002048,2048x1x1,64x1x1,4096x1x1x1
attn_out-13,kernel_gemv_noshuffle,0.158976,2048x4x1,64x4x1,4096x1x1x1
ffn_inp-13,kernel_add_row,0.002048,1024x0x0,64x0x0,4096x1x1x1
ffn_norm-13,kernel_rms_norm_mul,0.005888,1024x1x1,1024x1x1,4096x1x1x1
ffn_gate-13,kernel_gemv_noshuffle,0.579072,7168x4x1,64x4x1,14336x1x1x1
ffn_up-13,kernel_gemv_noshuffle,0.549888,7168x4x1,64x4x1,14336x1x1x1
ffn_swiglu-13,kernel_swiglu,0.011008,512x1x1,512x1x1,14336x1x1x1
ffn_out-13,kernel_gemv_noshuffle,0.514816,2048x4x1,64x4x1,4096x1x1x1
l_out-13,kernel_add_row,0.002048,1024x0x0,64x0x0,4096x1x1x1
attn_norm-14,kernel_rms_norm_mul,0.005888,1024x1x1,1024x1x1,4096x1x1x1
Qcur-14,kernel_gemv_noshuffle,0.150016,2048x4x1,64x4x1,4096x1x1x1
Qcur-14,kernel_rope_norm_f32,0.003072,2048x1x1,64x1x1,128x32x1x1
Vcur-14,kernel_gemv_noshuffle,0.060928,512x4x1,64x4x1,1024x1x1x1
Kcur-14,kernel_gemv_noshuffle,0.059904,512x4x1,64x4x1,1024x1x1x1
Kcur-14,kernel_rope_norm_f32,0.002048,512x1x1,64x1x1,128x8x1x1
cache_k_l14 (view),kernel_set_rows_f16_i64,0.003072,1024x1x1,1024x1x1,1024x4096x1x1
cache_v_l14 (reshaped) (view),kernel_set_rows_f16_i64,0.006912,16x64x1,1x64x1,1x4194304x1x1
kq-14,kernel_mul_mat_f16_f32_l4,0.078080,16384x1x32,64x1x1,256x1x32x1
kq_soft_max-14,kernel_soft_max_4,0.004096,64x32x1,64x1x1,256x1x32x1
kqv-14,kernel_mul_mat_f16_f32_l4,0.039936,8192x1x32,64x1x1,128x1x32x1
kqv_out-14,kernel_cpy_f32_f32,0.002048,2048x1x1,64x1x1,4096x1x1x1
attn_out-14,kernel_gemv_noshuffle,0.153856,2048x4x1,64x4x1,4096x1x1x1
ffn_inp-14,kernel_add_row,0.002048,1024x0x0,64x0x0,4096x1x1x1
ffn_norm-14,kernel_rms_norm_mul,0.005888,1024x1x1,1024x1x1,4096x1x1x1
ffn_gate-14,kernel_gemv_noshuffle,0.535040,7168x4x1,64x4x1,14336x1x1x1
ffn_up-14,kernel_gemv_noshuffle,0.547840,7168x4x1,64x4x1,14336x1x1x1
ffn_swiglu-14,kernel_swiglu,0.011008,512x1x1,512x1x1,14336x1x1x1
ffn_out-14,kernel_gemv_noshuffle,0.514048,2048x4x1,64x4x1,4096x1x1x1
l_out-14,kernel_add_row,0.002048,1024x0x0,64x0x0,4096x1x1x1
attn_norm-15,kernel_rms_norm_mul,0.006144,1024x1x1,1024x1x1,4096x1x1x1
Qcur-15,kernel_gemv_noshuffle,0.144896,2048x4x1,64x4x1,4096x1x1x1
Qcur-15,kernel_rope_norm_f32,0.003072,2048x1x1,64x1x1,128x32x1x1
Vcur-15,kernel_gemv_noshuffle,0.059904,512x4x1,64x4x1,1024x1x1x1
Kcur-15,kernel_gemv_noshuffle,0.058880,512x4x1,64x4x1,1024x1x1x1
Kcur-15,kernel_rope_norm_f32,0.002048,512x1x1,64x1x1,128x8x1x1
cache_k_l15 (view),kernel_set_rows_f16_i64,0.003072,1024x1x1,1024x1x1,1024x4096x1x1
cache_v_l15 (reshaped) (view),kernel_set_rows_f16_i64,0.006912,16x64x1,1x64x1,1x4194304x1x1
kq-15,kernel_mul_mat_f16_f32_l4,0.077056,16384x1x32,64x1x1,256x1x32x1
kq_soft_max-15,kernel_soft_max_4,0.003840,64x32x1,64x1x1,256x1x32x1
kqv-15,kernel_mul_mat_f16_f32_l4,0.040960,8192x1x32,64x1x1,128x1x32x1
kqv_out-15,kernel_cpy_f32_f32,0.002048,2048x1x1,64x1x1,4096x1x1x1
attn_out-15,kernel_gemv_noshuffle,0.146176,2048x4x1,64x4x1,4096x1x1x1
ffn_inp-15,kernel_add_row,0.002048,1024x0x0,64x0x0,4096x1x1x1
ffn_norm-15,kernel_rms_norm_mul,0.005888,1024x1x1,1024x1x1,4096x1x1x1
ffn_gate-15,kernel_gemv_noshuffle,0.534016,7168x4x1,64x4x1,14336x1x1x1
ffn_up-15,kernel_gemv_noshuffle,0.527872,7168x4x1,64x4x1,14336x1x1x1
ffn_swiglu-15,kernel_swiglu,0.011008,512x1x1,512x1x1,14336x1x1x1
ffn_out-15,kernel_gemv_noshuffle,0.505088,2048x4x1,64x4x1,4096x1x1x1
l_out-15,kernel_add_row,0.001792,1024x0x0,64x0x0,4096x1x1x1
attn_norm-16,kernel_rms_norm_mul,0.005888,1024x1x1,1024x1x1,4096x1x1x1
Qcur-16,kernel_gemv_noshuffle,0.150016,2048x4x1,64x4x1,4096x1x1x1
Qcur-16,kernel_rope_norm_f32,0.003072,2048x1x1,64x1x1,128x32x1x1
Vcur-16,kernel_gemv_noshuffle,0.060928,512x4x1,64x4x1,1024x1x1x1
Kcur-16,kernel_gemv_noshuffle,0.059904,512x4x1,64x4x1,1024x1x1x1
Kcur-16,kernel_rope_norm_f32,0.003072,512x1x1,64x1x1,128x8x1x1
cache_k_l16 (view),kernel_set_rows_f16_i64,0.004096,1024x1x1,1024x1x1,1024x4096x1x1
cache_v_l16 (reshaped) (view),kernel_set_rows_f16_i64,0.006912,16x64x1,1x64x1,1x4194304x1x1
kq-16,kernel_mul_mat_f16_f32_l4,0.077056,16384x1x32,64x1x1,256x1x32x1
kq_soft_max-16,kernel_soft_max_4,0.005120,64x32x1,64x1x1,256x1x32x1
kqv-16,kernel_mul_mat_f16_f32_l4,0.039936,8192x1x32,64x1x1,128x1x32x1
kqv_out-16,kernel_cpy_f32_f32,0.002048,2048x1x1,64x1x1,4096x1x1x1
attn_out-16,kernel_gemv_noshuffle,0.148224,2048x4x1,64x4x1,4096x1x1x1
ffn_inp-16,kernel_add_row,0.001792,1024x0x0,64x0x0,4096x1x1x1
ffn_norm-16,kernel_rms_norm_mul,0.006144,1024x1x1,1024x1x1,4096x1x1x1
ffn_gate-16,kernel_gemv_noshuffle,0.535040,7168x4x1,64x4x1,14336x1x1x1
ffn_up-16,kernel_gemv_noshuffle,0.557056,7168x4x1,64x4x1,14336x1x1x1
ffn_swiglu-16,kernel_swiglu,0.011008,512x1x1,512x1x1,14336x1x1x1
ffn_out-16,kernel_gemv_noshuffle,0.513024,2048x4x1,64x4x1,4096x1x1x1
l_out-16,kernel_add_row,0.001792,1024x0x0,64x0x0,4096x1x1x1
attn_norm-17,kernel_rms_norm_mul,0.006144,1024x1x1,1024x1x1,4096x1x1x1
Qcur-17,kernel_gemv_noshuffle,0.150016,2048x4x1,64x4x1,4096x1x1x1
Qcur-17,kernel_rope_norm_f32,0.002816,2048x1x1,64x1x1,128x32x1x1
Vcur-17,kernel_gemv_noshuffle,0.062976,512x4x1,64x4x1,1024x1x1x1
Kcur-17,kernel_gemv_noshuffle,0.060928,512x4x1,64x4x1,1024x1x1x1
Kcur-17,kernel_rope_norm_f32,0.002048,512x1x1,64x1x1,128x8x1x1
cache_k_l17 (view),kernel_set_rows_f16_i64,0.003072,1024x1x1,1024x1x1,1024x4096x1x1
cache_v_l17 (reshaped) (view),kernel_set_rows_f16_i64,0.008192,16x64x1,1x64x1,1x4194304x1x1
kq-17,kernel_mul_mat_f16_f32_l4,0.077824,16384x1x32,64x1x1,256x1x32x1
kq_soft_max-17,kernel_soft_max_4,0.004096,64x32x1,64x1x1,256x1x32x1
kqv-17,kernel_mul_mat_f16_f32_l4,0.039936,8192x1x32,64x1x1,128x1x32x1
kqv_out-17,kernel_cpy_f32_f32,0.002048,2048x1x1,64x1x1,4096x1x1x1
attn_out-17,kernel_gemv_noshuffle,0.148992,2048x4x1,64x4x1,4096x1x1x1
ffn_inp-17,kernel_add_row,0.002048,1024x0x0,64x0x0,4096x1x1x1
ffn_norm-17,kernel_rms_norm_mul,0.005888,1024x1x1,1024x1x1,4096x1x1x1
ffn_gate-17,kernel_gemv_noshuffle,0.532224,7168x4x1,64x4x1,14336x1x1x1
ffn_up-17,kernel_gemv_noshuffle,0.539136,7168x4x1,64x4x1,14336x1x1x1
ffn_swiglu-17,kernel_swiglu,0.011008,512x1x1,512x1x1,14336x1x1x1
ffn_out-17,kernel_gemv_noshuffle,0.508928,2048x4x1,64x4x1,4096x1x1x1
l_out-17,kernel_add_row,0.002048,1024x0x0,64x0x0,4096x1x1x1
attn_norm-18,kernel_rms_norm_mul,0.006144,1024x1x1,1024x1x1,4096x1x1x1
Qcur-18,kernel_gemv_noshuffle,0.153856,2048x4x1,64x4x1,4096x1x1x1
Qcur-18,kernel_rope_norm_f32,0.002048,2048x1x1,64x1x1,128x32x1x1
Vcur-18,kernel_gemv_noshuffle,0.059904,512x4x1,64x4x1,1024x1x1x1
Kcur-18,kernel_gemv_noshuffle,0.059136,512x4x1,64x4x1,1024x1x1x1
Kcur-18,kernel_rope_norm_f32,0.002048,512x1x1,64x1x1,128x8x1x1
cache_k_l18 (view),kernel_set_rows_f16_i64,0.003072,1024x1x1,1024x1x1,1024x4096x1x1
cache_v_l18 (reshaped) (view),kernel_set_rows_f16_i64,0.006912,16x64x1,1x64x1,1x4194304x1x1
kq-18,kernel_mul_mat_f16_f32_l4,0.077824,16384x1x32,64x1x1,256x1x32x1
kq_soft_max-18,kernel_soft_max_4,0.004096,64x32x1,64x1x1,256x1x32x1
kqv-18,kernel_mul_mat_f16_f32_l4,0.039936,8192x1x32,64x1x1,128x1x32x1
kqv_out-18,kernel_cpy_f32_f32,0.002048,2048x1x1,64x1x1,4096x1x1x1
attn_out-18,kernel_gemv_noshuffle,0.147968,2048x4x1,64x4x1,4096x1x1x1
ffn_inp-18,kernel_add_row,0.002048,1024x0x0,64x0x0,4096x1x1x1
ffn_norm-18,kernel_rms_norm_mul,0.005888,1024x1x1,1024x1x1,4096x1x1x1
ffn_gate-18,kernel_gemv_noshuffle,0.538880,7168x4x1,64x4x1,14336x1x1x1
ffn_up-18,kernel_gemv_noshuffle,0.540928,7168x4x1,64x4x1,14336x1x1x1
ffn_swiglu-18,kernel_swiglu,0.011008,512x1x1,512x1x1,14336x1x1x1
ffn_out-18,kernel_gemv_noshuffle,0.517120,2048x4x1,64x4x1,4096x1x1x1
l_out-18,kernel_add_row,0.001792,1024x0x0,64x0x0,4096x1x1x1
attn_norm-19,kernel_rms_norm_mul,0.006144,1024x1x1,1024x1x1,4096x1x1x1
Qcur-19,kernel_gemv_noshuffle,0.148992,2048x4x1,64x4x1,4096x1x1x1
Qcur-19,kernel_rope_norm_f32,0.002816,2048x1x1,64x1x1,128x32x1x1
Vcur-19,kernel_gemv_noshuffle,0.060160,512x4x1,64x4x1,1024x1x1x1
Kcur-19,kernel_gemv_noshuffle,0.061184,512x4x1,64x4x1,1024x1x1x1
Kcur-19,kernel_rope_norm_f32,0.002048,512x1x1,64x1x1,128x8x1x1
cache_k_l19 (view),kernel_set_rows_f16_i64,0.003072,1024x1x1,1024x1x1,1024x4096x1x1
cache_v_l19 (reshaped) (view),kernel_set_rows_f16_i64,0.006912,16x64x1,1x64x1,1x4194304x1x1
kq-19,kernel_mul_mat_f16_f32_l4,0.078080,16384x1x32,64x1x1,256x1x32x1
kq_soft_max-19,kernel_soft_max_4,0.003840,64x32x1,64x1x1,256x1x32x1
kqv-19,kernel_mul_mat_f16_f32_l4,0.040192,8192x1x32,64x1x1,128x1x32x1
kqv_out-19,kernel_cpy_f32_f32,0.002048,2048x1x1,64x1x1,4096x1x1x1
attn_out-19,kernel_gemv_noshuffle,0.146944,2048x4x1,64x4x1,4096x1x1x1
ffn_inp-19,kernel_add_row,0.002048,1024x0x0,64x0x0,4096x1x1x1
ffn_norm-19,kernel_rms_norm_mul,0.005888,1024x1x1,1024x1x1,4096x1x1x1
ffn_gate-19,kernel_gemv_noshuffle,0.541952,7168x4x1,64x4x1,14336x1x1x1
ffn_up-19,kernel_gemv_noshuffle,0.550912,7168x4x1,64x4x1,14336x1x1x1
ffn_swiglu-19,kernel_swiglu,0.012032,512x1x1,512x1x1,14336x1x1x1
ffn_out-19,kernel_gemv_noshuffle,0.517120,2048x4x1,64x4x1,4096x1x1x1
l_out-19,kernel_add_row,0.002048,1024x0x0,64x0x0,4096x1x1x1
attn_norm-20,kernel_rms_norm_mul,0.006144,1024x1x1,1024x1x1,4096x1x1x1
Qcur-20,kernel_gemv_noshuffle,0.151808,2048x4x1,64x4x1,4096x1x1x1
Qcur-20,kernel_rope_norm_f32,0.002048,2048x1x1,64x1x1,128x32x1x1
Vcur-20,kernel_gemv_noshuffle,0.059904,512x4x1,64x4x1,1024x1x1x1
Kcur-20,kernel_gemv_noshuffle,0.060160,512x4x1,64x4x1,1024x1x1x1
Kcur-20,kernel_rope_norm_f32,0.001792,512x1x1,64x1x1,128x8x1x1
cache_k_l20 (view),kernel_set_rows_f16_i64,0.003072,1024x1x1,1024x1x1,1024x4096x1x1
cache_v_l20 (reshaped) (view),kernel_set_rows_f16_i64,0.006912,16x64x1,1x64x1,1x4194304x1x1
kq-20,kernel_mul_mat_f16_f32_l4,0.076800,16384x1x32,64x1x1,256x1x32x1
kq_soft_max-20,kernel_soft_max_4,0.004096,64x32x1,64x1x1,256x1x32x1
kqv-20,kernel_mul_mat_f16_f32_l4,0.039936,8192x1x32,64x1x1,128x1x32x1
kqv_out-20,kernel_cpy_f32_f32,0.002048,2048x1x1,64x1x1,4096x1x1x1
attn_out-20,kernel_gemv_noshuffle,0.146944,2048x4x1,64x4x1,4096x1x1x1
ffn_inp-20,kernel_add_row,0.002048,1024x0x0,64x0x0,4096x1x1x1
ffn_norm-20,kernel_rms_norm_mul,0.005888,1024x1x1,1024x1x1,4096x1x1x1
ffn_gate-20,kernel_gemv_noshuffle,0.535040,7168x4x1,64x4x1,14336x1x1x1
ffn_up-20,kernel_gemv_noshuffle,0.552192,7168x4x1,64x4x1,14336x1x1x1
ffn_swiglu-20,kernel_swiglu,0.011008,512x1x1,512x1x1,14336x1x1x1
ffn_out-20,kernel_gemv_noshuffle,0.509952,2048x4x1,64x4x1,4096x1x1x1
l_out-20,kernel_add_row,0.002048,1024x0x0,64x0x0,4096x1x1x1
attn_norm-21,kernel_rms_norm_mul,0.006144,1024x1x1,1024x1x1,4096x1x1x1
Qcur-21,kernel_gemv_noshuffle,0.147968,2048x4x1,64x4x1,4096x1x1x1
Qcur-21,kernel_rope_norm_f32,0.002048,2048x1x1,64x1x1,128x32x1x1
Vcur-21,kernel_gemv_noshuffle,0.059904,512x4x1,64x4x1,1024x1x1x1
Kcur-21,kernel_gemv_noshuffle,0.059904,512x4x1,64x4x1,1024x1x1x1
Kcur-21,kernel_rope_norm_f32,0.002048,512x1x1,64x1x1,128x8x1x1
cache_k_l21 (view),kernel_set_rows_f16_i64,0.002816,1024x1x1,1024x1x1,1024x4096x1x1
cache_v_l21 (reshaped) (view),kernel_set_rows_f16_i64,0.008192,16x64x1,1x64x1,1x4194304x1x1
kq-21,kernel_mul_mat_f16_f32_l4,0.076800,16384x1x32,64x1x1,256x1x32x1
kq_soft_max-21,kernel_soft_max_4,0.004096,64x32x1,64x1x1,256x1x32x1
kqv-21,kernel_mul_mat_f16_f32_l4,0.039936,8192x1x32,64x1x1,128x1x32x1
kqv_out-21,kernel_cpy_f32_f32,0.002048,2048x1x1,64x1x1,4096x1x1x1
attn_out-21,kernel_gemv_noshuffle,0.145152,2048x4x1,64x4x1,4096x1x1x1
ffn_inp-21,kernel_add_row,0.002048,1024x0x0,64x0x0,4096x1x1x1
ffn_norm-21,kernel_rms_norm_mul,0.006144,1024x1x1,1024x1x1,4096x1x1x1
ffn_gate-21,kernel_gemv_noshuffle,0.555008,7168x4x1,64x4x1,14336x1x1x1
ffn_up-21,kernel_gemv_noshuffle,0.537856,7168x4x1,64x4x1,14336x1x1x1
ffn_swiglu-21,kernel_swiglu,0.011008,512x1x1,512x1x1,14336x1x1x1
ffn_out-21,kernel_gemv_noshuffle,0.515072,2048x4x1,64x4x1,4096x1x1x1
l_out-21,kernel_add_row,0.002048,1024x0x0,64x0x0,4096x1x1x1
attn_norm-22,kernel_rms_norm_mul,0.006144,1024x1x1,1024x1x1,4096x1x1x1
Qcur-22,kernel_gemv_noshuffle,0.148992,2048x4x1,64x4x1,4096x1x1x1
Qcur-22,kernel_rope_norm_f32,0.002048,2048x1x1,64x1x1,128x32x1x1
Vcur-22,kernel_gemv_noshuffle,0.060928,512x4x1,64x4x1,1024x1x1x1
Kcur-22,kernel_gemv_noshuffle,0.060160,512x4x1,64x4x1,1024x1x1x1
Kcur-22,kernel_rope_norm_f32,0.001792,512x1x1,64x1x1,128x8x1x1
cache_k_l22 (view),kernel_set_rows_f16_i64,0.003072,1024x1x1,1024x1x1,1024x4096x1x1
cache_v_l22 (reshaped) (view),kernel_set_rows_f16_i64,0.007936,16x64x1,1x64x1,1x4194304x1x1
kq-22,kernel_mul_mat_f16_f32_l4,0.077056,16384x1x32,64x1x1,256x1x32x1
kq_soft_max-22,kernel_soft_max_4,0.003840,64x32x1,64x1x1,256x1x32x1
kqv-22,kernel_mul_mat_f16_f32_l4,0.039936,8192x1x32,64x1x1,128x1x32x1
kqv_out-22,kernel_cpy_f32_f32,0.002048,2048x1x1,64x1x1,4096x1x1x1
attn_out-22,kernel_gemv_noshuffle,0.152064,2048x4x1,64x4x1,4096x1x1x1
ffn_inp-22,kernel_add_row,0.001792,1024x0x0,64x0x0,4096x1x1x1
ffn_norm-22,kernel_rms_norm_mul,0.006144,1024x1x1,1024x1x1,4096x1x1x1
ffn_gate-22,kernel_gemv_noshuffle,0.536832,7168x4x1,64x4x1,14336x1x1x1
ffn_up-22,kernel_gemv_noshuffle,0.547840,7168x4x1,64x4x1,14336x1x1x1
ffn_swiglu-22,kernel_swiglu,0.011008,512x1x1,512x1x1,14336x1x1x1
ffn_out-22,kernel_gemv_noshuffle,0.512000,2048x4x1,64x4x1,4096x1x1x1
l_out-22,kernel_add_row,0.002048,1024x0x0,64x0x0,4096x1x1x1
attn_norm-23,kernel_rms_norm_mul,0.005888,1024x1x1,1024x1x1,4096x1x1x1
Qcur-23,kernel_gemv_noshuffle,0.145152,2048x4x1,64x4x1,4096x1x1x1
Qcur-23,kernel_rope_norm_f32,0.002816,2048x1x1,64x1x1,128x32x1x1
Vcur-23,kernel_gemv_noshuffle,0.061184,512x4x1,64x4x1,1024x1x1x1
Kcur-23,kernel_gemv_noshuffle,0.059136,512x4x1,64x4x1,1024x1x1x1
Kcur-23,kernel_rope_norm_f32,0.002816,512x1x1,64x1x1,128x8x1x1
cache_k_l23 (view),kernel_set_rows_f16_i64,0.003072,1024x1x1,1024x1x1,1024x4096x1x1
cache_v_l23 (reshaped) (view),kernel_set_rows_f16_i64,0.007936,16x64x1,1x64x1,1x4194304x1x1
kq-23,kernel_mul_mat_f16_f32_l4,0.077056,16384x1x32,64x1x1,256x1x32x1
kq_soft_max-23,kernel_soft_max_4,0.004096,64x32x1,64x1x1,256x1x32x1
kqv-23,kernel_mul_mat_f16_f32_l4,0.040960,8192x1x32,64x1x1,128x1x32x1
kqv_out-23,kernel_cpy_f32_f32,0.001792,2048x1x1,64x1x1,4096x1x1x1
attn_out-23,kernel_gemv_noshuffle,0.145920,2048x4x1,64x4x1,4096x1x1x1
ffn_inp-23,kernel_add_row,0.002048,1024x0x0,64x0x0,4096x1x1x1
ffn_norm-23,kernel_rms_norm_mul,0.005888,1024x1x1,1024x1x1,4096x1x1x1
ffn_gate-23,kernel_gemv_noshuffle,0.553984,7168x4x1,64x4x1,14336x1x1x1
ffn_up-23,kernel_gemv_noshuffle,0.542976,7168x4x1,64x4x1,14336x1x1x1
ffn_swiglu-23,kernel_swiglu,0.011008,512x1x1,512x1x1,14336x1x1x1
ffn_out-23,kernel_gemv_noshuffle,0.517120,2048x4x1,64x4x1,4096x1x1x1
l_out-23,kernel_add_row,0.001792,1024x0x0,64x0x0,4096x1x1x1
attn_norm-24,kernel_rms_norm_mul,0.006912,1024x1x1,1024x1x1,4096x1x1x1
Qcur-24,kernel_gemv_noshuffle,0.151040,2048x4x1,64x4x1,4096x1x1x1
Qcur-24,kernel_rope_norm_f32,0.003072,2048x1x1,64x1x1,128x32x1x1
Vcur-24,kernel_gemv_noshuffle,0.059904,512x4x1,64x4x1,1024x1x1x1
Kcur-24,kernel_gemv_noshuffle,0.058880,512x4x1,64x4x1,1024x1x1x1
Kcur-24,kernel_rope_norm_f32,0.002048,512x1x1,64x1x1,128x8x1x1
cache_k_l24 (view),kernel_set_rows_f16_i64,0.003072,1024x1x1,1024x1x1,1024x4096x1x1
cache_v_l24 (reshaped) (view),kernel_set_rows_f16_i64,0.006912,16x64x1,1x64x1,1x4194304x1x1
kq-24,kernel_mul_mat_f16_f32_l4,0.076800,16384x1x32,64x1x1,256x1x32x1
kq_soft_max-24,kernel_soft_max_4,0.004096,64x32x1,64x1x1,256x1x32x1
kqv-24,kernel_mul_mat_f16_f32_l4,0.040960,8192x1x32,64x1x1,128x1x32x1
kqv_out-24,kernel_cpy_f32_f32,0.002048,2048x1x1,64x1x1,4096x1x1x1
attn_out-24,kernel_gemv_noshuffle,0.146944,2048x4x1,64x4x1,4096x1x1x1
ffn_inp-24,kernel_add_row,0.002048,1024x0x0,64x0x0,4096x1x1x1
ffn_norm-24,kernel_rms_norm_mul,0.005888,1024x1x1,1024x1x1,4096x1x1x1
ffn_gate-24,kernel_gemv_noshuffle,0.541952,7168x4x1,64x4x1,14336x1x1x1
ffn_up-24,kernel_gemv_noshuffle,0.549888,7168x4x1,64x4x1,14336x1x1x1
ffn_swiglu-24,kernel_swiglu,0.011008,512x1x1,512x1x1,14336x1x1x1
ffn_out-24,kernel_gemv_noshuffle,0.510976,2048x4x1,64x4x1,4096x1x1x1
l_out-24,kernel_add_row,0.001792,1024x0x0,64x0x0,4096x1x1x1
attn_norm-25,kernel_rms_norm_mul,0.006144,1024x1x1,1024x1x1,4096x1x1x1
Qcur-25,kernel_gemv_noshuffle,0.148992,2048x4x1,64x4x1,4096x1x1x1
Qcur-25,kernel_rope_norm_f32,0.002816,2048x1x1,64x1x1,128x32x1x1
Vcur-25,kernel_gemv_noshuffle,0.060160,512x4x1,64x4x1,1024x1x1x1
Kcur-25,kernel_gemv_noshuffle,0.060928,512x4x1,64x4x1,1024x1x1x1
Kcur-25,kernel_rope_norm_f32,0.002048,512x1x1,64x1x1,128x8x1x1
cache_k_l25 (view),kernel_set_rows_f16_i64,0.002816,1024x1x1,1024x1x1,1024x4096x1x1
cache_v_l25 (reshaped) (view),kernel_set_rows_f16_i64,0.008960,16x64x1,1x64x1,1x4194304x1x1
kq-25,kernel_mul_mat_f16_f32_l4,0.077056,16384x1x32,64x1x1,256x1x32x1
kq_soft_max-25,kernel_soft_max_4,0.004096,64x32x1,64x1x1,256x1x32x1
kqv-25,kernel_mul_mat_f16_f32_l4,0.039936,8192x1x32,64x1x1,128x1x32x1
kqv_out-25,kernel_cpy_f32_f32,0.002048,2048x1x1,64x1x1,4096x1x1x1
attn_out-25,kernel_gemv_noshuffle,0.148992,2048x4x1,64x4x1,4096x1x1x1
ffn_inp-25,kernel_add_row,0.002048,1024x0x0,64x0x0,4096x1x1x1
ffn_norm-25,kernel_rms_norm_mul,0.005888,1024x1x1,1024x1x1,4096x1x1x1
ffn_gate-25,kernel_gemv_noshuffle,0.556032,7168x4x1,64x4x1,14336x1x1x1
ffn_up-25,kernel_gemv_noshuffle,0.548864,7168x4x1,64x4x1,14336x1x1x1
ffn_swiglu-25,kernel_swiglu,0.011008,512x1x1,512x1x1,14336x1x1x1
ffn_out-25,kernel_gemv_noshuffle,0.515072,2048x4x1,64x4x1,4096x1x1x1
l_out-25,kernel_add_row,0.002048,1024x0x0,64x0x0,4096x1x1x1
attn_norm-26,kernel_rms_norm_mul,0.006144,1024x1x1,1024x1x1,4096x1x1x1
Qcur-26,kernel_gemv_noshuffle,0.148992,2048x4x1,64x4x1,4096x1x1x1
Qcur-26,kernel_rope_norm_f32,0.002816,2048x1x1,64x1x1,128x32x1x1
Vcur-26,kernel_gemv_noshuffle,0.061184,512x4x1,64x4x1,1024x1x1x1
Kcur-26,kernel_gemv_noshuffle,0.059904,512x4x1,64x4x1,1024x1x1x1
Kcur-26,kernel_rope_norm_f32,0.002048,512x1x1,64x1x1,128x8x1x1
cache_k_l26 (view),kernel_set_rows_f16_i64,0.002816,1024x1x1,1024x1x1,1024x4096x1x1
cache_v_l26 (reshaped) (view),kernel_set_rows_f16_i64,0.008192,16x64x1,1x64x1,1x4194304x1x1
kq-26,kernel_mul_mat_f16_f32_l4,0.078080,16384x1x32,64x1x1,256x1x32x1
kq_soft_max-26,kernel_soft_max_4,0.003840,64x32x1,64x1x1,256x1x32x1
kqv-26,kernel_mul_mat_f16_f32_l4,0.039936,8192x1x32,64x1x1,128x1x32x1
kqv_out-26,kernel_cpy_f32_f32,0.002048,2048x1x1,64x1x1,4096x1x1x1
attn_out-26,kernel_gemv_noshuffle,0.147968,2048x4x1,64x4x1,4096x1x1x1
ffn_inp-26,kernel_add_row,0.002048,1024x0x0,64x0x0,4096x1x1x1
ffn_norm-26,kernel_rms_norm_mul,0.005888,1024x1x1,1024x1x1,4096x1x1x1
ffn_gate-26,kernel_gemv_noshuffle,0.552960,7168x4x1,64x4x1,14336x1x1x1
ffn_up-26,kernel_gemv_noshuffle,0.558080,7168x4x1,64x4x1,14336x1x1x1
ffn_swiglu-26,kernel_swiglu,0.011776,512x1x1,512x1x1,14336x1x1x1
ffn_out-26,kernel_gemv_noshuffle,0.515072,2048x4x1,64x4x1,4096x1x1x1
l_out-26,kernel_add_row,0.002048,1024x0x0,64x0x0,4096x1x1x1
attn_norm-27,kernel_rms_norm_mul,0.005888,1024x1x1,1024x1x1,4096x1x1x1
Qcur-27,kernel_gemv_noshuffle,0.152064,2048x4x1,64x4x1,4096x1x1x1
Qcur-27,kernel_rope_norm_f32,0.003072,2048x1x1,64x1x1,128x32x1x1
Vcur-27,kernel_gemv_noshuffle,0.059904,512x4x1,64x4x1,1024x1x1x1
Kcur-27,kernel_gemv_noshuffle,0.059904,512x4x1,64x4x1,1024x1x1x1
Kcur-27,kernel_rope_norm_f32,0.002048,512x1x1,64x1x1,128x8x1x1
cache_k_l27 (view),kernel_set_rows_f16_i64,0.002816,1024x1x1,1024x1x1,1024x4096x1x1
cache_v_l27 (reshaped) (view),kernel_set_rows_f16_i64,0.007168,16x64x1,1x64x1,1x4194304x1x1
kq-27,kernel_mul_mat_f16_f32_l4,0.077824,16384x1x32,64x1x1,256x1x32x1
kq_soft_max-27,kernel_soft_max_4,0.004096,64x32x1,64x1x1,256x1x32x1
kqv-27,kernel_mul_mat_f16_f32_l4,0.040960,8192x1x32,64x1x1,128x1x32x1
kqv_out-27,kernel_cpy_f32_f32,0.003072,2048x1x1,64x1x1,4096x1x1x1
attn_out-27,kernel_gemv_noshuffle,0.147968,2048x4x1,64x4x1,4096x1x1x1
ffn_inp-27,kernel_add_row,0.002048,1024x0x0,64x0x0,4096x1x1x1
ffn_norm-27,kernel_rms_norm_mul,0.005888,1024x1x1,1024x1x1,4096x1x1x1
ffn_gate-27,kernel_gemv_noshuffle,0.558080,7168x4x1,64x4x1,14336x1x1x1
ffn_up-27,kernel_gemv_noshuffle,0.537088,7168x4x1,64x4x1,14336x1x1x1
ffn_swiglu-27,kernel_swiglu,0.011008,512x1x1,512x1x1,14336x1x1x1
ffn_out-27,kernel_gemv_noshuffle,0.521984,2048x4x1,64x4x1,4096x1x1x1
l_out-27,kernel_add_row,0.003072,1024x0x0,64x0x0,4096x1x1x1
attn_norm-28,kernel_rms_norm_mul,0.005888,1024x1x1,1024x1x1,4096x1x1x1
Qcur-28,kernel_gemv_noshuffle,0.156160,2048x4x1,64x4x1,4096x1x1x1
Qcur-28,kernel_rope_norm_f32,0.003072,2048x1x1,64x1x1,128x32x1x1
Vcur-28,kernel_gemv_noshuffle,0.061952,512x4x1,64x4x1,1024x1x1x1
Kcur-28,kernel_gemv_noshuffle,0.060928,512x4x1,64x4x1,1024x1x1x1
Kcur-28,kernel_rope_norm_f32,0.002048,512x1x1,64x1x1,128x8x1x1
cache_k_l28 (view),kernel_set_rows_f16_i64,0.003072,1024x1x1,1024x1x1,1024x4096x1x1
cache_v_l28 (reshaped) (view),kernel_set_rows_f16_i64,0.006912,16x64x1,1x64x1,1x4194304x1x1
kq-28,kernel_mul_mat_f16_f32_l4,0.076800,16384x1x32,64x1x1,256x1x32x1
kq_soft_max-28,kernel_soft_max_4,0.004096,64x32x1,64x1x1,256x1x32x1
kqv-28,kernel_mul_mat_f16_f32_l4,0.040960,8192x1x32,64x1x1,128x1x32x1
kqv_out-28,kernel_cpy_f32_f32,0.002048,2048x1x1,64x1x1,4096x1x1x1
attn_out-28,kernel_gemv_noshuffle,0.153856,2048x4x1,64x4x1,4096x1x1x1
ffn_inp-28,kernel_add_row,0.002048,1024x0x0,64x0x0,4096x1x1x1
ffn_norm-28,kernel_rms_norm_mul,0.005888,1024x1x1,1024x1x1,4096x1x1x1
ffn_gate-28,kernel_gemv_noshuffle,0.558080,7168x4x1,64x4x1,14336x1x1x1
ffn_up-28,kernel_gemv_noshuffle,0.544000,7168x4x1,64x4x1,14336x1x1x1
ffn_swiglu-28,kernel_swiglu,0.010752,512x1x1,512x1x1,14336x1x1x1
ffn_out-28,kernel_gemv_noshuffle,0.527104,2048x4x1,64x4x1,4096x1x1x1
l_out-28,kernel_add_row,0.002048,1024x0x0,64x0x0,4096x1x1x1
attn_norm-29,kernel_rms_norm_mul,0.005888,1024x1x1,1024x1x1,4096x1x1x1
Qcur-29,kernel_gemv_noshuffle,0.152064,2048x4x1,64x4x1,4096x1x1x1
Qcur-29,kernel_rope_norm_f32,0.002048,2048x1x1,64x1x1,128x32x1x1
Vcur-29,kernel_gemv_noshuffle,0.061184,512x4x1,64x4x1,1024x1x1x1
Kcur-29,kernel_gemv_noshuffle,0.060160,512x4x1,64x4x1,1024x1x1x1
Kcur-29,kernel_rope_norm_f32,0.002048,512x1x1,64x1x1,128x8x1x1
cache_k_l29 (view),kernel_set_rows_f16_i64,0.003072,1024x1x1,1024x1x1,1024x4096x1x1
cache_v_l29 (reshaped) (view),kernel_set_rows_f16_i64,0.006912,16x64x1,1x64x1,1x4194304x1x1
kq-29,kernel_mul_mat_f16_f32_l4,0.078080,16384x1x32,64x1x1,256x1x32x1
kq_soft_max-29,kernel_soft_max_4,0.004096,64x32x1,64x1x1,256x1x32x1
kqv-29,kernel_mul_mat_f16_f32_l4,0.041216,8192x1x32,64x1x1,128x1x32x1
kqv_out-29,kernel_cpy_f32_f32,0.001792,2048x1x1,64x1x1,4096x1x1x1
attn_out-29,kernel_gemv_noshuffle,0.152064,2048x4x1,64x4x1,4096x1x1x1
ffn_inp-29,kernel_add_row,0.001792,1024x0x0,64x0x0,4096x1x1x1
ffn_norm-29,kernel_rms_norm_mul,0.006144,1024x1x1,1024x1x1,4096x1x1x1
ffn_gate-29,kernel_gemv_noshuffle,0.550912,7168x4x1,64x4x1,14336x1x1x1
ffn_up-29,kernel_gemv_noshuffle,0.539904,7168x4x1,64x4x1,14336x1x1x1
ffn_swiglu-29,kernel_swiglu,0.012032,512x1x1,512x1x1,14336x1x1x1
ffn_out-29,kernel_gemv_noshuffle,0.521984,2048x4x1,64x4x1,4096x1x1x1
l_out-29,kernel_add_row,0.002048,1024x0x0,64x0x0,4096x1x1x1
attn_norm-30,kernel_rms_norm_mul,0.006144,1024x1x1,1024x1x1,4096x1x1x1
Qcur-30,kernel_gemv_noshuffle,0.151808,2048x4x1,64x4x1,4096x1x1x1
Qcur-30,kernel_rope_norm_f32,0.003072,2048x1x1,64x1x1,128x32x1x1
Vcur-30,kernel_gemv_noshuffle,0.060928,512x4x1,64x4x1,1024x1x1x1
Kcur-30,kernel_gemv_noshuffle,0.061184,512x4x1,64x4x1,1024x1x1x1
Kcur-30,kernel_rope_norm_f32,0.001792,512x1x1,64x1x1,128x8x1x1
cache_k_l30 (view),kernel_set_rows_f16_i64,0.003072,1024x1x1,1024x1x1,1024x4096x1x1
cache_v_l30 (reshaped) (view),kernel_set_rows_f16_i64,0.006912,16x64x1,1x64x1,1x4194304x1x1
kq-30,kernel_mul_mat_f16_f32_l4,0.077056,16384x1x32,64x1x1,256x1x32x1
kq_soft_max-30,kernel_soft_max_4,0.003840,64x32x1,64x1x1,256x1x32x1
kqv-30,kernel_mul_mat_f16_f32_l4,0.039936,8192x1x32,64x1x1,128x1x32x1
kqv_out-30,kernel_cpy_f32_f32,0.002048,2048x1x1,64x1x1,4096x1x1x1
attn_out-30,kernel_gemv_noshuffle,0.151040,2048x4x1,64x4x1,4096x1x1x1
ffn_inp-30,kernel_add_row,0.002048,1024x0x0,64x0x0,4096x1x1x1
ffn_norm-30,kernel_rms_norm_mul,0.006144,1024x1x1,1024x1x1,4096x1x1x1
ffn_gate-30,kernel_gemv_noshuffle,0.551936,7168x4x1,64x4x1,14336x1x1x1
ffn_up-30,kernel_gemv_noshuffle,0.539904,7168x4x1,64x4x1,14336x1x1x1
ffn_swiglu-30,kernel_swiglu,0.012032,512x1x1,512x1x1,14336x1x1x1
ffn_out-30,kernel_gemv_noshuffle,0.514048,2048x4x1,64x4x1,4096x1x1x1
l_out-30,kernel_add_row,0.002048,1024x0x0,64x0x0,4096x1x1x1
attn_norm-31,kernel_rms_norm_mul,0.006144,1024x1x1,1024x1x1,4096x1x1x1
Qcur-31,kernel_gemv_noshuffle,0.147968,2048x4x1,64x4x1,4096x1x1x1
Qcur-31,kernel_rope_norm_f32,0.003072,2048x1x1,64x1x1,128x32x1x1
Vcur-31,kernel_gemv_noshuffle,0.062208,512x4x1,64x4x1,1024x1x1x1
Kcur-31,kernel_gemv_noshuffle,0.061184,512x4x1,64x4x1,1024x1x1x1
Kcur-31,kernel_rope_norm_f32,0.002048,512x1x1,64x1x1,128x8x1x1
cache_k_l31 (view),kernel_set_rows_f16_i64,0.003072,1024x1x1,1024x1x1,1024x4096x1x1
cache_v_l31 (reshaped) (view),kernel_set_rows_f16_i64,0.007936,16x64x1,1x64x1,1x4194304x1x1
kq-31,kernel_mul_mat_f16_f32_l4,0.078080,16384x1x32,64x1x1,256x1x32x1
kq_soft_max-31,kernel_soft_max_4,0.003840,64x32x1,64x1x1,256x1x32x1
kqv-31,kernel_mul_mat_f16_f32_l4,0.040960,8192x1x32,64x1x1,128x1x32x1
kqv_out-31,kernel_cpy_f32_f32,0.002048,2048x1x1,64x1x1,4096x1x1x1
attn_out-31,kernel_gemv_noshuffle,0.150784,2048x4x1,64x4x1,4096x1x1x1
node_1145,kernel_get_rows_f32,0.018176,64x1x1,64x1x1,4096x1x1x1
node_1146,kernel_get_rows_f32,0.017920,64x1x1,64x1x1,4096x1x1x1
ffn_inp-31,kernel_add_row,0.002048,1024x0x0,64x0x0,4096x1x1x1
ffn_norm-31,kernel_rms_norm_mul,0.005888,1024x1x1,1024x1x1,4096x1x1x1
ffn_gate-31,kernel_gemv_noshuffle,0.542976,7168x4x1,64x4x1,14336x1x1x1
ffn_up-31,kernel_gemv_noshuffle,0.546048,7168x4x1,64x4x1,14336x1x1x1
ffn_swiglu-31,kernel_swiglu,0.012032,512x1x1,512x1x1,14336x1x1x1
ffn_out-31,kernel_gemv_noshuffle,0.514048,2048x4x1,64x4x1,4096x1x1x1
l_out-31,kernel_add_row,0.002048,1024x0x0,64x0x0,4096x1x1x1
result_norm,kernel_rms_norm_mul,0.005888,1024x1x1,1024x1x1,4096x1x1x1
result_output,kernel_transpose_32_16,0.006144,4096x2x0,16x1x0,128256x1x1x1
result_output,kernel_mul_mat_Ab_Bi_8x4,5.745152,1x32064x4,1x32x4,128256x1x1x1
attn_norm-0,kernel_rms_norm_mul,0.009216,1024x1x1,1024x1x1,4096x1x1x1
Qcur-0,kernel_gemv_noshuffle,0.158976,2048x4x1,64x4x1,4096x1x1x1
Qcur-0,kernel_rope_norm_f32,0.002816,2048x1x1,64x1x1,128x32x1x1
Vcur-0,kernel_gemv_noshuffle,0.062976,512x4x1,64x4x1,1024x1x1x1
Kcur-0,kernel_gemv_noshuffle,0.060160,512x4x1,64x4x1,1024x1x1x1
Kcur-0,kernel_rope_norm_f32,0.001792,512x1x1,64x1x1,128x8x1x1
cache_k_l0 (view),kernel_set_rows_f16_i64,0.003072,1024x1x1,1024x1x1,1024x4096x1x1
cache_v_l0 (reshaped) (view),kernel_set_rows_f16_i64,0.007936,16x64x1,1x64x1,1x4194304x1x1
kq-0,kernel_mul_mat_f16_f32_l4,0.077056,16384x1x32,64x1x1,256x1x32x1
kq_soft_max-0,kernel_soft_max_4,0.005120,64x32x1,64x1x1,256x1x32x1
kqv-0,kernel_mul_mat_f16_f32_l4,0.039936,8192x1x32,64x1x1,128x1x32x1
kqv_out-0,kernel_cpy_f32_f32,0.002048,2048x1x1,64x1x1,4096x1x1x1
attn_out-0,kernel_gemv_noshuffle,0.157184,2048x4x1,64x4x1,4096x1x1x1
ffn_inp-0,kernel_add_row,0.002048,1024x0x0,64x0x0,4096x1x1x1
ffn_norm-0,kernel_rms_norm_mul,0.005888,1024x1x1,1024x1x1,4096x1x1x1
ffn_gate-0,kernel_gemv_noshuffle,0.551936,7168x4x1,64x4x1,14336x1x1x1
ffn_up-0,kernel_gemv_noshuffle,0.556800,7168x4x1,64x4x1,14336x1x1x1
ffn_swiglu-0,kernel_swiglu,0.011008,512x1x1,512x1x1,14336x1x1x1
ffn_out-0,kernel_gemv_noshuffle,0.520960,2048x4x1,64x4x1,4096x1x1x1
l_out-0,kernel_add_row,0.002048,1024x0x0,64x0x0,4096x1x1x1
attn_norm-1,kernel_rms_norm_mul,0.006144,1024x1x1,1024x1x1,4096x1x1x1
Qcur-1,kernel_gemv_noshuffle,0.151808,2048x4x1,64x4x1,4096x1x1x1
Qcur-1,kernel_rope_norm_f32,0.003072,2048x1x1,64x1x1,128x32x1x1
Vcur-1,kernel_gemv_noshuffle,0.060928,512x4x1,64x4x1,1024x1x1x1
Kcur-1,kernel_gemv_noshuffle,0.061952,512x4x1,64x4x1,1024x1x1x1
Kcur-1,kernel_rope_norm_f32,0.002048,512x1x1,64x1x1,128x8x1x1
cache_k_l1 (view),kernel_set_rows_f16_i64,0.002816,1024x1x1,1024x1x1,1024x4096x1x1
cache_v_l1 (reshaped) (view),kernel_set_rows_f16_i64,0.007936,16x64x1,1x64x1,1x4194304x1x1
kq-1,kernel_mul_mat_f16_f32_l4,0.078080,16384x1x32,64x1x1,256x1x32x1
kq_soft_max-1,kernel_soft_max_4,0.004096,64x32x1,64x1x1,256x1x32x1
kqv-1,kernel_mul_mat_f16_f32_l4,0.039936,8192x1x32,64x1x1,128x1x32x1
kqv_out-1,kernel_cpy_f32_f32,0.002048,2048x1x1,64x1x1,4096x1x1x1
attn_out-1,kernel_gemv_noshuffle,0.152064,2048x4x1,64x4x1,4096x1x1x1
ffn_inp-1,kernel_add_row,0.002048,1024x0x0,64x0x0,4096x1x1x1
ffn_norm-1,kernel_rms_norm_mul,0.005888,1024x1x1,1024x1x1,4096x1x1x1
ffn_gate-1,kernel_gemv_noshuffle,0.563968,7168x4x1,64x4x1,14336x1x1x1
ffn_up-1,kernel_gemv_noshuffle,0.557056,7168x4x1,64x4x1,14336x1x1x1
ffn_swiglu-1,kernel_swiglu,0.012032,512x1x1,512x1x1,14336x1x1x1
ffn_out-1,kernel_gemv_noshuffle,0.527872,2048x4x1,64x4x1,4096x1x1x1
l_out-1,kernel_add_row,0.002048,1024x0x0,64x0x0,4096x1x1x1
attn_norm-2,kernel_rms_norm_mul,0.006144,1024x1x1,1024x1x1,4096x1x1x1
Qcur-2,kernel_gemv_noshuffle,0.153856,2048x4x1,64x4x1,4096x1x1x1
Qcur-2,kernel_rope_norm_f32,0.003072,2048x1x1,64x1x1,128x32x1x1
Vcur-2,kernel_gemv_noshuffle,0.060928,512x4x1,64x4x1,1024x1x1x1
Kcur-2,kernel_gemv_noshuffle,0.059904,512x4x1,64x4x1,1024x1x1x1
Kcur-2,kernel_rope_norm_f32,0.002048,512x1x1,64x1x1,128x8x1x1
cache_k_l2 (view),kernel_set_rows_f16_i64,0.003072,1024x1x1,1024x1x1,1024x4096x1x1
cache_v_l2 (reshaped) (view),kernel_set_rows_f16_i64,0.006912,16x64x1,1x64x1,1x4194304x1x1
kq-2,kernel_mul_mat_f16_f32_l4,0.076800,16384x1x32,64x1x1,256x1x32x1
kq_soft_max-2,kernel_soft_max_4,0.004096,64x32x1,64x1x1,256x1x32x1
kqv-2,kernel_mul_mat_f16_f32_l4,0.039936,8192x1x32,64x1x1,128x1x32x1
kqv_out-2,kernel_cpy_f32_f32,0.002048,2048x1x1,64x1x1,4096x1x1x1
attn_out-2,kernel_gemv_noshuffle,0.151808,2048x4x1,64x4x1,4096x1x1x1
ffn_inp-2,kernel_add_row,0.002048,1024x0x0,64x0x0,4096x1x1x1
ffn_norm-2,kernel_rms_norm_mul,0.006144,1024x1x1,1024x1x1,4096x1x1x1
ffn_gate-2,kernel_gemv_noshuffle,0.555008,7168x4x1,64x4x1,14336x1x1x1
ffn_up-2,kernel_gemv_noshuffle,0.563968,7168x4x1,64x4x1,14336x1x1x1
ffn_swiglu-2,kernel_swiglu,0.012032,512x1x1,512x1x1,14336x1x1x1
ffn_out-2,kernel_gemv_noshuffle,0.516096,2048x4x1,64x4x1,4096x1x1x1
l_out-2,kernel_add_row,0.002048,1024x0x0,64x0x0,4096x1x1x1
attn_norm-3,kernel_rms_norm_mul,0.006144,1024x1x1,1024x1x1,4096x1x1x1
Qcur-3,kernel_gemv_noshuffle,0.147968,2048x4x1,64x4x1,4096x1x1x1
Qcur-3,kernel_rope_norm_f32,0.002816,2048x1x1,64x1x1,128x32x1x1
Vcur-3,kernel_gemv_noshuffle,0.061184,512x4x1,64x4x1,1024x1x1x1
Kcur-3,kernel_gemv_noshuffle,0.060928,512x4x1,64x4x1,1024x1x1x1
Kcur-3,kernel_rope_norm_f32,0.002048,512x1x1,64x1x1,128x8x1x1
cache_k_l3 (view),kernel_set_rows_f16_i64,0.003072,1024x1x1,1024x1x1,1024x4096x1x1
cache_v_l3 (reshaped) (view),kernel_set_rows_f16_i64,0.007936,16x64x1,1x64x1,1x4194304x1x1
kq-3,kernel_mul_mat_f16_f32_l4,0.077824,16384x1x32,64x1x1,256x1x32x1
kq_soft_max-3,kernel_soft_max_4,0.004096,64x32x1,64x1x1,256x1x32x1
kqv-3,kernel_mul_mat_f16_f32_l4,0.039936,8192x1x32,64x1x1,128x1x32x1
kqv_out-3,kernel_cpy_f32_f32,0.002048,2048x1x1,64x1x1,4096x1x1x1
attn_out-3,kernel_gemv_noshuffle,0.150016,2048x4x1,64x4x1,4096x1x1x1
ffn_inp-3,kernel_add_row,0.001792,1024x0x0,64x0x0,4096x1x1x1
ffn_norm-3,kernel_rms_norm_mul,0.006144,1024x1x1,1024x1x1,4096x1x1x1
ffn_gate-3,kernel_gemv_noshuffle,0.545024,7168x4x1,64x4x1,14336x1x1x1
ffn_up-3,kernel_gemv_noshuffle,0.542208,7168x4x1,64x4x1,14336x1x1x1
ffn_swiglu-3,kernel_swiglu,0.012032,512x1x1,512x1x1,14336x1x1x1
ffn_out-3,kernel_gemv_noshuffle,0.523008,2048x4x1,64x4x1,4096x1x1x1
l_out-3,kernel_add_row,0.003072,1024x0x0,64x0x0,4096x1x1x1
attn_norm-4,kernel_rms_norm_mul,0.005888,1024x1x1,1024x1x1,4096x1x1x1
Qcur-4,kernel_gemv_noshuffle,0.152064,2048x4x1,64x4x1,4096x1x1x1
Qcur-4,kernel_rope_norm_f32,0.002048,2048x1x1,64x1x1,128x32x1x1
Vcur-4,kernel_gemv_noshuffle,0.062976,512x4x1,64x4x1,1024x1x1x1
Kcur-4,kernel_gemv_noshuffle,0.060928,512x4x1,64x4x1,1024x1x1x1
Kcur-4,kernel_rope_norm_f32,0.002048,512x1x1,64x1x1,128x8x1x1
cache_k_l4 (view),kernel_set_rows_f16_i64,0.002816,1024x1x1,1024x1x1,1024x4096x1x1
cache_v_l4 (reshaped) (view),kernel_set_rows_f16_i64,0.007936,16x64x1,1x64x1,1x4194304x1x1
kq-4,kernel_mul_mat_f16_f32_l4,0.078080,16384x1x32,64x1x1,256x1x32x1
kq_soft_max-4,kernel_soft_max_4,0.004864,64x32x1,64x1x1,256x1x32x1
kqv-4,kernel_mul_mat_f16_f32_l4,0.039936,8192x1x32,64x1x1,128x1x32x1
kqv_out-4,kernel_cpy_f32_f32,0.002048,2048x1x1,64x1x1,4096x1x1x1
attn_out-4,kernel_gemv_noshuffle,0.153088,2048x4x1,64x4x1,4096x1x1x1
ffn_inp-4,kernel_add_row,0.001792,1024x0x0,64x0x0,4096x1x1x1
ffn_norm-4,kernel_rms_norm_mul,0.006144,1024x1x1,1024x1x1,4096x1x1x1
ffn_gate-4,kernel_gemv_noshuffle,0.556032,7168x4x1,64x4x1,14336x1x1x1
ffn_up-4,kernel_gemv_noshuffle,0.541952,7168x4x1,64x4x1,14336x1x1x1
ffn_swiglu-4,kernel_swiglu,0.011008,512x1x1,512x1x1,14336x1x1x1
ffn_out-4,kernel_gemv_noshuffle,0.529920,2048x4x1,64x4x1,4096x1x1x1
l_out-4,kernel_add_row,0.002048,1024x0x0,64x0x0,4096x1x1x1
attn_norm-5,kernel_rms_norm_mul,0.006144,1024x1x1,1024x1x1,4096x1x1x1
Qcur-5,kernel_gemv_noshuffle,0.153088,2048x4x1,64x4x1,4096x1x1x1
Qcur-5,kernel_rope_norm_f32,0.003072,2048x1x1,64x1x1,128x32x1x1
Vcur-5,kernel_gemv_noshuffle,0.060928,512x4x1,64x4x1,1024x1x1x1
Kcur-5,kernel_gemv_noshuffle,0.060928,512x4x1,64x4x1,1024x1x1x1
Kcur-5,kernel_rope_norm_f32,0.003072,512x1x1,64x1x1,128x8x1x1
cache_k_l5 (view),kernel_set_rows_f16_i64,0.002816,1024x1x1,1024x1x1,1024x4096x1x1
cache_v_l5 (reshaped) (view),kernel_set_rows_f16_i64,0.007168,16x64x1,1x64x1,1x4194304x1x1
kq-5,kernel_mul_mat_f16_f32_l4,0.077824,16384x1x32,64x1x1,256x1x32x1
kq_soft_max-5,kernel_soft_max_4,0.004096,64x32x1,64x1x1,256x1x32x1
kqv-5,kernel_mul_mat_f16_f32_l4,0.039936,8192x1x32,64x1x1,128x1x32x1
kqv_out-5,kernel_cpy_f32_f32,0.002048,2048x1x1,64x1x1,4096x1x1x1
attn_out-5,kernel_gemv_noshuffle,0.152064,2048x4x1,64x4x1,4096x1x1x1
ffn_inp-5,kernel_add_row,0.002048,1024x0x0,64x0x0,4096x1x1x1
ffn_norm-5,kernel_rms_norm_mul,0.005888,1024x1x1,1024x1x1,4096x1x1x1
ffn_gate-5,kernel_gemv_noshuffle,0.538880,7168x4x1,64x4x1,14336x1x1x1
ffn_up-5,kernel_gemv_noshuffle,0.539136,7168x4x1,64x4x1,14336x1x1x1
ffn_swiglu-5,kernel_swiglu,0.011008,512x1x1,512x1x1,14336x1x1x1
ffn_out-5,kernel_gemv_noshuffle,0.524800,2048x4x1,64x4x1,4096x1x1x1
l_out-5,kernel_add_row,0.003072,1024x0x0,64x0x0,4096x1x1x1
attn_norm-6,kernel_rms_norm_mul,0.005888,1024x1x1,1024x1x1,4096x1x1x1
Qcur-6,kernel_gemv_noshuffle,0.150016,2048x4x1,64x4x1,4096x1x1x1
Qcur-6,kernel_rope_norm_f32,0.003072,2048x1x1,64x1x1,128x32x1x1
Vcur-6,kernel_gemv_noshuffle,0.061952,512x4x1,64x4x1,1024x1x1x1
Kcur-6,kernel_gemv_noshuffle,0.060928,512x4x1,64x4x1,1024x1x1x1
Kcur-6,kernel_rope_norm_f32,0.002048,512x1x1,64x1x1,128x8x1x1
cache_k_l6 (view),kernel_set_rows_f16_i64,0.002816,1024x1x1,1024x1x1,1024x4096x1x1
cache_v_l6 (reshaped) (view),kernel_set_rows_f16_i64,0.008192,16x64x1,1x64x1,1x4194304x1x1
kq-6,kernel_mul_mat_f16_f32_l4,0.077056,16384x1x32,64x1x1,256x1x32x1
kq_soft_max-6,kernel_soft_max_4,0.003840,64x32x1,64x1x1,256x1x32x1
kqv-6,kernel_mul_mat_f16_f32_l4,0.040192,8192x1x32,64x1x1,128x1x32x1
kqv_out-6,kernel_cpy_f32_f32,0.001792,2048x1x1,64x1x1,4096x1x1x1
attn_out-6,kernel_gemv_noshuffle,0.152064,2048x4x1,64x4x1,4096x1x1x1
ffn_inp-6,kernel_add_row,0.002048,1024x0x0,64x0x0,4096x1x1x1
ffn_norm-6,kernel_rms_norm_mul,0.005888,1024x1x1,1024x1x1,4096x1x1x1
ffn_gate-6,kernel_gemv_noshuffle,0.540928,7168x4x1,64x4x1,14336x1x1x1
ffn_up-6,kernel_gemv_noshuffle,0.547840,7168x4x1,64x4x1,14336x1x1x1
ffn_swiglu-6,kernel_swiglu,0.011008,512x1x1,512x1x1,14336x1x1x1
ffn_out-6,kernel_gemv_noshuffle,0.532992,2048x4x1,64x4x1,4096x1x1x1
l_out-6,kernel_add_row,0.002048,1024x0x0,64x0x0,4096x1x1x1
attn_norm-7,kernel_rms_norm_mul,0.005888,1024x1x1,1024x1x1,4096x1x1x1
Qcur-7,kernel_gemv_noshuffle,0.154112,2048x4x1,64x4x1,4096x1x1x1
Qcur-7,kernel_rope_norm_f32,0.003072,2048x1x1,64x1x1,128x32x1x1
Vcur-7,kernel_gemv_noshuffle,0.062208,512x4x1,64x4x1,1024x1x1x1
Kcur-7,kernel_gemv_noshuffle,0.061184,512x4x1,64x4x1,1024x1x1x1
Kcur-7,kernel_rope_norm_f32,0.002048,512x1x1,64x1x1,128x8x1x1
cache_k_l7 (view),kernel_set_rows_f16_i64,0.003072,1024x1x1,1024x1x1,1024x4096x1x1
cache_v_l7 (reshaped) (view),kernel_set_rows_f16_i64,0.006912,16x64x1,1x64x1,1x4194304x1x1
kq-7,kernel_mul_mat_f16_f32_l4,0.078080,16384x1x32,64x1x1,256x1x32x1
kq_soft_max-7,kernel_soft_max_4,0.003840,64x32x1,64x1x1,256x1x32x1
kqv-7,kernel_mul_mat_f16_f32_l4,0.040192,8192x1x32,64x1x1,128x1x32x1
kqv_out-7,kernel_cpy_f32_f32,0.002048,2048x1x1,64x1x1,4096x1x1x1
attn_out-7,kernel_gemv_noshuffle,0.151040,2048x4x1,64x4x1,4096x1x1x1
ffn_inp-7,kernel_add_row,0.002048,1024x0x0,64x0x0,4096x1x1x1
ffn_norm-7,kernel_rms_norm_mul,0.006144,1024x1x1,1024x1x1,4096x1x1x1
ffn_gate-7,kernel_gemv_noshuffle,0.559872,7168x4x1,64x4x1,14336x1x1x1
ffn_up-7,kernel_gemv_noshuffle,0.545024,7168x4x1,64x4x1,14336x1x1x1
ffn_swiglu-7,kernel_swiglu,0.012032,512x1x1,512x1x1,14336x1x1x1
ffn_out-7,kernel_gemv_noshuffle,0.524800,2048x4x1,64x4x1,4096x1x1x1
l_out-7,kernel_add_row,0.002048,1024x0x0,64x0x0,4096x1x1x1
attn_norm-8,kernel_rms_norm_mul,0.005888,1024x1x1,1024x1x1,4096x1x1x1
Qcur-8,kernel_gemv_noshuffle,0.153088,2048x4x1,64x4x1,4096x1x1x1
Qcur-8,kernel_rope_norm_f32,0.003072,2048x1x1,64x1x1,128x32x1x1
Vcur-8,kernel_gemv_noshuffle,0.062208,512x4x1,64x4x1,1024x1x1x1
Kcur-8,kernel_gemv_noshuffle,0.060928,512x4x1,64x4x1,1024x1x1x1
Kcur-8,kernel_rope_norm_f32,0.003072,512x1x1,64x1x1,128x8x1x1
cache_k_l8 (view),kernel_set_rows_f16_i64,0.002816,1024x1x1,1024x1x1,1024x4096x1x1
cache_v_l8 (reshaped) (view),kernel_set_rows_f16_i64,0.007936,16x64x1,1x64x1,1x4194304x1x1
kq-8,kernel_mul_mat_f16_f32_l4,0.078080,16384x1x32,64x1x1,256x1x32x1
kq_soft_max-8,kernel_soft_max_4,0.003840,64x32x1,64x1x1,256x1x32x1
kqv-8,kernel_mul_mat_f16_f32_l4,0.039936,8192x1x32,64x1x1,128x1x32x1
kqv_out-8,kernel_cpy_f32_f32,0.002048,2048x1x1,64x1x1,4096x1x1x1
attn_out-8,kernel_gemv_noshuffle,0.154880,2048x4x1,64x4x1,4096x1x1x1
ffn_inp-8,kernel_add_row,0.002048,1024x0x0,64x0x0,4096x1x1x1
ffn_norm-8,kernel_rms_norm_mul,0.006144,1024x1x1,1024x1x1,4096x1x1x1
ffn_gate-8,kernel_gemv_noshuffle,0.554240,7168x4x1,64x4x1,14336x1x1x1
ffn_up-8,kernel_gemv_noshuffle,0.546048,7168x4x1,64x4x1,14336x1x1x1
ffn_swiglu-8,kernel_swiglu,0.012032,512x1x1,512x1x1,14336x1x1x1
ffn_out-8,kernel_gemv_noshuffle,0.526848,2048x4x1,64x4x1,4096x1x1x1
l_out-8,kernel_add_row,0.002048,1024x0x0,64x0x0,4096x1x1x1
attn_norm-9,kernel_rms_norm_mul,0.005888,1024x1x1,1024x1x1,4096x1x1x1
Qcur-9,kernel_gemv_noshuffle,0.151040,2048x4x1,64x4x1,4096x1x1x1
Qcur-9,kernel_rope_norm_f32,0.002048,2048x1x1,64x1x1,128x32x1x1
Vcur-9,kernel_gemv_noshuffle,0.060928,512x4x1,64x4x1,1024x1x1x1
Kcur-9,kernel_gemv_noshuffle,0.060928,512x4x1,64x4x1,1024x1x1x1
Kcur-9,kernel_rope_norm_f32,0.002048,512x1x1,64x1x1,128x8x1x1
cache_k_l9 (view),kernel_set_rows_f16_i64,0.002816,1024x1x1,1024x1x1,1024x4096x1x1
cache_v_l9 (reshaped) (view),kernel_set_rows_f16_i64,0.007168,16x64x1,1x64x1,1x4194304x1x1
kq-9,kernel_mul_mat_f16_f32_l4,0.077824,16384x1x32,64x1x1,256x1x32x1
kq_soft_max-9,kernel_soft_max_4,0.004096,64x32x1,64x1x1,256x1x32x1
kqv-9,kernel_mul_mat_f16_f32_l4,0.039936,8192x1x32,64x1x1,128x1x32x1
kqv_out-9,kernel_cpy_f32_f32,0.002048,2048x1x1,64x1x1,4096x1x1x1
attn_out-9,kernel_gemv_noshuffle,0.150016,2048x4x1,64x4x1,4096x1x1x1
ffn_inp-9,kernel_add_row,0.002048,1024x0x0,64x0x0,4096x1x1x1
ffn_norm-9,kernel_rms_norm_mul,0.005888,1024x1x1,1024x1x1,4096x1x1x1
ffn_gate-9,kernel_gemv_noshuffle,0.541952,7168x4x1,64x4x1,14336x1x1x1
ffn_up-9,kernel_gemv_noshuffle,0.560128,7168x4x1,64x4x1,14336x1x1x1
ffn_swiglu-9,kernel_swiglu,0.012032,512x1x1,512x1x1,14336x1x1x1
ffn_out-9,kernel_gemv_noshuffle,0.520192,2048x4x1,64x4x1,4096x1x1x1
l_out-9,kernel_add_row,0.001792,1024x0x0,64x0x0,4096x1x1x1
attn_norm-10,kernel_rms_norm_mul,0.005888,1024x1x1,1024x1x1,4096x1x1x1
Qcur-10,kernel_gemv_noshuffle,0.151040,2048x4x1,64x4x1,4096x1x1x1
Qcur-10,kernel_rope_norm_f32,0.003072,2048x1x1,64x1x1,128x32x1x1
Vcur-10,kernel_gemv_noshuffle,0.061952,512x4x1,64x4x1,1024x1x1x1
Kcur-10,kernel_gemv_noshuffle,0.060928,512x4x1,64x4x1,1024x1x1x1
Kcur-10,kernel_rope_norm_f32,0.002048,512x1x1,64x1x1,128x8x1x1
cache_k_l10 (view),kernel_set_rows_f16_i64,0.003072,1024x1x1,1024x1x1,1024x4096x1x1
cache_v_l10 (reshaped) (view),kernel_set_rows_f16_i64,0.006912,16x64x1,1x64x1,1x4194304x1x1
kq-10,kernel_mul_mat_f16_f32_l4,0.077056,16384x1x32,64x1x1,256x1x32x1
kq_soft_max-10,kernel_soft_max_4,0.004096,64x32x1,64x1x1,256x1x32x1
kqv-10,kernel_mul_mat_f16_f32_l4,0.039936,8192x1x32,64x1x1,128x1x32x1
kqv_out-10,kernel_cpy_f32_f32,0.002048,2048x1x1,64x1x1,4096x1x1x1
attn_out-10,kernel_gemv_noshuffle,0.151040,2048x4x1,64x4x1,4096x1x1x1
ffn_inp-10,kernel_add_row,0.002048,1024x0x0,64x0x0,4096x1x1x1
ffn_norm-10,kernel_rms_norm_mul,0.005888,1024x1x1,1024x1x1,4096x1x1x1
ffn_gate-10,kernel_gemv_noshuffle,0.550144,7168x4x1,64x4x1,14336x1x1x1
ffn_up-10,kernel_gemv_noshuffle,0.546048,7168x4x1,64x4x1,14336x1x1x1
ffn_swiglu-10,kernel_swiglu,0.011008,512x1x1,512x1x1,14336x1x1x1
ffn_out-10,kernel_gemv_noshuffle,0.520960,2048x4x1,64x4x1,4096x1x1x1
l_out-10,kernel_add_row,0.002048,1024x0x0,64x0x0,4096x1x1x1
attn_norm-11,kernel_rms_norm_mul,0.005888,1024x1x1,1024x1x1,4096x1x1x1
Qcur-11,kernel_gemv_noshuffle,0.151040,2048x4x1,64x4x1,4096x1x1x1
Qcur-11,kernel_rope_norm_f32,0.003072,2048x1x1,64x1x1,128x32x1x1
Vcur-11,kernel_gemv_noshuffle,0.061952,512x4x1,64x4x1,1024x1x1x1
Kcur-11,kernel_gemv_noshuffle,0.061184,512x4x1,64x4x1,1024x1x1x1
Kcur-11,kernel_rope_norm_f32,0.001792,512x1x1,64x1x1,128x8x1x1
cache_k_l11 (view),kernel_set_rows_f16_i64,0.003072,1024x1x1,1024x1x1,1024x4096x1x1
cache_v_l11 (reshaped) (view),kernel_set_rows_f16_i64,0.006912,16x64x1,1x64x1,1x4194304x1x1
kq-11,kernel_mul_mat_f16_f32_l4,0.078080,16384x1x32,64x1x1,256x1x32x1
kq_soft_max-11,kernel_soft_max_4,0.003840,64x32x1,64x1x1,256x1x32x1
kqv-11,kernel_mul_mat_f16_f32_l4,0.040192,8192x1x32,64x1x1,128x1x32x1
kqv_out-11,kernel_cpy_f32_f32,0.001792,2048x1x1,64x1x1,4096x1x1x1
attn_out-11,kernel_gemv_noshuffle,0.148992,2048x4x1,64x4x1,4096x1x1x1
ffn_inp-11,kernel_add_row,0.002048,1024x0x0,64x0x0,4096x1x1x1
ffn_norm-11,kernel_rms_norm_mul,0.005888,1024x1x1,1024x1x1,4096x1x1x1
ffn_gate-11,kernel_gemv_noshuffle,0.537088,7168x4x1,64x4x1,14336x1x1x1
ffn_up-11,kernel_gemv_noshuffle,0.542976,7168x4x1,64x4x1,14336x1x1x1
ffn_swiglu-11,kernel_swiglu,0.011008,512x1x1,512x1x1,14336x1x1x1
ffn_out-11,kernel_gemv_noshuffle,0.518144,2048x4x1,64x4x1,4096x1x1x1
l_out-11,kernel_add_row,0.002048,1024x0x0,64x0x0,4096x1x1x1
attn_norm-12,kernel_rms_norm_mul,0.006144,1024x1x1,1024x1x1,4096x1x1x1
Qcur-12,kernel_gemv_noshuffle,0.151808,2048x4x1,64x4x1,4096x1x1x1
Qcur-12,kernel_rope_norm_f32,0.003072,2048x1x1,64x1x1,128x32x1x1
Vcur-12,kernel_gemv_noshuffle,0.060928,512x4x1,64x4x1,1024x1x1x1
Kcur-12,kernel_gemv_noshuffle,0.060160,512x4x1,64x4x1,1024x1x1x1
Kcur-12,kernel_rope_norm_f32,0.002048,512x1x1,64x1x1,128x8x1x1
cache_k_l12 (view),kernel_set_rows_f16_i64,0.003072,1024x1x1,1024x1x1,1024x4096x1x1
cache_v_l12 (reshaped) (view),kernel_set_rows_f16_i64,0.007936,16x64x1,1x64x1,1x4194304x1x1
kq-12,kernel_mul_mat_f16_f32_l4,0.076800,16384x1x32,64x1x1,256x1x32x1
kq_soft_max-12,kernel_soft_max_4,0.004096,64x32x1,64x1x1,256x1x32x1
kqv-12,kernel_mul_mat_f16_f32_l4,0.039936,8192x1x32,64x1x1,128x1x32x1
kqv_out-12,kernel_cpy_f32_f32,0.002048,2048x1x1,64x1x1,4096x1x1x1
attn_out-12,kernel_gemv_noshuffle,0.152832,2048x4x1,64x4x1,4096x1x1x1
ffn_inp-12,kernel_add_row,0.002048,1024x0x0,64x0x0,4096x1x1x1
ffn_norm-12,kernel_rms_norm_mul,0.006144,1024x1x1,1024x1x1,4096x1x1x1
ffn_gate-12,kernel_gemv_noshuffle,0.540160,7168x4x1,64x4x1,14336x1x1x1
ffn_up-12,kernel_gemv_noshuffle,0.538112,7168x4x1,64x4x1,14336x1x1x1
ffn_swiglu-12,kernel_swiglu,0.011008,512x1x1,512x1x1,14336x1x1x1
ffn_out-12,kernel_gemv_noshuffle,0.524032,2048x4x1,64x4x1,4096x1x1x1
l_out-12,kernel_add_row,0.001792,1024x0x0,64x0x0,4096x1x1x1
attn_norm-13,kernel_rms_norm_mul,0.006144,1024x1x1,1024x1x1,4096x1x1x1
Qcur-13,kernel_gemv_noshuffle,0.152064,2048x4x1,64x4x1,4096x1x1x1
Qcur-13,kernel_rope_norm_f32,0.002816,2048x1x1,64x1x1,128x32x1x1
Vcur-13,kernel_gemv_noshuffle,0.061184,512x4x1,64x4x1,1024x1x1x1
Kcur-13,kernel_gemv_noshuffle,0.060160,512x4x1,64x4x1,1024x1x1x1
Kcur-13,kernel_rope_norm_f32,0.001792,512x1x1,64x1x1,128x8x1x1
cache_k_l13 (view),kernel_set_rows_f16_i64,0.003072,1024x1x1,1024x1x1,1024x4096x1x1
cache_v_l13 (reshaped) (view),kernel_set_rows_f16_i64,0.007936,16x64x1,1x64x1,1x4194304x1x1
kq-13,kernel_mul_mat_f16_f32_l4,0.078080,16384x1x32,64x1x1,256x1x32x1
kq_soft_max-13,kernel_soft_max_4,0.003840,64x32x1,64x1x1,256x1x32x1
kqv-13,kernel_mul_mat_f16_f32_l4,0.039936,8192x1x32,64x1x1,128x1x32x1
kqv_out-13,kernel_cpy_f32_f32,0.002048,2048x1x1,64x1x1,4096x1x1x1
attn_out-13,kernel_gemv_noshuffle,0.150784,2048x4x1,64x4x1,4096x1x1x1
ffn_inp-13,kernel_add_row,0.002048,1024x0x0,64x0x0,4096x1x1x1
ffn_norm-13,kernel_rms_norm_mul,0.006144,1024x1x1,1024x1x1,4096x1x1x1
ffn_gate-13,kernel_gemv_noshuffle,0.556800,7168x4x1,64x4x1,14336x1x1x1
ffn_up-13,kernel_gemv_noshuffle,0.537088,7168x4x1,64x4x1,14336x1x1x1
ffn_swiglu-13,kernel_swiglu,0.011008,512x1x1,512x1x1,14336x1x1x1
ffn_out-13,kernel_gemv_noshuffle,0.514816,2048x4x1,64x4x1,4096x1x1x1
l_out-13,kernel_add_row,0.002048,1024x0x0,64x0x0,4096x1x1x1
attn_norm-14,kernel_rms_norm_mul,0.005888,1024x1x1,1024x1x1,4096x1x1x1
Qcur-14,kernel_gemv_noshuffle,0.147968,2048x4x1,64x4x1,4096x1x1x1
Qcur-14,kernel_rope_norm_f32,0.003072,2048x1x1,64x1x1,128x32x1x1
Vcur-14,kernel_gemv_noshuffle,0.060928,512x4x1,64x4x1,1024x1x1x1
Kcur-14,kernel_gemv_noshuffle,0.060928,512x4x1,64x4x1,1024x1x1x1
Kcur-14,kernel_rope_norm_f32,0.002048,512x1x1,64x1x1,128x8x1x1
cache_k_l14 (view),kernel_set_rows_f16_i64,0.003072,1024x1x1,1024x1x1,1024x4096x1x1
cache_v_l14 (reshaped) (view),kernel_set_rows_f16_i64,0.006912,16x64x1,1x64x1,1x4194304x1x1
kq-14,kernel_mul_mat_f16_f32_l4,0.076800,16384x1x32,64x1x1,256x1x32x1
kq_soft_max-14,kernel_soft_max_4,0.004096,64x32x1,64x1x1,256x1x32x1
kqv-14,kernel_mul_mat_f16_f32_l4,0.039936,8192x1x32,64x1x1,128x1x32x1
kqv_out-14,kernel_cpy_f32_f32,0.002048,2048x1x1,64x1x1,4096x1x1x1
attn_out-14,kernel_gemv_noshuffle,0.151808,2048x4x1,64x4x1,4096x1x1x1
ffn_inp-14,kernel_add_row,0.002048,1024x0x0,64x0x0,4096x1x1x1
ffn_norm-14,kernel_rms_norm_mul,0.006144,1024x1x1,1024x1x1,4096x1x1x1
ffn_gate-14,kernel_gemv_noshuffle,0.538112,7168x4x1,64x4x1,14336x1x1x1
ffn_up-14,kernel_gemv_noshuffle,0.535808,7168x4x1,64x4x1,14336x1x1x1
ffn_swiglu-14,kernel_swiglu,0.011008,512x1x1,512x1x1,14336x1x1x1
ffn_out-14,kernel_gemv_noshuffle,0.508928,2048x4x1,64x4x1,4096x1x1x1
l_out-14,kernel_add_row,0.002048,1024x0x0,64x0x0,4096x1x1x1
attn_norm-15,kernel_rms_norm_mul,0.005888,1024x1x1,1024x1x1,4096x1x1x1
Qcur-15,kernel_gemv_noshuffle,0.145152,2048x4x1,64x4x1,4096x1x1x1
Qcur-15,kernel_rope_norm_f32,0.002816,2048x1x1,64x1x1,128x32x1x1
Vcur-15,kernel_gemv_noshuffle,0.058112,512x4x1,64x4x1,1024x1x1x1
Kcur-15,kernel_gemv_noshuffle,0.059904,512x4x1,64x4x1,1024x1x1x1
Kcur-15,kernel_rope_norm_f32,0.002048,512x1x1,64x1x1,128x8x1x1
cache_k_l15 (view),kernel_set_rows_f16_i64,0.002816,1024x1x1,1024x1x1,1024x4096x1x1
cache_v_l15 (reshaped) (view),kernel_set_rows_f16_i64,0.007168,16x64x1,1x64x1,1x4194304x1x1
kq-15,kernel_mul_mat_f16_f32_l4,0.077824,16384x1x32,64x1x1,256x1x32x1
kq_soft_max-15,kernel_soft_max_4,0.004096,64x32x1,64x1x1,256x1x32x1
kqv-15,kernel_mul_mat_f16_f32_l4,0.040960,8192x1x32,64x1x1,128x1x32x1
kqv_out-15,kernel_cpy_f32_f32,0.002048,2048x1x1,64x1x1,4096x1x1x1
attn_out-15,kernel_gemv_noshuffle,0.144128,2048x4x1,64x4x1,4096x1x1x1
ffn_inp-15,kernel_add_row,0.001792,1024x0x0,64x0x0,4096x1x1x1
ffn_norm-15,kernel_rms_norm_mul,0.006144,1024x1x1,1024x1x1,4096x1x1x1
ffn_gate-15,kernel_gemv_noshuffle,0.532992,7168x4x1,64x4x1,14336x1x1x1
ffn_up-15,kernel_gemv_noshuffle,0.544000,7168x4x1,64x4x1,14336x1x1x1
ffn_swiglu-15,kernel_swiglu,0.011008,512x1x1,512x1x1,14336x1x1x1
ffn_out-15,kernel_gemv_noshuffle,0.505088,2048x4x1,64x4x1,4096x1x1x1
l_out-15,kernel_add_row,0.002048,1024x0x0,64x0x0,4096x1x1x1
attn_norm-16,kernel_rms_norm_mul,0.006144,1024x1x1,1024x1x1,4096x1x1x1
Qcur-16,kernel_gemv_noshuffle,0.152064,2048x4x1,64x4x1,4096x1x1x1
Qcur-16,kernel_rope_norm_f32,0.002816,2048x1x1,64x1x1,128x32x1x1
Vcur-16,kernel_gemv_noshuffle,0.061184,512x4x1,64x4x1,1024x1x1x1
Kcur-16,kernel_gemv_noshuffle,0.059136,512x4x1,64x4x1,1024x1x1x1
Kcur-16,kernel_rope_norm_f32,0.002048,512x1x1,64x1x1,128x8x1x1
cache_k_l16 (view),kernel_set_rows_f16_i64,0.003072,1024x1x1,1024x1x1,1024x4096x1x1
cache_v_l16 (reshaped) (view),kernel_set_rows_f16_i64,0.007168,16x64x1,1x64x1,1x4194304x1x1
kq-16,kernel_mul_mat_f16_f32_l4,0.078080,16384x1x32,64x1x1,256x1x32x1
kq_soft_max-16,kernel_soft_max_4,0.003840,64x32x1,64x1x1,256x1x32x1
kqv-16,kernel_mul_mat_f16_f32_l4,0.040192,8192x1x32,64x1x1,128x1x32x1
kqv_out-16,kernel_cpy_f32_f32,0.002048,2048x1x1,64x1x1,4096x1x1x1
attn_out-16,kernel_gemv_noshuffle,0.147968,2048x4x1,64x4x1,4096x1x1x1
ffn_inp-16,kernel_add_row,0.002048,1024x0x0,64x0x0,4096x1x1x1
ffn_norm-16,kernel_rms_norm_mul,0.005888,1024x1x1,1024x1x1,4096x1x1x1
ffn_gate-16,kernel_gemv_noshuffle,0.536064,7168x4x1,64x4x1,14336x1x1x1
ffn_up-16,kernel_gemv_noshuffle,0.546816,7168x4x1,64x4x1,14336x1x1x1
ffn_swiglu-16,kernel_swiglu,0.011008,512x1x1,512x1x1,14336x1x1x1
ffn_out-16,kernel_gemv_noshuffle,0.510976,2048x4x1,64x4x1,4096x1x1x1
l_out-16,kernel_add_row,0.002048,1024x0x0,64x0x0,4096x1x1x1
attn_norm-17,kernel_rms_norm_mul,0.005888,1024x1x1,1024x1x1,4096x1x1x1
Qcur-17,kernel_gemv_noshuffle,0.148992,2048x4x1,64x4x1,4096x1x1x1
Qcur-17,kernel_rope_norm_f32,0.002048,2048x1x1,64x1x1,128x32x1x1
Vcur-17,kernel_gemv_noshuffle,0.062976,512x4x1,64x4x1,1024x1x1x1
Kcur-17,kernel_gemv_noshuffle,0.060928,512x4x1,64x4x1,1024x1x1x1
Kcur-17,kernel_rope_norm_f32,0.002048,512x1x1,64x1x1,128x8x1x1
cache_k_l17 (view),kernel_set_rows_f16_i64,0.003072,1024x1x1,1024x1x1,1024x4096x1x1
cache_v_l17 (reshaped) (view),kernel_set_rows_f16_i64,0.007936,16x64x1,1x64x1,1x4194304x1x1
kq-17,kernel_mul_mat_f16_f32_l4,0.078080,16384x1x32,64x1x1,256x1x32x1
kq_soft_max-17,kernel_soft_max_4,0.004096,64x32x1,64x1x1,256x1x32x1
kqv-17,kernel_mul_mat_f16_f32_l4,0.040192,8192x1x32,64x1x1,128x1x32x1
kqv_out-17,kernel_cpy_f32_f32,0.001792,2048x1x1,64x1x1,4096x1x1x1
attn_out-17,kernel_gemv_noshuffle,0.144896,2048x4x1,64x4x1,4096x1x1x1
ffn_inp-17,kernel_add_row,0.002048,1024x0x0,64x0x0,4096x1x1x1
ffn_norm-17,kernel_rms_norm_mul,0.006144,1024x1x1,1024x1x1,4096x1x1x1
ffn_gate-17,kernel_gemv_noshuffle,0.534016,7168x4x1,64x4x1,14336x1x1x1
ffn_up-17,kernel_gemv_noshuffle,0.544000,7168x4x1,64x4x1,14336x1x1x1
ffn_swiglu-17,kernel_swiglu,0.012032,512x1x1,512x1x1,14336x1x1x1
ffn_out-17,kernel_gemv_noshuffle,0.513024,2048x4x1,64x4x1,4096x1x1x1
l_out-17,kernel_add_row,0.002048,1024x0x0,64x0x0,4096x1x1x1
attn_norm-18,kernel_rms_norm_mul,0.006144,1024x1x1,1024x1x1,4096x1x1x1
Qcur-18,kernel_gemv_noshuffle,0.145920,2048x4x1,64x4x1,4096x1x1x1
Qcur-18,kernel_rope_norm_f32,0.003072,2048x1x1,64x1x1,128x32x1x1
Vcur-18,kernel_gemv_noshuffle,0.060928,512x4x1,64x4x1,1024x1x1x1
Kcur-18,kernel_gemv_noshuffle,0.058880,512x4x1,64x4x1,1024x1x1x1
Kcur-18,kernel_rope_norm_f32,0.002048,512x1x1,64x1x1,128x8x1x1
cache_k_l18 (view),kernel_set_rows_f16_i64,0.003072,1024x1x1,1024x1x1,1024x4096x1x1
cache_v_l18 (reshaped) (view),kernel_set_rows_f16_i64,0.006912,16x64x1,1x64x1,1x4194304x1x1
kq-18,kernel_mul_mat_f16_f32_l4,0.078080,16384x1x32,64x1x1,256x1x32x1
kq_soft_max-18,kernel_soft_max_4,0.004096,64x32x1,64x1x1,256x1x32x1
kqv-18,kernel_mul_mat_f16_f32_l4,0.039936,8192x1x32,64x1x1,128x1x32x1
kqv_out-18,kernel_cpy_f32_f32,0.002048,2048x1x1,64x1x1,4096x1x1x1
attn_out-18,kernel_gemv_noshuffle,0.147968,2048x4x1,64x4x1,4096x1x1x1
ffn_inp-18,kernel_add_row,0.002048,1024x0x0,64x0x0,4096x1x1x1
ffn_norm-18,kernel_rms_norm_mul,0.006144,1024x1x1,1024x1x1,4096x1x1x1
ffn_gate-18,kernel_gemv_noshuffle,0.540928,7168x4x1,64x4x1,14336x1x1x1
ffn_up-18,kernel_gemv_noshuffle,0.552192,7168x4x1,64x4x1,14336x1x1x1
ffn_swiglu-18,kernel_swiglu,0.011008,512x1x1,512x1x1,14336x1x1x1
ffn_out-18,kernel_gemv_noshuffle,0.514816,2048x4x1,64x4x1,4096x1x1x1
l_out-18,kernel_add_row,0.002048,1024x0x0,64x0x0,4096x1x1x1
attn_norm-19,kernel_rms_norm_mul,0.005888,1024x1x1,1024x1x1,4096x1x1x1
Qcur-19,kernel_gemv_noshuffle,0.146176,2048x4x1,64x4x1,4096x1x1x1
Qcur-19,kernel_rope_norm_f32,0.002816,2048x1x1,64x1x1,128x32x1x1
Vcur-19,kernel_gemv_noshuffle,0.060160,512x4x1,64x4x1,1024x1x1x1
Kcur-19,kernel_gemv_noshuffle,0.059904,512x4x1,64x4x1,1024x1x1x1
Kcur-19,kernel_rope_norm_f32,0.002048,512x1x1,64x1x1,128x8x1x1
cache_k_l19 (view),kernel_set_rows_f16_i64,0.003072,1024x1x1,1024x1x1,1024x4096x1x1
cache_v_l19 (reshaped) (view),kernel_set_rows_f16_i64,0.006912,16x64x1,1x64x1,1x4194304x1x1
kq-19,kernel_mul_mat_f16_f32_l4,0.077056,16384x1x32,64x1x1,256x1x32x1
kq_soft_max-19,kernel_soft_max_4,0.003840,64x32x1,64x1x1,256x1x32x1
kqv-19,kernel_mul_mat_f16_f32_l4,0.040192,8192x1x32,64x1x1,128x1x32x1
kqv_out-19,kernel_cpy_f32_f32,0.002048,2048x1x1,64x1x1,4096x1x1x1
attn_out-19,kernel_gemv_noshuffle,0.146944,2048x4x1,64x4x1,4096x1x1x1
ffn_inp-19,kernel_add_row,0.002048,1024x0x0,64x0x0,4096x1x1x1
ffn_norm-19,kernel_rms_norm_mul,0.005888,1024x1x1,1024x1x1,4096x1x1x1
ffn_gate-19,kernel_gemv_noshuffle,0.537088,7168x4x1,64x4x1,14336x1x1x1
ffn_up-19,kernel_gemv_noshuffle,0.540928,7168x4x1,64x4x1,14336x1x1x1
ffn_swiglu-19,kernel_swiglu,0.012032,512x1x1,512x1x1,14336x1x1x1
ffn_out-19,kernel_gemv_noshuffle,0.515840,2048x4x1,64x4x1,4096x1x1x1
l_out-19,kernel_add_row,0.002048,1024x0x0,64x0x0,4096x1x1x1
attn_norm-20,kernel_rms_norm_mul,0.005888,1024x1x1,1024x1x1,4096x1x1x1
Qcur-20,kernel_gemv_noshuffle,0.150016,2048x4x1,64x4x1,4096x1x1x1
Qcur-20,kernel_rope_norm_f32,0.003072,2048x1x1,64x1x1,128x32x1x1
Vcur-20,kernel_gemv_noshuffle,0.061952,512x4x1,64x4x1,1024x1x1x1
Kcur-20,kernel_gemv_noshuffle,0.059904,512x4x1,64x4x1,1024x1x1x1
Kcur-20,kernel_rope_norm_f32,0.002048,512x1x1,64x1x1,128x8x1x1
cache_k_l20 (view),kernel_set_rows_f16_i64,0.003072,1024x1x1,1024x1x1,1024x4096x1x1
cache_v_l20 (reshaped) (view),kernel_set_rows_f16_i64,0.007168,16x64x1,1x64x1,1x4194304x1x1
kq-20,kernel_mul_mat_f16_f32_l4,0.078080,16384x1x32,64x1x1,256x1x32x1
kq_soft_max-20,kernel_soft_max_4,0.003840,64x32x1,64x1x1,256x1x32x1
kqv-20,kernel_mul_mat_f16_f32_l4,0.041216,8192x1x32,64x1x1,128x1x32x1
kqv_out-20,kernel_cpy_f32_f32,0.001792,2048x1x1,64x1x1,4096x1x1x1
attn_out-20,kernel_gemv_noshuffle,0.146944,2048x4x1,64x4x1,4096x1x1x1
ffn_inp-20,kernel_add_row,0.002048,1024x0x0,64x0x0,4096x1x1x1
ffn_norm-20,kernel_rms_norm_mul,0.006144,1024x1x1,1024x1x1,4096x1x1x1
ffn_gate-20,kernel_gemv_noshuffle,0.535808,7168x4x1,64x4x1,14336x1x1x1
ffn_up-20,kernel_gemv_noshuffle,0.553984,7168x4x1,64x4x1,14336x1x1x1
ffn_swiglu-20,kernel_swiglu,0.011008,512x1x1,512x1x1,14336x1x1x1
ffn_out-20,kernel_gemv_noshuffle,0.508928,2048x4x1,64x4x1,4096x1x1x1
l_out-20,kernel_add_row,0.002048,1024x0x0,64x0x0,4096x1x1x1
attn_norm-21,kernel_rms_norm_mul,0.005888,1024x1x1,1024x1x1,4096x1x1x1
Qcur-21,kernel_gemv_noshuffle,0.146176,2048x4x1,64x4x1,4096x1x1x1
Qcur-21,kernel_rope_norm_f32,0.002816,2048x1x1,64x1x1,128x32x1x1
Vcur-21,kernel_gemv_noshuffle,0.060928,512x4x1,64x4x1,1024x1x1x1
Kcur-21,kernel_gemv_noshuffle,0.059136,512x4x1,64x4x1,1024x1x1x1
Kcur-21,kernel_rope_norm_f32,0.002048,512x1x1,64x1x1,128x8x1x1
cache_k_l21 (view),kernel_set_rows_f16_i64,0.003072,1024x1x1,1024x1x1,1024x4096x1x1
cache_v_l21 (reshaped) (view),kernel_set_rows_f16_i64,0.007936,16x64x1,1x64x1,1x4194304x1x1
kq-21,kernel_mul_mat_f16_f32_l4,0.078080,16384x1x32,64x1x1,256x1x32x1
kq_soft_max-21,kernel_soft_max_4,0.003840,64x32x1,64x1x1,256x1x32x1
kqv-21,kernel_mul_mat_f16_f32_l4,0.039936,8192x1x32,64x1x1,128x1x32x1
kqv_out-21,kernel_cpy_f32_f32,0.002048,2048x1x1,64x1x1,4096x1x1x1
attn_out-21,kernel_gemv_noshuffle,0.145920,2048x4x1,64x4x1,4096x1x1x1
ffn_inp-21,kernel_add_row,0.002048,1024x0x0,64x0x0,4096x1x1x1
ffn_norm-21,kernel_rms_norm_mul,0.005888,1024x1x1,1024x1x1,4096x1x1x1
ffn_gate-21,kernel_gemv_noshuffle,0.539904,7168x4x1,64x4x1,14336x1x1x1
ffn_up-21,kernel_gemv_noshuffle,0.534016,7168x4x1,64x4x1,14336x1x1x1
ffn_swiglu-21,kernel_swiglu,0.011008,512x1x1,512x1x1,14336x1x1x1
ffn_out-21,kernel_gemv_noshuffle,0.510976,2048x4x1,64x4x1,4096x1x1x1
l_out-21,kernel_add_row,0.002048,1024x0x0,64x0x0,4096x1x1x1
attn_norm-22,kernel_rms_norm_mul,0.006144,1024x1x1,1024x1x1,4096x1x1x1
Qcur-22,kernel_gemv_noshuffle,0.150016,2048x4x1,64x4x1,4096x1x1x1
Qcur-22,kernel_rope_norm_f32,0.002048,2048x1x1,64x1x1,128x32x1x1
Vcur-22,kernel_gemv_noshuffle,0.061184,512x4x1,64x4x1,1024x1x1x1
Kcur-22,kernel_gemv_noshuffle,0.059904,512x4x1,64x4x1,1024x1x1x1
Kcur-22,kernel_rope_norm_f32,0.002048,512x1x1,64x1x1,128x8x1x1
cache_k_l22 (view),kernel_set_rows_f16_i64,0.002816,1024x1x1,1024x1x1,1024x4096x1x1
cache_v_l22 (reshaped) (view),kernel_set_rows_f16_i64,0.008192,16x64x1,1x64x1,1x4194304x1x1
kq-22,kernel_mul_mat_f16_f32_l4,0.078080,16384x1x32,64x1x1,256x1x32x1
kq_soft_max-22,kernel_soft_max_4,0.004096,64x32x1,64x1x1,256x1x32x1
kqv-22,kernel_mul_mat_f16_f32_l4,0.040192,8192x1x32,64x1x1,128x1x32x1
kqv_out-22,kernel_cpy_f32_f32,0.001792,2048x1x1,64x1x1,4096x1x1x1
attn_out-22,kernel_gemv_noshuffle,0.151040,2048x4x1,64x4x1,4096x1x1x1
ffn_inp-22,kernel_add_row,0.002048,1024x0x0,64x0x0,4096x1x1x1
ffn_norm-22,kernel_rms_norm_mul,0.005888,1024x1x1,1024x1x1,4096x1x1x1
ffn_gate-22,kernel_gemv_noshuffle,0.541184,7168x4x1,64x4x1,14336x1x1x1
ffn_up-22,kernel_gemv_noshuffle,0.540928,7168x4x1,64x4x1,14336x1x1x1
ffn_swiglu-22,kernel_swiglu,0.012032,512x1x1,512x1x1,14336x1x1x1
ffn_out-22,kernel_gemv_noshuffle,0.514048,2048x4x1,64x4x1,4096x1x1x1
l_out-22,kernel_add_row,0.002048,1024x0x0,64x0x0,4096x1x1x1
attn_norm-23,kernel_rms_norm_mul,0.005888,1024x1x1,1024x1x1,4096x1x1x1
Qcur-23,kernel_gemv_noshuffle,0.145152,2048x4x1,64x4x1,4096x1x1x1
Qcur-23,kernel_rope_norm_f32,0.001792,2048x1x1,64x1x1,128x32x1x1
Vcur-23,kernel_gemv_noshuffle,0.059136,512x4x1,64x4x1,1024x1x1x1
Kcur-23,kernel_gemv_noshuffle,0.059136,512x4x1,64x4x1,1024x1x1x1
Kcur-23,kernel_rope_norm_f32,0.001792,512x1x1,64x1x1,128x8x1x1
cache_k_l23 (view),kernel_set_rows_f16_i64,0.003072,1024x1x1,1024x1x1,1024x4096x1x1
cache_v_l23 (reshaped) (view),kernel_set_rows_f16_i64,0.007936,16x64x1,1x64x1,1x4194304x1x1
kq-23,kernel_mul_mat_f16_f32_l4,0.077056,16384x1x32,64x1x1,256x1x32x1
kq_soft_max-23,kernel_soft_max_4,0.003840,64x32x1,64x1x1,256x1x32x1
kqv-23,kernel_mul_mat_f16_f32_l4,0.040192,8192x1x32,64x1x1,128x1x32x1
kqv_out-23,kernel_cpy_f32_f32,0.002048,2048x1x1,64x1x1,4096x1x1x1
attn_out-23,kernel_gemv_noshuffle,0.144896,2048x4x1,64x4x1,4096x1x1x1
ffn_inp-23,kernel_add_row,0.002048,1024x0x0,64x0x0,4096x1x1x1
ffn_norm-23,kernel_rms_norm_mul,0.005888,1024x1x1,1024x1x1,4096x1x1x1
ffn_gate-23,kernel_gemv_noshuffle,0.546048,7168x4x1,64x4x1,14336x1x1x1
ffn_up-23,kernel_gemv_noshuffle,0.550912,7168x4x1,64x4x1,14336x1x1x1
ffn_swiglu-23,kernel_swiglu,0.011008,512x1x1,512x1x1,14336x1x1x1
ffn_out-23,kernel_gemv_noshuffle,0.523008,2048x4x1,64x4x1,4096x1x1x1
l_out-23,kernel_add_row,0.002048,1024x0x0,64x0x0,4096x1x1x1
attn_norm-24,kernel_rms_norm_mul,0.005888,1024x1x1,1024x1x1,4096x1x1x1
Qcur-24,kernel_gemv_noshuffle,0.150016,2048x4x1,64x4x1,4096x1x1x1
Qcur-24,kernel_rope_norm_f32,0.002816,2048x1x1,64x1x1,128x32x1x1
Vcur-24,kernel_gemv_noshuffle,0.061184,512x4x1,64x4x1,1024x1x1x1
Kcur-24,kernel_gemv_noshuffle,0.058880,512x4x1,64x4x1,1024x1x1x1
Kcur-24,kernel_rope_norm_f32,0.002048,512x1x1,64x1x1,128x8x1x1
cache_k_l24 (view),kernel_set_rows_f16_i64,0.002816,1024x1x1,1024x1x1,1024x4096x1x1
cache_v_l24 (reshaped) (view),kernel_set_rows_f16_i64,0.007168,16x64x1,1x64x1,1x4194304x1x1
kq-24,kernel_mul_mat_f16_f32_l4,0.078080,16384x1x32,64x1x1,256x1x32x1
kq_soft_max-24,kernel_soft_max_4,0.004096,64x32x1,64x1x1,256x1x32x1
kqv-24,kernel_mul_mat_f16_f32_l4,0.040192,8192x1x32,64x1x1,128x1x32x1
kqv_out-24,kernel_cpy_f32_f32,0.001792,2048x1x1,64x1x1,4096x1x1x1
attn_out-24,kernel_gemv_noshuffle,0.147200,2048x4x1,64x4x1,4096x1x1x1
ffn_inp-24,kernel_add_row,0.002048,1024x0x0,64x0x0,4096x1x1x1
ffn_norm-24,kernel_rms_norm_mul,0.006144,1024x1x1,1024x1x1,4096x1x1x1
ffn_gate-24,kernel_gemv_noshuffle,0.540160,7168x4x1,64x4x1,14336x1x1x1
ffn_up-24,kernel_gemv_noshuffle,0.541184,7168x4x1,64x4x1,14336x1x1x1
ffn_swiglu-24,kernel_swiglu,0.011008,512x1x1,512x1x1,14336x1x1x1
ffn_out-24,kernel_gemv_noshuffle,0.510976,2048x4x1,64x4x1,4096x1x1x1
l_out-24,kernel_add_row,0.001792,1024x0x0,64x0x0,4096x1x1x1
attn_norm-25,kernel_rms_norm_mul,0.006144,1024x1x1,1024x1x1,4096x1x1x1
Qcur-25,kernel_gemv_noshuffle,0.150016,2048x4x1,64x4x1,4096x1x1x1
Qcur-25,kernel_rope_norm_f32,0.003072,2048x1x1,64x1x1,128x32x1x1
Vcur-25,kernel_gemv_noshuffle,0.060160,512x4x1,64x4x1,1024x1x1x1
Kcur-25,kernel_gemv_noshuffle,0.060928,512x4x1,64x4x1,1024x1x1x1
Kcur-25,kernel_rope_norm_f32,0.002048,512x1x1,64x1x1,128x8x1x1
cache_k_l25 (view),kernel_set_rows_f16_i64,0.003072,1024x1x1,1024x1x1,1024x4096x1x1
cache_v_l25 (reshaped) (view),kernel_set_rows_f16_i64,0.008960,16x64x1,1x64x1,1x4194304x1x1
kq-25,kernel_mul_mat_f16_f32_l4,0.078080,16384x1x32,64x1x1,256x1x32x1
kq_soft_max-25,kernel_soft_max_4,0.003840,64x32x1,64x1x1,256x1x32x1
kqv-25,kernel_mul_mat_f16_f32_l4,0.039936,8192x1x32,64x1x1,128x1x32x1
kqv_out-25,kernel_cpy_f32_f32,0.002048,2048x1x1,64x1x1,4096x1x1x1
attn_out-25,kernel_gemv_noshuffle,0.145920,2048x4x1,64x4x1,4096x1x1x1
ffn_inp-25,kernel_add_row,0.002048,1024x0x0,64x0x0,4096x1x1x1
ffn_norm-25,kernel_rms_norm_mul,0.005888,1024x1x1,1024x1x1,4096x1x1x1
ffn_gate-25,kernel_gemv_noshuffle,0.552960,7168x4x1,64x4x1,14336x1x1x1
ffn_up-25,kernel_gemv_noshuffle,0.538112,7168x4x1,64x4x1,14336x1x1x1
ffn_swiglu-25,kernel_swiglu,0.011008,512x1x1,512x1x1,14336x1x1x1
ffn_out-25,kernel_gemv_noshuffle,0.512000,2048x4x1,64x4x1,4096x1x1x1
l_out-25,kernel_add_row,0.002048,1024x0x0,64x0x0,4096x1x1x1
attn_norm-26,kernel_rms_norm_mul,0.005888,1024x1x1,1024x1x1,4096x1x1x1
Qcur-26,kernel_gemv_noshuffle,0.150016,2048x4x1,64x4x1,4096x1x1x1
Qcur-26,kernel_rope_norm_f32,0.003072,2048x1x1,64x1x1,128x32x1x1
Vcur-26,kernel_gemv_noshuffle,0.061952,512x4x1,64x4x1,1024x1x1x1
Kcur-26,kernel_gemv_noshuffle,0.059904,512x4x1,64x4x1,1024x1x1x1
Kcur-26,kernel_rope_norm_f32,0.002048,512x1x1,64x1x1,128x8x1x1
cache_k_l26 (view),kernel_set_rows_f16_i64,0.003072,1024x1x1,1024x1x1,1024x4096x1x1
cache_v_l26 (reshaped) (view),kernel_set_rows_f16_i64,0.007936,16x64x1,1x64x1,1x4194304x1x1
kq-26,kernel_mul_mat_f16_f32_l4,0.077056,16384x1x32,64x1x1,256x1x32x1
kq_soft_max-26,kernel_soft_max_4,0.004096,64x32x1,64x1x1,256x1x32x1
kqv-26,kernel_mul_mat_f16_f32_l4,0.040960,8192x1x32,64x1x1,128x1x32x1
kqv_out-26,kernel_cpy_f32_f32,0.002048,2048x1x1,64x1x1,4096x1x1x1
attn_out-26,kernel_gemv_noshuffle,0.150016,2048x4x1,64x4x1,4096x1x1x1
ffn_inp-26,kernel_add_row,0.002048,1024x0x0,64x0x0,4096x1x1x1
ffn_norm-26,kernel_rms_norm_mul,0.005888,1024x1x1,1024x1x1,4096x1x1x1
ffn_gate-26,kernel_gemv_noshuffle,0.551168,7168x4x1,64x4x1,14336x1x1x1
ffn_up-26,kernel_gemv_noshuffle,0.549120,7168x4x1,64x4x1,14336x1x1x1
ffn_swiglu-26,kernel_swiglu,0.012032,512x1x1,512x1x1,14336x1x1x1
ffn_out-26,kernel_gemv_noshuffle,0.516864,2048x4x1,64x4x1,4096x1x1x1
l_out-26,kernel_add_row,0.002048,1024x0x0,64x0x0,4096x1x1x1
attn_norm-27,kernel_rms_norm_mul,0.005888,1024x1x1,1024x1x1,4096x1x1x1
Qcur-27,kernel_gemv_noshuffle,0.147968,2048x4x1,64x4x1,4096x1x1x1
Qcur-27,kernel_rope_norm_f32,0.003072,2048x1x1,64x1x1,128x32x1x1
Vcur-27,kernel_gemv_noshuffle,0.059904,512x4x1,64x4x1,1024x1x1x1
Kcur-27,kernel_gemv_noshuffle,0.059904,512x4x1,64x4x1,1024x1x1x1
Kcur-27,kernel_rope_norm_f32,0.002048,512x1x1,64x1x1,128x8x1x1
cache_k_l27 (view),kernel_set_rows_f16_i64,0.003072,1024x1x1,1024x1x1,1024x4096x1x1
cache_v_l27 (reshaped) (view),kernel_set_rows_f16_i64,0.006912,16x64x1,1x64x1,1x4194304x1x1
kq-27,kernel_mul_mat_f16_f32_l4,0.077056,16384x1x32,64x1x1,256x1x32x1
kq_soft_max-27,kernel_soft_max_4,0.003840,64x32x1,64x1x1,256x1x32x1
kqv-27,kernel_mul_mat_f16_f32_l4,0.040960,8192x1x32,64x1x1,128x1x32x1
kqv_out-27,kernel_cpy_f32_f32,0.002048,2048x1x1,64x1x1,4096x1x1x1
attn_out-27,kernel_gemv_noshuffle,0.146944,2048x4x1,64x4x1,4096x1x1x1
ffn_inp-27,kernel_add_row,0.002048,1024x0x0,64x0x0,4096x1x1x1
ffn_norm-27,kernel_rms_norm_mul,0.005888,1024x1x1,1024x1x1,4096x1x1x1
ffn_gate-27,kernel_gemv_noshuffle,0.542976,7168x4x1,64x4x1,14336x1x1x1
ffn_up-27,kernel_gemv_noshuffle,0.555008,7168x4x1,64x4x1,14336x1x1x1
ffn_swiglu-27,kernel_swiglu,0.012032,512x1x1,512x1x1,14336x1x1x1
ffn_out-27,kernel_gemv_noshuffle,0.521984,2048x4x1,64x4x1,4096x1x1x1
l_out-27,kernel_add_row,0.002816,1024x0x0,64x0x0,4096x1x1x1
attn_norm-28,kernel_rms_norm_mul,0.005888,1024x1x1,1024x1x1,4096x1x1x1
Qcur-28,kernel_gemv_noshuffle,0.153088,2048x4x1,64x4x1,4096x1x1x1
Qcur-28,kernel_rope_norm_f32,0.003072,2048x1x1,64x1x1,128x32x1x1
Vcur-28,kernel_gemv_noshuffle,0.062208,512x4x1,64x4x1,1024x1x1x1
Kcur-28,kernel_gemv_noshuffle,0.060928,512x4x1,64x4x1,1024x1x1x1
Kcur-28,kernel_rope_norm_f32,0.002048,512x1x1,64x1x1,128x8x1x1
cache_k_l28 (view),kernel_set_rows_f16_i64,0.002816,1024x1x1,1024x1x1,1024x4096x1x1
cache_v_l28 (reshaped) (view),kernel_set_rows_f16_i64,0.007168,16x64x1,1x64x1,1x4194304x1x1
kq-28,kernel_mul_mat_f16_f32_l4,0.077056,16384x1x32,64x1x1,256x1x32x1
kq_soft_max-28,kernel_soft_max_4,0.003840,64x32x1,64x1x1,256x1x32x1
kqv-28,kernel_mul_mat_f16_f32_l4,0.040192,8192x1x32,64x1x1,128x1x32x1
kqv_out-28,kernel_cpy_f32_f32,0.002048,2048x1x1,64x1x1,4096x1x1x1
attn_out-28,kernel_gemv_noshuffle,0.154112,2048x4x1,64x4x1,4096x1x1x1
ffn_inp-28,kernel_add_row,0.002048,1024x0x0,64x0x0,4096x1x1x1
ffn_norm-28,kernel_rms_norm_mul,0.006144,1024x1x1,1024x1x1,4096x1x1x1
ffn_gate-28,kernel_gemv_noshuffle,0.542976,7168x4x1,64x4x1,14336x1x1x1
ffn_up-28,kernel_gemv_noshuffle,0.545792,7168x4x1,64x4x1,14336x1x1x1
ffn_swiglu-28,kernel_swiglu,0.011008,512x1x1,512x1x1,14336x1x1x1
ffn_out-28,kernel_gemv_noshuffle,0.547072,2048x4x1,64x4x1,4096x1x1x1
l_out-28,kernel_add_row,0.002048,1024x0x0,64x0x0,4096x1x1x1
attn_norm-29,kernel_rms_norm_mul,0.005888,1024x1x1,1024x1x1,4096x1x1x1
Qcur-29,kernel_gemv_noshuffle,0.158976,2048x4x1,64x4x1,4096x1x1x1
Qcur-29,kernel_rope_norm_f32,0.003072,2048x1x1,64x1x1,128x32x1x1
Vcur-29,kernel_gemv_noshuffle,0.060928,512x4x1,64x4x1,1024x1x1x1
Kcur-29,kernel_gemv_noshuffle,0.059904,512x4x1,64x4x1,1024x1x1x1
Kcur-29,kernel_rope_norm_f32,0.002048,512x1x1,64x1x1,128x8x1x1
cache_k_l29 (view),kernel_set_rows_f16_i64,0.002816,1024x1x1,1024x1x1,1024x4096x1x1
cache_v_l29 (reshaped) (view),kernel_set_rows_f16_i64,0.007168,16x64x1,1x64x1,1x4194304x1x1
kq-29,kernel_mul_mat_f16_f32_l4,0.077824,16384x1x32,64x1x1,256x1x32x1
kq_soft_max-29,kernel_soft_max_4,0.004096,64x32x1,64x1x1,256x1x32x1
kqv-29,kernel_mul_mat_f16_f32_l4,0.040960,8192x1x32,64x1x1,128x1x32x1
kqv_out-29,kernel_cpy_f32_f32,0.002048,2048x1x1,64x1x1,4096x1x1x1
attn_out-29,kernel_gemv_noshuffle,0.158976,2048x4x1,64x4x1,4096x1x1x1
ffn_inp-29,kernel_add_row,0.002048,1024x0x0,64x0x0,4096x1x1x1
ffn_norm-29,kernel_rms_norm_mul,0.005888,1024x1x1,1024x1x1,4096x1x1x1
ffn_gate-29,kernel_gemv_noshuffle,0.551936,7168x4x1,64x4x1,14336x1x1x1
ffn_up-29,kernel_gemv_noshuffle,0.541184,7168x4x1,64x4x1,14336x1x1x1
ffn_swiglu-29,kernel_swiglu,0.011008,512x1x1,512x1x1,14336x1x1x1
ffn_out-29,kernel_gemv_noshuffle,0.524032,2048x4x1,64x4x1,4096x1x1x1
l_out-29,kernel_add_row,0.002048,1024x0x0,64x0x0,4096x1x1x1
attn_norm-30,kernel_rms_norm_mul,0.005888,1024x1x1,1024x1x1,4096x1x1x1
Qcur-30,kernel_gemv_noshuffle,0.151040,2048x4x1,64x4x1,4096x1x1x1
Qcur-30,kernel_rope_norm_f32,0.002048,2048x1x1,64x1x1,128x32x1x1
Vcur-30,kernel_gemv_noshuffle,0.062208,512x4x1,64x4x1,1024x1x1x1
Kcur-30,kernel_gemv_noshuffle,0.059904,512x4x1,64x4x1,1024x1x1x1
Kcur-30,kernel_rope_norm_f32,0.002048,512x1x1,64x1x1,128x8x1x1
cache_k_l30 (view),kernel_set_rows_f16_i64,0.002816,1024x1x1,1024x1x1,1024x4096x1x1
cache_v_l30 (reshaped) (view),kernel_set_rows_f16_i64,0.007168,16x64x1,1x64x1,1x4194304x1x1
kq-30,kernel_mul_mat_f16_f32_l4,0.077056,16384x1x32,64x1x1,256x1x32x1
kq_soft_max-30,kernel_soft_max_4,0.003840,64x32x1,64x1x1,256x1x32x1
kqv-30,kernel_mul_mat_f16_f32_l4,0.040192,8192x1x32,64x1x1,128x1x32x1
kqv_out-30,kernel_cpy_f32_f32,0.002048,2048x1x1,64x1x1,4096x1x1x1
attn_out-30,kernel_gemv_noshuffle,0.151040,2048x4x1,64x4x1,4096x1x1x1
ffn_inp-30,kernel_add_row,0.002048,1024x0x0,64x0x0,4096x1x1x1
ffn_norm-30,kernel_rms_norm_mul,0.005888,1024x1x1,1024x1x1,4096x1x1x1
ffn_gate-30,kernel_gemv_noshuffle,0.555008,7168x4x1,64x4x1,14336x1x1x1
ffn_up-30,kernel_gemv_noshuffle,0.547840,7168x4x1,64x4x1,14336x1x1x1
ffn_swiglu-30,kernel_swiglu,0.011008,512x1x1,512x1x1,14336x1x1x1
ffn_out-30,kernel_gemv_noshuffle,0.514048,2048x4x1,64x4x1,4096x1x1x1
l_out-30,kernel_add_row,0.002816,1024x0x0,64x0x0,4096x1x1x1
attn_norm-31,kernel_rms_norm_mul,0.006144,1024x1x1,1024x1x1,4096x1x1x1
Qcur-31,kernel_gemv_noshuffle,0.150016,2048x4x1,64x4x1,4096x1x1x1
Qcur-31,kernel_rope_norm_f32,0.002816,2048x1x1,64x1x1,128x32x1x1
Vcur-31,kernel_gemv_noshuffle,0.061184,512x4x1,64x4x1,1024x1x1x1
Kcur-31,kernel_gemv_noshuffle,0.060160,512x4x1,64x4x1,1024x1x1x1
Kcur-31,kernel_rope_norm_f32,0.002048,512x1x1,64x1x1,128x8x1x1
cache_k_l31 (view),kernel_set_rows_f16_i64,0.003072,1024x1x1,1024x1x1,1024x4096x1x1
cache_v_l31 (reshaped) (view),kernel_set_rows_f16_i64,0.007936,16x64x1,1x64x1,1x4194304x1x1
kq-31,kernel_mul_mat_f16_f32_l4,0.078080,16384x1x32,64x1x1,256x1x32x1
kq_soft_max-31,kernel_soft_max_4,0.003840,64x32x1,64x1x1,256x1x32x1
kqv-31,kernel_mul_mat_f16_f32_l4,0.040960,8192x1x32,64x1x1,128x1x32x1
kqv_out-31,kernel_cpy_f32_f32,0.003072,2048x1x1,64x1x1,4096x1x1x1
attn_out-31,kernel_gemv_noshuffle,0.147968,2048x4x1,64x4x1,4096x1x1x1
node_1145,kernel_get_rows_f32,0.016896,64x1x1,64x1x1,4096x1x1x1
node_1146,kernel_get_rows_f32,0.017920,64x1x1,64x1x1,4096x1x1x1
ffn_inp-31,kernel_add_row,0.002048,1024x0x0,64x0x0,4096x1x1x1
ffn_norm-31,kernel_rms_norm_mul,0.006144,1024x1x1,1024x1x1,4096x1x1x1
ffn_gate-31,kernel_gemv_noshuffle,0.540928,7168x4x1,64x4x1,14336x1x1x1
ffn_up-31,kernel_gemv_noshuffle,0.552960,7168x4x1,64x4x1,14336x1x1x1
ffn_swiglu-31,kernel_swiglu,0.011008,512x1x1,512x1x1,14336x1x1x1
ffn_out-31,kernel_gemv_noshuffle,0.519168,2048x4x1,64x4x1,4096x1x1x1
l_out-31,kernel_add_row,0.001792,1024x0x0,64x0x0,4096x1x1x1
result_norm,kernel_rms_norm_mul,0.006144,1024x1x1,1024x1x1,4096x1x1x1
result_output,kernel_transpose_32_16,0.005888,4096x2x0,16x1x0,128256x1x1x1
result_output,kernel_mul_mat_Ab_Bi_8x4,5.899008,1x32064x4,1x32x4,128256x1x1x1
attn_norm-0,kernel_rms_norm_mul,0.007936,1024x1x1,1024x1x1,4096x1x1x1
Qcur-0,kernel_gemv_noshuffle,0.160000,2048x4x1,64x4x1,4096x1x1x1
Qcur-0,kernel_rope_norm_f32,0.003072,2048x1x1,64x1x1,128x32x1x1
Vcur-0,kernel_gemv_noshuffle,0.061952,512x4x1,64x4x1,1024x1x1x1
Kcur-0,kernel_gemv_noshuffle,0.059904,512x4x1,64x4x1,1024x1x1x1
Kcur-0,kernel_rope_norm_f32,0.003072,512x1x1,64x1x1,128x8x1x1
cache_k_l0 (view),kernel_set_rows_f16_i64,0.003072,1024x1x1,1024x1x1,1024x4096x1x1
cache_v_l0 (reshaped) (view),kernel_set_rows_f16_i64,0.006912,16x64x1,1x64x1,1x4194304x1x1
kq-0,kernel_mul_mat_f16_f32_l4,0.077056,16384x1x32,64x1x1,256x1x32x1
kq_soft_max-0,kernel_soft_max_4,0.004864,64x32x1,64x1x1,256x1x32x1
kqv-0,kernel_mul_mat_f16_f32_l4,0.040192,8192x1x32,64x1x1,128x1x32x1
kqv_out-0,kernel_cpy_f32_f32,0.002048,2048x1x1,64x1x1,4096x1x1x1
attn_out-0,kernel_gemv_noshuffle,0.153088,2048x4x1,64x4x1,4096x1x1x1
ffn_inp-0,kernel_add_row,0.002048,1024x0x0,64x0x0,4096x1x1x1
ffn_norm-0,kernel_rms_norm_mul,0.006144,1024x1x1,1024x1x1,4096x1x1x1
ffn_gate-0,kernel_gemv_noshuffle,0.550912,7168x4x1,64x4x1,14336x1x1x1
ffn_up-0,kernel_gemv_noshuffle,0.560896,7168x4x1,64x4x1,14336x1x1x1
ffn_swiglu-0,kernel_swiglu,0.011008,512x1x1,512x1x1,14336x1x1x1
ffn_out-0,kernel_gemv_noshuffle,0.525056,2048x4x1,64x4x1,4096x1x1x1
l_out-0,kernel_add_row,0.001792,1024x0x0,64x0x0,4096x1x1x1
attn_norm-1,kernel_rms_norm_mul,0.006144,1024x1x1,1024x1x1,4096x1x1x1
Qcur-1,kernel_gemv_noshuffle,0.157952,2048x4x1,64x4x1,4096x1x1x1
Qcur-1,kernel_rope_norm_f32,0.003072,2048x1x1,64x1x1,128x32x1x1
Vcur-1,kernel_gemv_noshuffle,0.062976,512x4x1,64x4x1,1024x1x1x1
Kcur-1,kernel_gemv_noshuffle,0.061184,512x4x1,64x4x1,1024x1x1x1
Kcur-1,kernel_rope_norm_f32,0.002048,512x1x1,64x1x1,128x8x1x1
cache_k_l1 (view),kernel_set_rows_f16_i64,0.003072,1024x1x1,1024x1x1,1024x4096x1x1
cache_v_l1 (reshaped) (view),kernel_set_rows_f16_i64,0.007936,16x64x1,1x64x1,1x4194304x1x1
kq-1,kernel_mul_mat_f16_f32_l4,0.078080,16384x1x32,64x1x1,256x1x32x1
kq_soft_max-1,kernel_soft_max_4,0.003840,64x32x1,64x1x1,256x1x32x1
kqv-1,kernel_mul_mat_f16_f32_l4,0.040192,8192x1x32,64x1x1,128x1x32x1
kqv_out-1,kernel_cpy_f32_f32,0.002048,2048x1x1,64x1x1,4096x1x1x1
attn_out-1,kernel_gemv_noshuffle,0.151808,2048x4x1,64x4x1,4096x1x1x1
ffn_inp-1,kernel_add_row,0.002048,1024x0x0,64x0x0,4096x1x1x1
ffn_norm-1,kernel_rms_norm_mul,0.006144,1024x1x1,1024x1x1,4096x1x1x1
ffn_gate-1,kernel_gemv_noshuffle,0.569856,7168x4x1,64x4x1,14336x1x1x1
ffn_up-1,kernel_gemv_noshuffle,0.547072,7168x4x1,64x4x1,14336x1x1x1
ffn_swiglu-1,kernel_swiglu,0.011008,512x1x1,512x1x1,14336x1x1x1
ffn_out-1,kernel_gemv_noshuffle,0.524800,2048x4x1,64x4x1,4096x1x1x1
l_out-1,kernel_add_row,0.002048,1024x0x0,64x0x0,4096x1x1x1
attn_norm-2,kernel_rms_norm_mul,0.005888,1024x1x1,1024x1x1,4096x1x1x1
Qcur-2,kernel_gemv_noshuffle,0.151040,2048x4x1,64x4x1,4096x1x1x1
Qcur-2,kernel_rope_norm_f32,0.002048,2048x1x1,64x1x1,128x32x1x1
Vcur-2,kernel_gemv_noshuffle,0.061184,512x4x1,64x4x1,1024x1x1x1
Kcur-2,kernel_gemv_noshuffle,0.058880,512x4x1,64x4x1,1024x1x1x1
Kcur-2,kernel_rope_norm_f32,0.002048,512x1x1,64x1x1,128x8x1x1
cache_k_l2 (view),kernel_set_rows_f16_i64,0.002816,1024x1x1,1024x1x1,1024x4096x1x1
cache_v_l2 (reshaped) (view),kernel_set_rows_f16_i64,0.008192,16x64x1,1x64x1,1x4194304x1x1
kq-2,kernel_mul_mat_f16_f32_l4,0.077056,16384x1x32,64x1x1,256x1x32x1
kq_soft_max-2,kernel_soft_max_4,0.004096,64x32x1,64x1x1,256x1x32x1
kqv-2,kernel_mul_mat_f16_f32_l4,0.039936,8192x1x32,64x1x1,128x1x32x1
kqv_out-2,kernel_cpy_f32_f32,0.001792,2048x1x1,64x1x1,4096x1x1x1
attn_out-2,kernel_gemv_noshuffle,0.151040,2048x4x1,64x4x1,4096x1x1x1
ffn_inp-2,kernel_add_row,0.002048,1024x0x0,64x0x0,4096x1x1x1
ffn_norm-2,kernel_rms_norm_mul,0.005888,1024x1x1,1024x1x1,4096x1x1x1
ffn_gate-2,kernel_gemv_noshuffle,0.562176,7168x4x1,64x4x1,14336x1x1x1
ffn_up-2,kernel_gemv_noshuffle,0.552960,7168x4x1,64x4x1,14336x1x1x1
ffn_swiglu-2,kernel_swiglu,0.011008,512x1x1,512x1x1,14336x1x1x1
ffn_out-2,kernel_gemv_noshuffle,0.523008,2048x4x1,64x4x1,4096x1x1x1
l_out-2,kernel_add_row,0.002048,1024x0x0,64x0x0,4096x1x1x1
attn_norm-3,kernel_rms_norm_mul,0.005888,1024x1x1,1024x1x1,4096x1x1x1
Qcur-3,kernel_gemv_noshuffle,0.146944,2048x4x1,64x4x1,4096x1x1x1
Qcur-3,kernel_rope_norm_f32,0.003072,2048x1x1,64x1x1,128x32x1x1
Vcur-3,kernel_gemv_noshuffle,0.060928,512x4x1,64x4x1,1024x1x1x1
Kcur-3,kernel_gemv_noshuffle,0.060928,512x4x1,64x4x1,1024x1x1x1
Kcur-3,kernel_rope_norm_f32,0.002048,512x1x1,64x1x1,128x8x1x1
cache_k_l3 (view),kernel_set_rows_f16_i64,0.003072,1024x1x1,1024x1x1,1024x4096x1x1
cache_v_l3 (reshaped) (view),kernel_set_rows_f16_i64,0.006912,16x64x1,1x64x1,1x4194304x1x1
kq-3,kernel_mul_mat_f16_f32_l4,0.077824,16384x1x32,64x1x1,256x1x32x1
kq_soft_max-3,kernel_soft_max_4,0.004096,64x32x1,64x1x1,256x1x32x1
kqv-3,kernel_mul_mat_f16_f32_l4,0.039936,8192x1x32,64x1x1,128x1x32x1
kqv_out-3,kernel_cpy_f32_f32,0.002048,2048x1x1,64x1x1,4096x1x1x1
attn_out-3,kernel_gemv_noshuffle,0.148992,2048x4x1,64x4x1,4096x1x1x1
ffn_inp-3,kernel_add_row,0.002048,1024x0x0,64x0x0,4096x1x1x1
ffn_norm-3,kernel_rms_norm_mul,0.005888,1024x1x1,1024x1x1,4096x1x1x1
ffn_gate-3,kernel_gemv_noshuffle,0.552192,7168x4x1,64x4x1,14336x1x1x1
ffn_up-3,kernel_gemv_noshuffle,0.541952,7168x4x1,64x4x1,14336x1x1x1
ffn_swiglu-3,kernel_swiglu,0.011776,512x1x1,512x1x1,14336x1x1x1
ffn_out-3,kernel_gemv_noshuffle,0.525056,2048x4x1,64x4x1,4096x1x1x1
l_out-3,kernel_add_row,0.002048,1024x0x0,64x0x0,4096x1x1x1
attn_norm-4,kernel_rms_norm_mul,0.005888,1024x1x1,1024x1x1,4096x1x1x1
Qcur-4,kernel_gemv_noshuffle,0.154112,2048x4x1,64x4x1,4096x1x1x1
Qcur-4,kernel_rope_norm_f32,0.003072,2048x1x1,64x1x1,128x32x1x1
Vcur-4,kernel_gemv_noshuffle,0.061952,512x4x1,64x4x1,1024x1x1x1
Kcur-4,kernel_gemv_noshuffle,0.060928,512x4x1,64x4x1,1024x1x1x1
Kcur-4,kernel_rope_norm_f32,0.002048,512x1x1,64x1x1,128x8x1x1
cache_k_l4 (view),kernel_set_rows_f16_i64,0.003072,1024x1x1,1024x1x1,1024x4096x1x1
cache_v_l4 (reshaped) (view),kernel_set_rows_f16_i64,0.007936,16x64x1,1x64x1,1x4194304x1x1
kq-4,kernel_mul_mat_f16_f32_l4,0.077824,16384x1x32,64x1x1,256x1x32x1
kq_soft_max-4,kernel_soft_max_4,0.004096,64x32x1,64x1x1,256x1x32x1
kqv-4,kernel_mul_mat_f16_f32_l4,0.039936,8192x1x32,64x1x1,128x1x32x1
kqv_out-4,kernel_cpy_f32_f32,0.002048,2048x1x1,64x1x1,4096x1x1x1
attn_out-4,kernel_gemv_noshuffle,0.152832,2048x4x1,64x4x1,4096x1x1x1
ffn_inp-4,kernel_add_row,0.002048,1024x0x0,64x0x0,4096x1x1x1
ffn_norm-4,kernel_rms_norm_mul,0.005888,1024x1x1,1024x1x1,4096x1x1x1
ffn_gate-4,kernel_gemv_noshuffle,0.556032,7168x4x1,64x4x1,14336x1x1x1
ffn_up-4,kernel_gemv_noshuffle,0.551936,7168x4x1,64x4x1,14336x1x1x1
ffn_swiglu-4,kernel_swiglu,0.012032,512x1x1,512x1x1,14336x1x1x1
ffn_out-4,kernel_gemv_noshuffle,0.526848,2048x4x1,64x4x1,4096x1x1x1
l_out-4,kernel_add_row,0.002048,1024x0x0,64x0x0,4096x1x1x1
attn_norm-5,kernel_rms_norm_mul,0.006144,1024x1x1,1024x1x1,4096x1x1x1
Qcur-5,kernel_gemv_noshuffle,0.155136,2048x4x1,64x4x1,4096x1x1x1
Qcur-5,kernel_rope_norm_f32,0.003072,2048x1x1,64x1x1,128x32x1x1
Vcur-5,kernel_gemv_noshuffle,0.060928,512x4x1,64x4x1,1024x1x1x1
Kcur-5,kernel_gemv_noshuffle,0.062208,512x4x1,64x4x1,1024x1x1x1
Kcur-5,kernel_rope_norm_f32,0.001792,512x1x1,64x1x1,128x8x1x1
cache_k_l5 (view),kernel_set_rows_f16_i64,0.003072,1024x1x1,1024x1x1,1024x4096x1x1
cache_v_l5 (reshaped) (view),kernel_set_rows_f16_i64,0.006912,16x64x1,1x64x1,1x4194304x1x1
kq-5,kernel_mul_mat_f16_f32_l4,0.078080,16384x1x32,64x1x1,256x1x32x1
kq_soft_max-5,kernel_soft_max_4,0.003840,64x32x1,64x1x1,256x1x32x1
kqv-5,kernel_mul_mat_f16_f32_l4,0.041216,8192x1x32,64x1x1,128x1x32x1
kqv_out-5,kernel_cpy_f32_f32,0.001792,2048x1x1,64x1x1,4096x1x1x1
attn_out-5,kernel_gemv_noshuffle,0.152064,2048x4x1,64x4x1,4096x1x1x1
ffn_inp-5,kernel_add_row,0.002048,1024x0x0,64x0x0,4096x1x1x1
ffn_norm-5,kernel_rms_norm_mul,0.006144,1024x1x1,1024x1x1,4096x1x1x1
ffn_gate-5,kernel_gemv_noshuffle,0.547840,7168x4x1,64x4x1,14336x1x1x1
ffn_up-5,kernel_gemv_noshuffle,0.551168,7168x4x1,64x4x1,14336x1x1x1
ffn_swiglu-5,kernel_swiglu,0.011776,512x1x1,512x1x1,14336x1x1x1
ffn_out-5,kernel_gemv_noshuffle,0.530176,2048x4x1,64x4x1,4096x1x1x1
l_out-5,kernel_add_row,0.002048,1024x0x0,64x0x0,4096x1x1x1
attn_norm-6,kernel_rms_norm_mul,0.005888,1024x1x1,1024x1x1,4096x1x1x1
Qcur-6,kernel_gemv_noshuffle,0.153088,2048x4x1,64x4x1,4096x1x1x1
Qcur-6,kernel_rope_norm_f32,0.002048,2048x1x1,64x1x1,128x32x1x1
Vcur-6,kernel_gemv_noshuffle,0.060928,512x4x1,64x4x1,1024x1x1x1
Kcur-6,kernel_gemv_noshuffle,0.060928,512x4x1,64x4x1,1024x1x1x1
Kcur-6,kernel_rope_norm_f32,0.002048,512x1x1,64x1x1,128x8x1x1
cache_k_l6 (view),kernel_set_rows_f16_i64,0.003072,1024x1x1,1024x1x1,1024x4096x1x1
cache_v_l6 (reshaped) (view),kernel_set_rows_f16_i64,0.007936,16x64x1,1x64x1,1x4194304x1x1
kq-6,kernel_mul_mat_f16_f32_l4,0.077056,16384x1x32,64x1x1,256x1x32x1
kq_soft_max-6,kernel_soft_max_4,0.004096,64x32x1,64x1x1,256x1x32x1
kqv-6,kernel_mul_mat_f16_f32_l4,0.039936,8192x1x32,64x1x1,128x1x32x1
kqv_out-6,kernel_cpy_f32_f32,0.002048,2048x1x1,64x1x1,4096x1x1x1
attn_out-6,kernel_gemv_noshuffle,0.154112,2048x4x1,64x4x1,4096x1x1x1
ffn_inp-6,kernel_add_row,0.002048,1024x0x0,64x0x0,4096x1x1x1
ffn_norm-6,kernel_rms_norm_mul,0.005888,1024x1x1,1024x1x1,4096x1x1x1
ffn_gate-6,kernel_gemv_noshuffle,0.566016,7168x4x1,64x4x1,14336x1x1x1
ffn_up-6,kernel_gemv_noshuffle,0.546816,7168x4x1,64x4x1,14336x1x1x1
ffn_swiglu-6,kernel_swiglu,0.011008,512x1x1,512x1x1,14336x1x1x1
ffn_out-6,kernel_gemv_noshuffle,0.526080,2048x4x1,64x4x1,4096x1x1x1
l_out-6,kernel_add_row,0.002048,1024x0x0,64x0x0,4096x1x1x1
attn_norm-7,kernel_rms_norm_mul,0.005888,1024x1x1,1024x1x1,4096x1x1x1
Qcur-7,kernel_gemv_noshuffle,0.154112,2048x4x1,64x4x1,4096x1x1x1
Qcur-7,kernel_rope_norm_f32,0.002816,2048x1x1,64x1x1,128x32x1x1
Vcur-7,kernel_gemv_noshuffle,0.061952,512x4x1,64x4x1,1024x1x1x1
Kcur-7,kernel_gemv_noshuffle,0.061952,512x4x1,64x4x1,1024x1x1x1
Kcur-7,kernel_rope_norm_f32,0.002048,512x1x1,64x1x1,128x8x1x1
cache_k_l7 (view),kernel_set_rows_f16_i64,0.002816,1024x1x1,1024x1x1,1024x4096x1x1
cache_v_l7 (reshaped) (view),kernel_set_rows_f16_i64,0.007168,16x64x1,1x64x1,1x4194304x1x1
kq-7,kernel_mul_mat_f16_f32_l4,0.078080,16384x1x32,64x1x1,256x1x32x1
kq_soft_max-7,kernel_soft_max_4,0.004096,64x32x1,64x1x1,256x1x32x1
kqv-7,kernel_mul_mat_f16_f32_l4,0.039936,8192x1x32,64x1x1,128x1x32x1
kqv_out-7,kernel_cpy_f32_f32,0.002048,2048x1x1,64x1x1,4096x1x1x1
attn_out-7,kernel_gemv_noshuffle,0.154112,2048x4x1,64x4x1,4096x1x1x1
ffn_inp-7,kernel_add_row,0.002048,1024x0x0,64x0x0,4096x1x1x1
ffn_norm-7,kernel_rms_norm_mul,0.005888,1024x1x1,1024x1x1,4096x1x1x1
ffn_gate-7,kernel_gemv_noshuffle,0.559872,7168x4x1,64x4x1,14336x1x1x1
ffn_up-7,kernel_gemv_noshuffle,0.562176,7168x4x1,64x4x1,14336x1x1x1
ffn_swiglu-7,kernel_swiglu,0.012032,512x1x1,512x1x1,14336x1x1x1
ffn_out-7,kernel_gemv_noshuffle,0.526080,2048x4x1,64x4x1,4096x1x1x1
l_out-7,kernel_add_row,0.002048,1024x0x0,64x0x0,4096x1x1x1
attn_norm-8,kernel_rms_norm_mul,0.006144,1024x1x1,1024x1x1,4096x1x1x1
Qcur-8,kernel_gemv_noshuffle,0.154880,2048x4x1,64x4x1,4096x1x1x1
Qcur-8,kernel_rope_norm_f32,0.003072,2048x1x1,64x1x1,128x32x1x1
Vcur-8,kernel_gemv_noshuffle,0.061952,512x4x1,64x4x1,1024x1x1x1
Kcur-8,kernel_gemv_noshuffle,0.059904,512x4x1,64x4x1,1024x1x1x1
Kcur-8,kernel_rope_norm_f32,0.002048,512x1x1,64x1x1,128x8x1x1
cache_k_l8 (view),kernel_set_rows_f16_i64,0.002816,1024x1x1,1024x1x1,1024x4096x1x1
cache_v_l8 (reshaped) (view),kernel_set_rows_f16_i64,0.008192,16x64x1,1x64x1,1x4194304x1x1
kq-8,kernel_mul_mat_f16_f32_l4,0.078080,16384x1x32,64x1x1,256x1x32x1
kq_soft_max-8,kernel_soft_max_4,0.004096,64x32x1,64x1x1,256x1x32x1
kqv-8,kernel_mul_mat_f16_f32_l4,0.040192,8192x1x32,64x1x1,128x1x32x1
kqv_out-8,kernel_cpy_f32_f32,0.001792,2048x1x1,64x1x1,4096x1x1x1
attn_out-8,kernel_gemv_noshuffle,0.154112,2048x4x1,64x4x1,4096x1x1x1
ffn_inp-8,kernel_add_row,0.002048,1024x0x0,64x0x0,4096x1x1x1
ffn_norm-8,kernel_rms_norm_mul,0.006144,1024x1x1,1024x1x1,4096x1x1x1
ffn_gate-8,kernel_gemv_noshuffle,0.553984,7168x4x1,64x4x1,14336x1x1x1
ffn_up-8,kernel_gemv_noshuffle,0.551936,7168x4x1,64x4x1,14336x1x1x1
ffn_swiglu-8,kernel_swiglu,0.011008,512x1x1,512x1x1,14336x1x1x1
ffn_out-8,kernel_gemv_noshuffle,0.526848,2048x4x1,64x4x1,4096x1x1x1
l_out-8,kernel_add_row,0.002048,1024x0x0,64x0x0,4096x1x1x1
attn_norm-9,kernel_rms_norm_mul,0.005888,1024x1x1,1024x1x1,4096x1x1x1
Qcur-9,kernel_gemv_noshuffle,0.150016,2048x4x1,64x4x1,4096x1x1x1
Qcur-9,kernel_rope_norm_f32,0.002048,2048x1x1,64x1x1,128x32x1x1
Vcur-9,kernel_gemv_noshuffle,0.060928,512x4x1,64x4x1,1024x1x1x1
Kcur-9,kernel_gemv_noshuffle,0.060928,512x4x1,64x4x1,1024x1x1x1
Kcur-9,kernel_rope_norm_f32,0.002048,512x1x1,64x1x1,128x8x1x1
cache_k_l9 (view),kernel_set_rows_f16_i64,0.003072,1024x1x1,1024x1x1,1024x4096x1x1
cache_v_l9 (reshaped) (view),kernel_set_rows_f16_i64,0.007936,16x64x1,1x64x1,1x4194304x1x1
kq-9,kernel_mul_mat_f16_f32_l4,0.077824,16384x1x32,64x1x1,256x1x32x1
kq_soft_max-9,kernel_soft_max_4,0.004096,64x32x1,64x1x1,256x1x32x1
kqv-9,kernel_mul_mat_f16_f32_l4,0.040960,8192x1x32,64x1x1,128x1x32x1
kqv_out-9,kernel_cpy_f32_f32,0.002048,2048x1x1,64x1x1,4096x1x1x1
attn_out-9,kernel_gemv_noshuffle,0.150016,2048x4x1,64x4x1,4096x1x1x1
ffn_inp-9,kernel_add_row,0.002048,1024x0x0,64x0x0,4096x1x1x1
ffn_norm-9,kernel_rms_norm_mul,0.005888,1024x1x1,1024x1x1,4096x1x1x1
ffn_gate-9,kernel_gemv_noshuffle,0.542976,7168x4x1,64x4x1,14336x1x1x1
ffn_up-9,kernel_gemv_noshuffle,0.552192,7168x4x1,64x4x1,14336x1x1x1
ffn_swiglu-9,kernel_swiglu,0.012032,512x1x1,512x1x1,14336x1x1x1
ffn_out-9,kernel_gemv_noshuffle,0.518144,2048x4x1,64x4x1,4096x1x1x1
l_out-9,kernel_add_row,0.002048,1024x0x0,64x0x0,4096x1x1x1
attn_norm-10,kernel_rms_norm_mul,0.006144,1024x1x1,1024x1x1,4096x1x1x1
Qcur-10,kernel_gemv_noshuffle,0.151040,2048x4x1,64x4x1,4096x1x1x1
Qcur-10,kernel_rope_norm_f32,0.002048,2048x1x1,64x1x1,128x32x1x1
Vcur-10,kernel_gemv_noshuffle,0.061952,512x4x1,64x4x1,1024x1x1x1
Kcur-10,kernel_gemv_noshuffle,0.060928,512x4x1,64x4x1,1024x1x1x1
Kcur-10,kernel_rope_norm_f32,0.002048,512x1x1,64x1x1,128x8x1x1
cache_k_l10 (view),kernel_set_rows_f16_i64,0.003072,1024x1x1,1024x1x1,1024x4096x1x1
cache_v_l10 (reshaped) (view),kernel_set_rows_f16_i64,0.007936,16x64x1,1x64x1,1x4194304x1x1
kq-10,kernel_mul_mat_f16_f32_l4,0.077824,16384x1x32,64x1x1,256x1x32x1
kq_soft_max-10,kernel_soft_max_4,0.004096,64x32x1,64x1x1,256x1x32x1
kqv-10,kernel_mul_mat_f16_f32_l4,0.039936,8192x1x32,64x1x1,128x1x32x1
kqv_out-10,kernel_cpy_f32_f32,0.002048,2048x1x1,64x1x1,4096x1x1x1
attn_out-10,kernel_gemv_noshuffle,0.151808,2048x4x1,64x4x1,4096x1x1x1
ffn_inp-10,kernel_add_row,0.002048,1024x0x0,64x0x0,4096x1x1x1
ffn_norm-10,kernel_rms_norm_mul,0.005888,1024x1x1,1024x1x1,4096x1x1x1
ffn_gate-10,kernel_gemv_noshuffle,0.552192,7168x4x1,64x4x1,14336x1x1x1
ffn_up-10,kernel_gemv_noshuffle,0.551936,7168x4x1,64x4x1,14336x1x1x1
ffn_swiglu-10,kernel_swiglu,0.011008,512x1x1,512x1x1,14336x1x1x1
ffn_out-10,kernel_gemv_noshuffle,0.516096,2048x4x1,64x4x1,4096x1x1x1
l_out-10,kernel_add_row,0.002048,1024x0x0,64x0x0,4096x1x1x1
attn_norm-11,kernel_rms_norm_mul,0.005888,1024x1x1,1024x1x1,4096x1x1x1
Qcur-11,kernel_gemv_noshuffle,0.153088,2048x4x1,64x4x1,4096x1x1x1
Qcur-11,kernel_rope_norm_f32,0.002048,2048x1x1,64x1x1,128x32x1x1
Vcur-11,kernel_gemv_noshuffle,0.061952,512x4x1,64x4x1,1024x1x1x1
Kcur-11,kernel_gemv_noshuffle,0.060928,512x4x1,64x4x1,1024x1x1x1
Kcur-11,kernel_rope_norm_f32,0.002048,512x1x1,64x1x1,128x8x1x1
cache_k_l11 (view),kernel_set_rows_f16_i64,0.003072,1024x1x1,1024x1x1,1024x4096x1x1
cache_v_l11 (reshaped) (view),kernel_set_rows_f16_i64,0.006912,16x64x1,1x64x1,1x4194304x1x1
kq-11,kernel_mul_mat_f16_f32_l4,0.078080,16384x1x32,64x1x1,256x1x32x1
kq_soft_max-11,kernel_soft_max_4,0.003840,64x32x1,64x1x1,256x1x32x1
kqv-11,kernel_mul_mat_f16_f32_l4,0.040960,8192x1x32,64x1x1,128x1x32x1
kqv_out-11,kernel_cpy_f32_f32,0.002048,2048x1x1,64x1x1,4096x1x1x1
attn_out-11,kernel_gemv_noshuffle,0.147968,2048x4x1,64x4x1,4096x1x1x1
ffn_inp-11,kernel_add_row,0.001792,1024x0x0,64x0x0,4096x1x1x1
ffn_norm-11,kernel_rms_norm_mul,0.006144,1024x1x1,1024x1x1,4096x1x1x1
ffn_gate-11,kernel_gemv_noshuffle,0.539904,7168x4x1,64x4x1,14336x1x1x1
ffn_up-11,kernel_gemv_noshuffle,0.558080,7168x4x1,64x4x1,14336x1x1x1
ffn_swiglu-11,kernel_swiglu,0.011776,512x1x1,512x1x1,14336x1x1x1
ffn_out-11,kernel_gemv_noshuffle,0.517120,2048x4x1,64x4x1,4096x1x1x1
l_out-11,kernel_add_row,0.002048,1024x0x0,64x0x0,4096x1x1x1
attn_norm-12,kernel_rms_norm_mul,0.006144,1024x1x1,1024x1x1,4096x1x1x1
Qcur-12,kernel_gemv_noshuffle,0.148992,2048x4x1,64x4x1,4096x1x1x1
Qcur-12,kernel_rope_norm_f32,0.002816,2048x1x1,64x1x1,128x32x1x1
Vcur-12,kernel_gemv_noshuffle,0.061952,512x4x1,64x4x1,1024x1x1x1
Kcur-12,kernel_gemv_noshuffle,0.060160,512x4x1,64x4x1,1024x1x1x1
Kcur-12,kernel_rope_norm_f32,0.001792,512x1x1,64x1x1,128x8x1x1
cache_k_l12 (view),kernel_set_rows_f16_i64,0.003072,1024x1x1,1024x1x1,1024x4096x1x1
cache_v_l12 (reshaped) (view),kernel_set_rows_f16_i64,0.007936,16x64x1,1x64x1,1x4194304x1x1
kq-12,kernel_mul_mat_f16_f32_l4,0.077056,16384x1x32,64x1x1,256x1x32x1
kq_soft_max-12,kernel_soft_max_4,0.004096,64x32x1,64x1x1,256x1x32x1
kqv-12,kernel_mul_mat_f16_f32_l4,0.039936,8192x1x32,64x1x1,128x1x32x1
kqv_out-12,kernel_cpy_f32_f32,0.002048,2048x1x1,64x1x1,4096x1x1x1
attn_out-12,kernel_gemv_noshuffle,0.153856,2048x4x1,64x4x1,4096x1x1x1
ffn_inp-12,kernel_add_row,0.002048,1024x0x0,64x0x0,4096x1x1x1
ffn_norm-12,kernel_rms_norm_mul,0.006144,1024x1x1,1024x1x1,4096x1x1x1
ffn_gate-12,kernel_gemv_noshuffle,0.542208,7168x4x1,64x4x1,14336x1x1x1
ffn_up-12,kernel_gemv_noshuffle,0.541952,7168x4x1,64x4x1,14336x1x1x1
ffn_swiglu-12,kernel_swiglu,0.012032,512x1x1,512x1x1,14336x1x1x1
ffn_out-12,kernel_gemv_noshuffle,0.520960,2048x4x1,64x4x1,4096x1x1x1
l_out-12,kernel_add_row,0.002048,1024x0x0,64x0x0,4096x1x1x1
attn_norm-13,kernel_rms_norm_mul,0.006144,1024x1x1,1024x1x1,4096x1x1x1
Qcur-13,kernel_gemv_noshuffle,0.152064,2048x4x1,64x4x1,4096x1x1x1
Qcur-13,kernel_rope_norm_f32,0.003072,2048x1x1,64x1x1,128x32x1x1
Vcur-13,kernel_gemv_noshuffle,0.059904,512x4x1,64x4x1,1024x1x1x1
Kcur-13,kernel_gemv_noshuffle,0.059904,512x4x1,64x4x1,1024x1x1x1
Kcur-13,kernel_rope_norm_f32,0.002048,512x1x1,64x1x1,128x8x1x1
cache_k_l13 (view),kernel_set_rows_f16_i64,0.002816,1024x1x1,1024x1x1,1024x4096x1x1
cache_v_l13 (reshaped) (view),kernel_set_rows_f16_i64,0.008192,16x64x1,1x64x1,1x4194304x1x1
kq-13,kernel_mul_mat_f16_f32_l4,0.077824,16384x1x32,64x1x1,256x1x32x1
kq_soft_max-13,kernel_soft_max_4,0.004096,64x32x1,64x1x1,256x1x32x1
kqv-13,kernel_mul_mat_f16_f32_l4,0.039936,8192x1x32,64x1x1,128x1x32x1
kqv_out-13,kernel_cpy_f32_f32,0.002048,2048x1x1,64x1x1,4096x1x1x1
attn_out-13,kernel_gemv_noshuffle,0.151040,2048x4x1,64x4x1,4096x1x1x1
ffn_inp-13,kernel_add_row,0.002048,1024x0x0,64x0x0,4096x1x1x1
ffn_norm-13,kernel_rms_norm_mul,0.005888,1024x1x1,1024x1x1,4096x1x1x1
ffn_gate-13,kernel_gemv_noshuffle,0.553984,7168x4x1,64x4x1,14336x1x1x1
ffn_up-13,kernel_gemv_noshuffle,0.546048,7168x4x1,64x4x1,14336x1x1x1
ffn_swiglu-13,kernel_swiglu,0.011008,512x1x1,512x1x1,14336x1x1x1
ffn_out-13,kernel_gemv_noshuffle,0.512000,2048x4x1,64x4x1,4096x1x1x1
l_out-13,kernel_add_row,0.002048,1024x0x0,64x0x0,4096x1x1x1
attn_norm-14,kernel_rms_norm_mul,0.005888,1024x1x1,1024x1x1,4096x1x1x1
Qcur-14,kernel_gemv_noshuffle,0.153088,2048x4x1,64x4x1,4096x1x1x1
Qcur-14,kernel_rope_norm_f32,0.003072,2048x1x1,64x1x1,128x32x1x1
Vcur-14,kernel_gemv_noshuffle,0.061952,512x4x1,64x4x1,1024x1x1x1
Kcur-14,kernel_gemv_noshuffle,0.060928,512x4x1,64x4x1,1024x1x1x1
Kcur-14,kernel_rope_norm_f32,0.002048,512x1x1,64x1x1,128x8x1x1
cache_k_l14 (view),kernel_set_rows_f16_i64,0.002816,1024x1x1,1024x1x1,1024x4096x1x1
cache_v_l14 (reshaped) (view),kernel_set_rows_f16_i64,0.007168,16x64x1,1x64x1,1x4194304x1x1
kq-14,kernel_mul_mat_f16_f32_l4,0.078080,16384x1x32,64x1x1,256x1x32x1
kq_soft_max-14,kernel_soft_max_4,0.003840,64x32x1,64x1x1,256x1x32x1
kqv-14,kernel_mul_mat_f16_f32_l4,0.040192,8192x1x32,64x1x1,128x1x32x1
kqv_out-14,kernel_cpy_f32_f32,0.001792,2048x1x1,64x1x1,4096x1x1x1
attn_out-14,kernel_gemv_noshuffle,0.153088,2048x4x1,64x4x1,4096x1x1x1
ffn_inp-14,kernel_add_row,0.002048,1024x0x0,64x0x0,4096x1x1x1
ffn_norm-14,kernel_rms_norm_mul,0.005888,1024x1x1,1024x1x1,4096x1x1x1
ffn_gate-14,kernel_gemv_noshuffle,0.552960,7168x4x1,64x4x1,14336x1x1x1
ffn_up-14,kernel_gemv_noshuffle,0.552960,7168x4x1,64x4x1,14336x1x1x1
ffn_swiglu-14,kernel_swiglu,0.012032,512x1x1,512x1x1,14336x1x1x1
ffn_out-14,kernel_gemv_noshuffle,0.510976,2048x4x1,64x4x1,4096x1x1x1
l_out-14,kernel_add_row,0.001792,1024x0x0,64x0x0,4096x1x1x1
attn_norm-15,kernel_rms_norm_mul,0.006144,1024x1x1,1024x1x1,4096x1x1x1
Qcur-15,kernel_gemv_noshuffle,0.143872,2048x4x1,64x4x1,4096x1x1x1
Qcur-15,kernel_rope_norm_f32,0.003072,2048x1x1,64x1x1,128x32x1x1
Vcur-15,kernel_gemv_noshuffle,0.059904,512x4x1,64x4x1,1024x1x1x1
Kcur-15,kernel_gemv_noshuffle,0.059904,512x4x1,64x4x1,1024x1x1x1
Kcur-15,kernel_rope_norm_f32,0.003072,512x1x1,64x1x1,128x8x1x1
cache_k_l15 (view),kernel_set_rows_f16_i64,0.003072,1024x1x1,1024x1x1,1024x4096x1x1
cache_v_l15 (reshaped) (view),kernel_set_rows_f16_i64,0.007168,16x64x1,1x64x1,1x4194304x1x1
kq-15,kernel_mul_mat_f16_f32_l4,0.077824,16384x1x32,64x1x1,256x1x32x1
kq_soft_max-15,kernel_soft_max_4,0.004096,64x32x1,64x1x1,256x1x32x1
kqv-15,kernel_mul_mat_f16_f32_l4,0.040960,8192x1x32,64x1x1,128x1x32x1
kqv_out-15,kernel_cpy_f32_f32,0.002048,2048x1x1,64x1x1,4096x1x1x1
attn_out-15,kernel_gemv_noshuffle,0.145152,2048x4x1,64x4x1,4096x1x1x1
ffn_inp-15,kernel_add_row,0.002048,1024x0x0,64x0x0,4096x1x1x1
ffn_norm-15,kernel_rms_norm_mul,0.005888,1024x1x1,1024x1x1,4096x1x1x1
ffn_gate-15,kernel_gemv_noshuffle,0.544000,7168x4x1,64x4x1,14336x1x1x1
ffn_up-15,kernel_gemv_noshuffle,0.535040,7168x4x1,64x4x1,14336x1x1x1
ffn_swiglu-15,kernel_swiglu,0.011008,512x1x1,512x1x1,14336x1x1x1
ffn_out-15,kernel_gemv_noshuffle,0.508928,2048x4x1,64x4x1,4096x1x1x1
l_out-15,kernel_add_row,0.002048,1024x0x0,64x0x0,4096x1x1x1
attn_norm-16,kernel_rms_norm_mul,0.006144,1024x1x1,1024x1x1,4096x1x1x1
Qcur-16,kernel_gemv_noshuffle,0.150784,2048x4x1,64x4x1,4096x1x1x1
Qcur-16,kernel_rope_norm_f32,0.002048,2048x1x1,64x1x1,128x32x1x1
Vcur-16,kernel_gemv_noshuffle,0.060928,512x4x1,64x4x1,1024x1x1x1
Kcur-16,kernel_gemv_noshuffle,0.060160,512x4x1,64x4x1,1024x1x1x1
Kcur-16,kernel_rope_norm_f32,0.001792,512x1x1,64x1x1,128x8x1x1
cache_k_l16 (view),kernel_set_rows_f16_i64,0.003072,1024x1x1,1024x1x1,1024x4096x1x1
cache_v_l16 (reshaped) (view),kernel_set_rows_f16_i64,0.006912,16x64x1,1x64x1,1x4194304x1x1
kq-16,kernel_mul_mat_f16_f32_l4,0.077056,16384x1x32,64x1x1,256x1x32x1
kq_soft_max-16,kernel_soft_max_4,0.003840,64x32x1,64x1x1,256x1x32x1
kqv-16,kernel_mul_mat_f16_f32_l4,0.039936,8192x1x32,64x1x1,128x1x32x1
kqv_out-16,kernel_cpy_f32_f32,0.002048,2048x1x1,64x1x1,4096x1x1x1
attn_out-16,kernel_gemv_noshuffle,0.147968,2048x4x1,64x4x1,4096x1x1x1
ffn_inp-16,kernel_add_row,0.002048,1024x0x0,64x0x0,4096x1x1x1
ffn_norm-16,kernel_rms_norm_mul,0.005888,1024x1x1,1024x1x1,4096x1x1x1
ffn_gate-16,kernel_gemv_noshuffle,0.529152,7168x4x1,64x4x1,14336x1x1x1
ffn_up-16,kernel_gemv_noshuffle,0.555008,7168x4x1,64x4x1,14336x1x1x1
ffn_swiglu-16,kernel_swiglu,0.012032,512x1x1,512x1x1,14336x1x1x1
ffn_out-16,kernel_gemv_noshuffle,0.514048,2048x4x1,64x4x1,4096x1x1x1
l_out-16,kernel_add_row,0.001792,1024x0x0,64x0x0,4096x1x1x1
attn_norm-17,kernel_rms_norm_mul,0.006144,1024x1x1,1024x1x1,4096x1x1x1
Qcur-17,kernel_gemv_noshuffle,0.150016,2048x4x1,64x4x1,4096x1x1x1
Qcur-17,kernel_rope_norm_f32,0.002816,2048x1x1,64x1x1,128x32x1x1
Vcur-17,kernel_gemv_noshuffle,0.061952,512x4x1,64x4x1,1024x1x1x1
Kcur-17,kernel_gemv_noshuffle,0.060928,512x4x1,64x4x1,1024x1x1x1
Kcur-17,kernel_rope_norm_f32,0.002048,512x1x1,64x1x1,128x8x1x1
cache_k_l17 (view),kernel_set_rows_f16_i64,0.003072,1024x1x1,1024x1x1,1024x4096x1x1
cache_v_l17 (reshaped) (view),kernel_set_rows_f16_i64,0.008960,16x64x1,1x64x1,1x4194304x1x1
kq-17,kernel_mul_mat_f16_f32_l4,0.077056,16384x1x32,64x1x1,256x1x32x1
kq_soft_max-17,kernel_soft_max_4,0.004096,64x32x1,64x1x1,256x1x32x1
kqv-17,kernel_mul_mat_f16_f32_l4,0.039936,8192x1x32,64x1x1,128x1x32x1
kqv_out-17,kernel_cpy_f32_f32,0.002048,2048x1x1,64x1x1,4096x1x1x1
attn_out-17,kernel_gemv_noshuffle,0.147968,2048x4x1,64x4x1,4096x1x1x1
ffn_inp-17,kernel_add_row,0.001792,1024x0x0,64x0x0,4096x1x1x1
ffn_norm-17,kernel_rms_norm_mul,0.006144,1024x1x1,1024x1x1,4096x1x1x1
ffn_gate-17,kernel_gemv_noshuffle,0.545024,7168x4x1,64x4x1,14336x1x1x1
ffn_up-17,kernel_gemv_noshuffle,0.542976,7168x4x1,64x4x1,14336x1x1x1
ffn_swiglu-17,kernel_swiglu,0.012032,512x1x1,512x1x1,14336x1x1x1
ffn_out-17,kernel_gemv_noshuffle,0.516096,2048x4x1,64x4x1,4096x1x1x1
l_out-17,kernel_add_row,0.002048,1024x0x0,64x0x0,4096x1x1x1
attn_norm-18,kernel_rms_norm_mul,0.006144,1024x1x1,1024x1x1,4096x1x1x1
Qcur-18,kernel_gemv_noshuffle,0.146944,2048x4x1,64x4x1,4096x1x1x1
Qcur-18,kernel_rope_norm_f32,0.002816,2048x1x1,64x1x1,128x32x1x1
Vcur-18,kernel_gemv_noshuffle,0.060160,512x4x1,64x4x1,1024x1x1x1
Kcur-18,kernel_gemv_noshuffle,0.058880,512x4x1,64x4x1,1024x1x1x1
Kcur-18,kernel_rope_norm_f32,0.002048,512x1x1,64x1x1,128x8x1x1
cache_k_l18 (view),kernel_set_rows_f16_i64,0.002816,1024x1x1,1024x1x1,1024x4096x1x1
cache_v_l18 (reshaped) (view),kernel_set_rows_f16_i64,0.007168,16x64x1,1x64x1,1x4194304x1x1
kq-18,kernel_mul_mat_f16_f32_l4,0.078080,16384x1x32,64x1x1,256x1x32x1
kq_soft_max-18,kernel_soft_max_4,0.004096,64x32x1,64x1x1,256x1x32x1
kqv-18,kernel_mul_mat_f16_f32_l4,0.039936,8192x1x32,64x1x1,128x1x32x1
kqv_out-18,kernel_cpy_f32_f32,0.001792,2048x1x1,64x1x1,4096x1x1x1
attn_out-18,kernel_gemv_noshuffle,0.148224,2048x4x1,64x4x1,4096x1x1x1
ffn_inp-18,kernel_add_row,0.001792,1024x0x0,64x0x0,4096x1x1x1
ffn_norm-18,kernel_rms_norm_mul,0.006144,1024x1x1,1024x1x1,4096x1x1x1
ffn_gate-18,kernel_gemv_noshuffle,0.542976,7168x4x1,64x4x1,14336x1x1x1
ffn_up-18,kernel_gemv_noshuffle,0.534016,7168x4x1,64x4x1,14336x1x1x1
ffn_swiglu-18,kernel_swiglu,0.012032,512x1x1,512x1x1,14336x1x1x1
ffn_out-18,kernel_gemv_noshuffle,0.515072,2048x4x1,64x4x1,4096x1x1x1
l_out-18,kernel_add_row,0.001792,1024x0x0,64x0x0,4096x1x1x1
attn_norm-19,kernel_rms_norm_mul,0.006144,1024x1x1,1024x1x1,4096x1x1x1
Qcur-19,kernel_gemv_noshuffle,0.147968,2048x4x1,64x4x1,4096x1x1x1
Qcur-19,kernel_rope_norm_f32,0.002816,2048x1x1,64x1x1,128x32x1x1
Vcur-19,kernel_gemv_noshuffle,0.060160,512x4x1,64x4x1,1024x1x1x1
Kcur-19,kernel_gemv_noshuffle,0.060160,512x4x1,64x4x1,1024x1x1x1
Kcur-19,kernel_rope_norm_f32,0.002048,512x1x1,64x1x1,128x8x1x1
cache_k_l19 (view),kernel_set_rows_f16_i64,0.003072,1024x1x1,1024x1x1,1024x4096x1x1
cache_v_l19 (reshaped) (view),kernel_set_rows_f16_i64,0.006912,16x64x1,1x64x1,1x4194304x1x1
kq-19,kernel_mul_mat_f16_f32_l4,0.078080,16384x1x32,64x1x1,256x1x32x1
kq_soft_max-19,kernel_soft_max_4,0.004096,64x32x1,64x1x1,256x1x32x1
kqv-19,kernel_mul_mat_f16_f32_l4,0.040192,8192x1x32,64x1x1,128x1x32x1
kqv_out-19,kernel_cpy_f32_f32,0.001792,2048x1x1,64x1x1,4096x1x1x1
attn_out-19,kernel_gemv_noshuffle,0.146944,2048x4x1,64x4x1,4096x1x1x1
ffn_inp-19,kernel_add_row,0.002048,1024x0x0,64x0x0,4096x1x1x1
ffn_norm-19,kernel_rms_norm_mul,0.005888,1024x1x1,1024x1x1,4096x1x1x1
ffn_gate-19,kernel_gemv_noshuffle,0.538112,7168x4x1,64x4x1,14336x1x1x1
ffn_up-19,kernel_gemv_noshuffle,0.553984,7168x4x1,64x4x1,14336x1x1x1
ffn_swiglu-19,kernel_swiglu,0.011008,512x1x1,512x1x1,14336x1x1x1
ffn_out-19,kernel_gemv_noshuffle,0.516864,2048x4x1,64x4x1,4096x1x1x1
l_out-19,kernel_add_row,0.002048,1024x0x0,64x0x0,4096x1x1x1
attn_norm-20,kernel_rms_norm_mul,0.006144,1024x1x1,1024x1x1,4096x1x1x1
Qcur-20,kernel_gemv_noshuffle,0.151040,2048x4x1,64x4x1,4096x1x1x1
Qcur-20,kernel_rope_norm_f32,0.002816,2048x1x1,64x1x1,128x32x1x1
Vcur-20,kernel_gemv_noshuffle,0.061184,512x4x1,64x4x1,1024x1x1x1
Kcur-20,kernel_gemv_noshuffle,0.059136,512x4x1,64x4x1,1024x1x1x1
Kcur-20,kernel_rope_norm_f32,0.002048,512x1x1,64x1x1,128x8x1x1
cache_k_l20 (view),kernel_set_rows_f16_i64,0.002816,1024x1x1,1024x1x1,1024x4096x1x1
cache_v_l20 (reshaped) (view),kernel_set_rows_f16_i64,0.007168,16x64x1,1x64x1,1x4194304x1x1
kq-20,kernel_mul_mat_f16_f32_l4,0.077056,16384x1x32,64x1x1,256x1x32x1
kq_soft_max-20,kernel_soft_max_4,0.003840,64x32x1,64x1x1,256x1x32x1
kqv-20,kernel_mul_mat_f16_f32_l4,0.040192,8192x1x32,64x1x1,128x1x32x1
kqv_out-20,kernel_cpy_f32_f32,0.002048,2048x1x1,64x1x1,4096x1x1x1
attn_out-20,kernel_gemv_noshuffle,0.146944,2048x4x1,64x4x1,4096x1x1x1
ffn_inp-20,kernel_add_row,0.002048,1024x0x0,64x0x0,4096x1x1x1
ffn_norm-20,kernel_rms_norm_mul,0.006144,1024x1x1,1024x1x1,4096x1x1x1
ffn_gate-20,kernel_gemv_noshuffle,0.545792,7168x4x1,64x4x1,14336x1x1x1
ffn_up-20,kernel_gemv_noshuffle,0.538880,7168x4x1,64x4x1,14336x1x1x1
ffn_swiglu-20,kernel_swiglu,0.011008,512x1x1,512x1x1,14336x1x1x1
ffn_out-20,kernel_gemv_noshuffle,0.507136,2048x4x1,64x4x1,4096x1x1x1
l_out-20,kernel_add_row,0.002048,1024x0x0,64x0x0,4096x1x1x1
attn_norm-21,kernel_rms_norm_mul,0.006144,1024x1x1,1024x1x1,4096x1x1x1
Qcur-21,kernel_gemv_noshuffle,0.146944,2048x4x1,64x4x1,4096x1x1x1
Qcur-21,kernel_rope_norm_f32,0.002816,2048x1x1,64x1x1,128x32x1x1
Vcur-21,kernel_gemv_noshuffle,0.060160,512x4x1,64x4x1,1024x1x1x1
Kcur-21,kernel_gemv_noshuffle,0.060160,512x4x1,64x4x1,1024x1x1x1
Kcur-21,kernel_rope_norm_f32,0.001792,512x1x1,64x1x1,128x8x1x1
cache_k_l21 (view),kernel_set_rows_f16_i64,0.003072,1024x1x1,1024x1x1,1024x4096x1x1
cache_v_l21 (reshaped) (view),kernel_set_rows_f16_i64,0.007936,16x64x1,1x64x1,1x4194304x1x1
kq-21,kernel_mul_mat_f16_f32_l4,0.078080,16384x1x32,64x1x1,256x1x32x1
kq_soft_max-21,kernel_soft_max_4,0.004096,64x32x1,64x1x1,256x1x32x1
kqv-21,kernel_mul_mat_f16_f32_l4,0.040192,8192x1x32,64x1x1,128x1x32x1
kqv_out-21,kernel_cpy_f32_f32,0.001792,2048x1x1,64x1x1,4096x1x1x1
attn_out-21,kernel_gemv_noshuffle,0.147968,2048x4x1,64x4x1,4096x1x1x1
ffn_inp-21,kernel_add_row,0.002048,1024x0x0,64x0x0,4096x1x1x1
ffn_norm-21,kernel_rms_norm_mul,0.005888,1024x1x1,1024x1x1,4096x1x1x1
ffn_gate-21,kernel_gemv_noshuffle,0.550912,7168x4x1,64x4x1,14336x1x1x1
ffn_up-21,kernel_gemv_noshuffle,0.547072,7168x4x1,64x4x1,14336x1x1x1
ffn_swiglu-21,kernel_swiglu,0.011008,512x1x1,512x1x1,14336x1x1x1
ffn_out-21,kernel_gemv_noshuffle,0.510976,2048x4x1,64x4x1,4096x1x1x1
l_out-21,kernel_add_row,0.002048,1024x0x0,64x0x0,4096x1x1x1
attn_norm-22,kernel_rms_norm_mul,0.006144,1024x1x1,1024x1x1,4096x1x1x1
Qcur-22,kernel_gemv_noshuffle,0.151040,2048x4x1,64x4x1,4096x1x1x1
Qcur-22,kernel_rope_norm_f32,0.002816,2048x1x1,64x1x1,128x32x1x1
Vcur-22,kernel_gemv_noshuffle,0.061184,512x4x1,64x4x1,1024x1x1x1
Kcur-22,kernel_gemv_noshuffle,0.060160,512x4x1,64x4x1,1024x1x1x1
Kcur-22,kernel_rope_norm_f32,0.002048,512x1x1,64x1x1,128x8x1x1
cache_k_l22 (view),kernel_set_rows_f16_i64,0.003072,1024x1x1,1024x1x1,1024x4096x1x1
cache_v_l22 (reshaped) (view),kernel_set_rows_f16_i64,0.007936,16x64x1,1x64x1,1x4194304x1x1
kq-22,kernel_mul_mat_f16_f32_l4,0.078080,16384x1x32,64x1x1,256x1x32x1
kq_soft_max-22,kernel_soft_max_4,0.003840,64x32x1,64x1x1,256x1x32x1
kqv-22,kernel_mul_mat_f16_f32_l4,0.039936,8192x1x32,64x1x1,128x1x32x1
kqv_out-22,kernel_cpy_f32_f32,0.002048,2048x1x1,64x1x1,4096x1x1x1
attn_out-22,kernel_gemv_noshuffle,0.152064,2048x4x1,64x4x1,4096x1x1x1
ffn_inp-22,kernel_add_row,0.002048,1024x0x0,64x0x0,4096x1x1x1
ffn_norm-22,kernel_rms_norm_mul,0.006144,1024x1x1,1024x1x1,4096x1x1x1
ffn_gate-22,kernel_gemv_noshuffle,0.537856,7168x4x1,64x4x1,14336x1x1x1
ffn_up-22,kernel_gemv_noshuffle,0.538112,7168x4x1,64x4x1,14336x1x1x1
ffn_swiglu-22,kernel_swiglu,0.011008,512x1x1,512x1x1,14336x1x1x1
ffn_out-22,kernel_gemv_noshuffle,0.510208,2048x4x1,64x4x1,4096x1x1x1
l_out-22,kernel_add_row,0.002048,1024x0x0,64x0x0,4096x1x1x1
attn_norm-23,kernel_rms_norm_mul,0.006144,1024x1x1,1024x1x1,4096x1x1x1
Qcur-23,kernel_gemv_noshuffle,0.145920,2048x4x1,64x4x1,4096x1x1x1
Qcur-23,kernel_rope_norm_f32,0.003072,2048x1x1,64x1x1,128x32x1x1
Vcur-23,kernel_gemv_noshuffle,0.059904,512x4x1,64x4x1,1024x1x1x1
Kcur-23,kernel_gemv_noshuffle,0.057856,512x4x1,64x4x1,1024x1x1x1
Kcur-23,kernel_rope_norm_f32,0.002048,512x1x1,64x1x1,128x8x1x1
cache_k_l23 (view),kernel_set_rows_f16_i64,0.002816,1024x1x1,1024x1x1,1024x4096x1x1
cache_v_l23 (reshaped) (view),kernel_set_rows_f16_i64,0.008192,16x64x1,1x64x1,1x4194304x1x1
kq-23,kernel_mul_mat_f16_f32_l4,0.076800,16384x1x32,64x1x1,256x1x32x1
kq_soft_max-23,kernel_soft_max_4,0.004096,64x32x1,64x1x1,256x1x32x1
kqv-23,kernel_mul_mat_f16_f32_l4,0.039936,8192x1x32,64x1x1,128x1x32x1
kqv_out-23,kernel_cpy_f32_f32,0.002048,2048x1x1,64x1x1,4096x1x1x1
attn_out-23,kernel_gemv_noshuffle,0.145152,2048x4x1,64x4x1,4096x1x1x1
ffn_inp-23,kernel_add_row,0.002048,1024x0x0,64x0x0,4096x1x1x1
ffn_norm-23,kernel_rms_norm_mul,0.006144,1024x1x1,1024x1x1,4096x1x1x1
ffn_gate-23,kernel_gemv_noshuffle,0.538880,7168x4x1,64x4x1,14336x1x1x1
ffn_up-23,kernel_gemv_noshuffle,0.550912,7168x4x1,64x4x1,14336x1x1x1
ffn_swiglu-23,kernel_swiglu,0.012032,512x1x1,512x1x1,14336x1x1x1
ffn_out-23,kernel_gemv_noshuffle,0.518912,2048x4x1,64x4x1,4096x1x1x1
l_out-23,kernel_add_row,0.002048,1024x0x0,64x0x0,4096x1x1x1
attn_norm-24,kernel_rms_norm_mul,0.005888,1024x1x1,1024x1x1,4096x1x1x1
Qcur-24,kernel_gemv_noshuffle,0.150016,2048x4x1,64x4x1,4096x1x1x1
Qcur-24,kernel_rope_norm_f32,0.002048,2048x1x1,64x1x1,128x32x1x1
Vcur-24,kernel_gemv_noshuffle,0.060928,512x4x1,64x4x1,1024x1x1x1
Kcur-24,kernel_gemv_noshuffle,0.059136,512x4x1,64x4x1,1024x1x1x1
Kcur-24,kernel_rope_norm_f32,0.001792,512x1x1,64x1x1,128x8x1x1
cache_k_l24 (view),kernel_set_rows_f16_i64,0.003072,1024x1x1,1024x1x1,1024x4096x1x1
cache_v_l24 (reshaped) (view),kernel_set_rows_f16_i64,0.006912,16x64x1,1x64x1,1x4194304x1x1
kq-24,kernel_mul_mat_f16_f32_l4,0.076800,16384x1x32,64x1x1,256x1x32x1
kq_soft_max-24,kernel_soft_max_4,0.004096,64x32x1,64x1x1,256x1x32x1
kqv-24,kernel_mul_mat_f16_f32_l4,0.039936,8192x1x32,64x1x1,128x1x32x1
kqv_out-24,kernel_cpy_f32_f32,0.002048,2048x1x1,64x1x1,4096x1x1x1
attn_out-24,kernel_gemv_noshuffle,0.147968,2048x4x1,64x4x1,4096x1x1x1
ffn_inp-24,kernel_add_row,0.002048,1024x0x0,64x0x0,4096x1x1x1
ffn_norm-24,kernel_rms_norm_mul,0.005888,1024x1x1,1024x1x1,4096x1x1x1
ffn_gate-24,kernel_gemv_noshuffle,0.548096,7168x4x1,64x4x1,14336x1x1x1
ffn_up-24,kernel_gemv_noshuffle,0.540160,7168x4x1,64x4x1,14336x1x1x1
ffn_swiglu-24,kernel_swiglu,0.011008,512x1x1,512x1x1,14336x1x1x1
ffn_out-24,kernel_gemv_noshuffle,0.512000,2048x4x1,64x4x1,4096x1x1x1
l_out-24,kernel_add_row,0.002048,1024x0x0,64x0x0,4096x1x1x1
attn_norm-25,kernel_rms_norm_mul,0.006144,1024x1x1,1024x1x1,4096x1x1x1
Qcur-25,kernel_gemv_noshuffle,0.148992,2048x4x1,64x4x1,4096x1x1x1
Qcur-25,kernel_rope_norm_f32,0.003072,2048x1x1,64x1x1,128x32x1x1
Vcur-25,kernel_gemv_noshuffle,0.060160,512x4x1,64x4x1,1024x1x1x1
Kcur-25,kernel_gemv_noshuffle,0.060928,512x4x1,64x4x1,1024x1x1x1
Kcur-25,kernel_rope_norm_f32,0.002048,512x1x1,64x1x1,128x8x1x1
cache_k_l25 (view),kernel_set_rows_f16_i64,0.003072,1024x1x1,1024x1x1,1024x4096x1x1
cache_v_l25 (reshaped) (view),kernel_set_rows_f16_i64,0.008960,16x64x1,1x64x1,1x4194304x1x1
kq-25,kernel_mul_mat_f16_f32_l4,0.077824,16384x1x32,64x1x1,256x1x32x1
kq_soft_max-25,kernel_soft_max_4,0.005120,64x32x1,64x1x1,256x1x32x1
kqv-25,kernel_mul_mat_f16_f32_l4,0.039936,8192x1x32,64x1x1,128x1x32x1
kqv_out-25,kernel_cpy_f32_f32,0.002048,2048x1x1,64x1x1,4096x1x1x1
attn_out-25,kernel_gemv_noshuffle,0.146944,2048x4x1,64x4x1,4096x1x1x1
ffn_inp-25,kernel_add_row,0.001792,1024x0x0,64x0x0,4096x1x1x1
ffn_norm-25,kernel_rms_norm_mul,0.006144,1024x1x1,1024x1x1,4096x1x1x1
ffn_gate-25,kernel_gemv_noshuffle,0.552960,7168x4x1,64x4x1,14336x1x1x1
ffn_up-25,kernel_gemv_noshuffle,0.538880,7168x4x1,64x4x1,14336x1x1x1
ffn_swiglu-25,kernel_swiglu,0.012032,512x1x1,512x1x1,14336x1x1x1
ffn_out-25,kernel_gemv_noshuffle,0.517120,2048x4x1,64x4x1,4096x1x1x1
l_out-25,kernel_add_row,0.001792,1024x0x0,64x0x0,4096x1x1x1
attn_norm-26,kernel_rms_norm_mul,0.005888,1024x1x1,1024x1x1,4096x1x1x1
Qcur-26,kernel_gemv_noshuffle,0.146176,2048x4x1,64x4x1,4096x1x1x1
Qcur-26,kernel_rope_norm_f32,0.003072,2048x1x1,64x1x1,128x32x1x1
Vcur-26,kernel_gemv_noshuffle,0.060928,512x4x1,64x4x1,1024x1x1x1
Kcur-26,kernel_gemv_noshuffle,0.061184,512x4x1,64x4x1,1024x1x1x1
Kcur-26,kernel_rope_norm_f32,0.001792,512x1x1,64x1x1,128x8x1x1
cache_k_l26 (view),kernel_set_rows_f16_i64,0.003072,1024x1x1,1024x1x1,1024x4096x1x1
cache_v_l26 (reshaped) (view),kernel_set_rows_f16_i64,0.007936,16x64x1,1x64x1,1x4194304x1x1
kq-26,kernel_mul_mat_f16_f32_l4,0.078080,16384x1x32,64x1x1,256x1x32x1
kq_soft_max-26,kernel_soft_max_4,0.003840,64x32x1,64x1x1,256x1x32x1
kqv-26,kernel_mul_mat_f16_f32_l4,0.039936,8192x1x32,64x1x1,128x1x32x1
kqv_out-26,kernel_cpy_f32_f32,0.002048,2048x1x1,64x1x1,4096x1x1x1
attn_out-26,kernel_gemv_noshuffle,0.148992,2048x4x1,64x4x1,4096x1x1x1
ffn_inp-26,kernel_add_row,0.002048,1024x0x0,64x0x0,4096x1x1x1
ffn_norm-26,kernel_rms_norm_mul,0.005888,1024x1x1,1024x1x1,4096x1x1x1
ffn_gate-26,kernel_gemv_noshuffle,0.542976,7168x4x1,64x4x1,14336x1x1x1
ffn_up-26,kernel_gemv_noshuffle,0.556032,7168x4x1,64x4x1,14336x1x1x1
ffn_swiglu-26,kernel_swiglu,0.012032,512x1x1,512x1x1,14336x1x1x1
ffn_out-26,kernel_gemv_noshuffle,0.514048,2048x4x1,64x4x1,4096x1x1x1
l_out-26,kernel_add_row,0.002048,1024x0x0,64x0x0,4096x1x1x1
attn_norm-27,kernel_rms_norm_mul,0.005888,1024x1x1,1024x1x1,4096x1x1x1
Qcur-27,kernel_gemv_noshuffle,0.147968,2048x4x1,64x4x1,4096x1x1x1
Qcur-27,kernel_rope_norm_f32,0.002048,2048x1x1,64x1x1,128x32x1x1
Vcur-27,kernel_gemv_noshuffle,0.059904,512x4x1,64x4x1,1024x1x1x1
Kcur-27,kernel_gemv_noshuffle,0.060928,512x4x1,64x4x1,1024x1x1x1
Kcur-27,kernel_rope_norm_f32,0.002048,512x1x1,64x1x1,128x8x1x1
cache_k_l27 (view),kernel_set_rows_f16_i64,0.003072,1024x1x1,1024x1x1,1024x4096x1x1
cache_v_l27 (reshaped) (view),kernel_set_rows_f16_i64,0.007168,16x64x1,1x64x1,1x4194304x1x1
kq-27,kernel_mul_mat_f16_f32_l4,0.076800,16384x1x32,64x1x1,256x1x32x1
kq_soft_max-27,kernel_soft_max_4,0.004096,64x32x1,64x1x1,256x1x32x1
kqv-27,kernel_mul_mat_f16_f32_l4,0.040960,8192x1x32,64x1x1,128x1x32x1
kqv_out-27,kernel_cpy_f32_f32,0.002048,2048x1x1,64x1x1,4096x1x1x1
attn_out-27,kernel_gemv_noshuffle,0.146176,2048x4x1,64x4x1,4096x1x1x1
ffn_inp-27,kernel_add_row,0.001792,1024x0x0,64x0x0,4096x1x1x1
ffn_norm-27,kernel_rms_norm_mul,0.006144,1024x1x1,1024x1x1,4096x1x1x1
ffn_gate-27,kernel_gemv_noshuffle,0.553984,7168x4x1,64x4x1,14336x1x1x1
ffn_up-27,kernel_gemv_noshuffle,0.538880,7168x4x1,64x4x1,14336x1x1x1
ffn_swiglu-27,kernel_swiglu,0.011008,512x1x1,512x1x1,14336x1x1x1
ffn_out-27,kernel_gemv_noshuffle,0.521984,2048x4x1,64x4x1,4096x1x1x1
l_out-27,kernel_add_row,0.002048,1024x0x0,64x0x0,4096x1x1x1
attn_norm-28,kernel_rms_norm_mul,0.005888,1024x1x1,1024x1x1,4096x1x1x1
Qcur-28,kernel_gemv_noshuffle,0.154880,2048x4x1,64x4x1,4096x1x1x1
Qcur-28,kernel_rope_norm_f32,0.003072,2048x1x1,64x1x1,128x32x1x1
Vcur-28,kernel_gemv_noshuffle,0.062976,512x4x1,64x4x1,1024x1x1x1
Kcur-28,kernel_gemv_noshuffle,0.060928,512x4x1,64x4x1,1024x1x1x1
Kcur-28,kernel_rope_norm_f32,0.002048,512x1x1,64x1x1,128x8x1x1
cache_k_l28 (view),kernel_set_rows_f16_i64,0.003072,1024x1x1,1024x1x1,1024x4096x1x1
cache_v_l28 (reshaped) (view),kernel_set_rows_f16_i64,0.006912,16x64x1,1x64x1,1x4194304x1x1
kq-28,kernel_mul_mat_f16_f32_l4,0.077056,16384x1x32,64x1x1,256x1x32x1
kq_soft_max-28,kernel_soft_max_4,0.004096,64x32x1,64x1x1,256x1x32x1
kqv-28,kernel_mul_mat_f16_f32_l4,0.040192,8192x1x32,64x1x1,128x1x32x1
kqv_out-28,kernel_cpy_f32_f32,0.001792,2048x1x1,64x1x1,4096x1x1x1
attn_out-28,kernel_gemv_noshuffle,0.153088,2048x4x1,64x4x1,4096x1x1x1
ffn_inp-28,kernel_add_row,0.002048,1024x0x0,64x0x0,4096x1x1x1
ffn_norm-28,kernel_rms_norm_mul,0.005888,1024x1x1,1024x1x1,4096x1x1x1
ffn_gate-28,kernel_gemv_noshuffle,0.545024,7168x4x1,64x4x1,14336x1x1x1
ffn_up-28,kernel_gemv_noshuffle,0.541952,7168x4x1,64x4x1,14336x1x1x1
ffn_swiglu-28,kernel_swiglu,0.011008,512x1x1,512x1x1,14336x1x1x1
ffn_out-28,kernel_gemv_noshuffle,0.525824,2048x4x1,64x4x1,4096x1x1x1
l_out-28,kernel_add_row,0.002048,1024x0x0,64x0x0,4096x1x1x1
attn_norm-29,kernel_rms_norm_mul,0.005888,1024x1x1,1024x1x1,4096x1x1x1
Qcur-29,kernel_gemv_noshuffle,0.151040,2048x4x1,64x4x1,4096x1x1x1
Qcur-29,kernel_rope_norm_f32,0.003072,2048x1x1,64x1x1,128x32x1x1
Vcur-29,kernel_gemv_noshuffle,0.059904,512x4x1,64x4x1,1024x1x1x1
Kcur-29,kernel_gemv_noshuffle,0.059904,512x4x1,64x4x1,1024x1x1x1
Kcur-29,kernel_rope_norm_f32,0.002048,512x1x1,64x1x1,128x8x1x1
cache_k_l29 (view),kernel_set_rows_f16_i64,0.002816,1024x1x1,1024x1x1,1024x4096x1x1
cache_v_l29 (reshaped) (view),kernel_set_rows_f16_i64,0.007168,16x64x1,1x64x1,1x4194304x1x1
kq-29,kernel_mul_mat_f16_f32_l4,0.077824,16384x1x32,64x1x1,256x1x32x1
kq_soft_max-29,kernel_soft_max_4,0.004096,64x32x1,64x1x1,256x1x32x1
kqv-29,kernel_mul_mat_f16_f32_l4,0.040960,8192x1x32,64x1x1,128x1x32x1
kqv_out-29,kernel_cpy_f32_f32,0.003072,2048x1x1,64x1x1,4096x1x1x1
attn_out-29,kernel_gemv_noshuffle,0.150016,2048x4x1,64x4x1,4096x1x1x1
ffn_inp-29,kernel_add_row,0.002048,1024x0x0,64x0x0,4096x1x1x1
ffn_norm-29,kernel_rms_norm_mul,0.005888,1024x1x1,1024x1x1,4096x1x1x1
ffn_gate-29,kernel_gemv_noshuffle,0.556032,7168x4x1,64x4x1,14336x1x1x1
ffn_up-29,kernel_gemv_noshuffle,0.561920,7168x4x1,64x4x1,14336x1x1x1
ffn_swiglu-29,kernel_swiglu,0.011008,512x1x1,512x1x1,14336x1x1x1
ffn_out-29,kernel_gemv_noshuffle,0.524032,2048x4x1,64x4x1,4096x1x1x1
l_out-29,kernel_add_row,0.002048,1024x0x0,64x0x0,4096x1x1x1
attn_norm-30,kernel_rms_norm_mul,0.006144,1024x1x1,1024x1x1,4096x1x1x1
Qcur-30,kernel_gemv_noshuffle,0.147968,2048x4x1,64x4x1,4096x1x1x1
Qcur-30,kernel_rope_norm_f32,0.002048,2048x1x1,64x1x1,128x32x1x1
Vcur-30,kernel_gemv_noshuffle,0.061952,512x4x1,64x4x1,1024x1x1x1
Kcur-30,kernel_gemv_noshuffle,0.059904,512x4x1,64x4x1,1024x1x1x1
Kcur-30,kernel_rope_norm_f32,0.002048,512x1x1,64x1x1,128x8x1x1
cache_k_l30 (view),kernel_set_rows_f16_i64,0.002816,1024x1x1,1024x1x1,1024x4096x1x1
cache_v_l30 (reshaped) (view),kernel_set_rows_f16_i64,0.007168,16x64x1,1x64x1,1x4194304x1x1
kq-30,kernel_mul_mat_f16_f32_l4,0.077056,16384x1x32,64x1x1,256x1x32x1
kq_soft_max-30,kernel_soft_max_4,0.003840,64x32x1,64x1x1,256x1x32x1
kqv-30,kernel_mul_mat_f16_f32_l4,0.040192,8192x1x32,64x1x1,128x1x32x1
kqv_out-30,kernel_cpy_f32_f32,0.002048,2048x1x1,64x1x1,4096x1x1x1
attn_out-30,kernel_gemv_noshuffle,0.151040,2048x4x1,64x4x1,4096x1x1x1
ffn_inp-30,kernel_add_row,0.002048,1024x0x0,64x0x0,4096x1x1x1
ffn_norm-30,kernel_rms_norm_mul,0.005888,1024x1x1,1024x1x1,4096x1x1x1
ffn_gate-30,kernel_gemv_noshuffle,0.540928,7168x4x1,64x4x1,14336x1x1x1
ffn_up-30,kernel_gemv_noshuffle,0.558080,7168x4x1,64x4x1,14336x1x1x1
ffn_swiglu-30,kernel_swiglu,0.011008,512x1x1,512x1x1,14336x1x1x1
ffn_out-30,kernel_gemv_noshuffle,0.512768,2048x4x1,64x4x1,4096x1x1x1
l_out-30,kernel_add_row,0.002048,1024x0x0,64x0x0,4096x1x1x1
attn_norm-31,kernel_rms_norm_mul,0.006144,1024x1x1,1024x1x1,4096x1x1x1
Qcur-31,kernel_gemv_noshuffle,0.149760,2048x4x1,64x4x1,4096x1x1x1
Qcur-31,kernel_rope_norm_f32,0.003072,2048x1x1,64x1x1,128x32x1x1
Vcur-31,kernel_gemv_noshuffle,0.060928,512x4x1,64x4x1,1024x1x1x1
Kcur-31,kernel_gemv_noshuffle,0.059904,512x4x1,64x4x1,1024x1x1x1
Kcur-31,kernel_rope_norm_f32,0.002048,512x1x1,64x1x1,128x8x1x1
cache_k_l31 (view),kernel_set_rows_f16_i64,0.002816,1024x1x1,1024x1x1,1024x4096x1x1
cache_v_l31 (reshaped) (view),kernel_set_rows_f16_i64,0.008192,16x64x1,1x64x1,1x4194304x1x1
kq-31,kernel_mul_mat_f16_f32_l4,0.077824,16384x1x32,64x1x1,256x1x32x1
kq_soft_max-31,kernel_soft_max_4,0.004096,64x32x1,64x1x1,256x1x32x1
kqv-31,kernel_mul_mat_f16_f32_l4,0.039936,8192x1x32,64x1x1,128x1x32x1
kqv_out-31,kernel_cpy_f32_f32,0.002048,2048x1x1,64x1x1,4096x1x1x1
attn_out-31,kernel_gemv_noshuffle,0.150016,2048x4x1,64x4x1,4096x1x1x1
node_1145,kernel_get_rows_f32,0.018176,64x1x1,64x1x1,4096x1x1x1
node_1146,kernel_get_rows_f32,0.017152,64x1x1,64x1x1,4096x1x1x1
ffn_inp-31,kernel_add_row,0.002048,1024x0x0,64x0x0,4096x1x1x1
ffn_norm-31,kernel_rms_norm_mul,0.005888,1024x1x1,1024x1x1,4096x1x1x1
ffn_gate-31,kernel_gemv_noshuffle,0.549888,7168x4x1,64x4x1,14336x1x1x1
ffn_up-31,kernel_gemv_noshuffle,0.541184,7168x4x1,64x4x1,14336x1x1x1
ffn_swiglu-31,kernel_swiglu,0.011008,512x1x1,512x1x1,14336x1x1x1
ffn_out-31,kernel_gemv_noshuffle,0.516096,2048x4x1,64x4x1,4096x1x1x1
l_out-31,kernel_add_row,0.001792,1024x0x0,64x0x0,4096x1x1x1
result_norm,kernel_rms_norm_mul,0.006144,1024x1x1,1024x1x1,4096x1x1x1
result_output,kernel_transpose_32_16,0.005888,4096x2x0,16x1x0,128256x1x1x1
result_output,kernel_mul_mat_Ab_Bi_8x4,5.699072,1x32064x4,1x32x4,128256x1x1x1
